date,gbp_usd_noon_rate,simple_return,log_return
1971-01-04,2.3938,,
1971-01-05,2.3949,0.00045952042777153146,0.00045941488059258047
1971-01-06,2.3967,0.0007515971439309155,0.0007513148362431113
1971-01-07,2.3963,-0.00016689614887133164,-0.00016691007758337284
1971-01-08,2.3972,0.0003755790176522833,0.00037550850550773516
1971-01-11,2.3992,0.0008343066911395969,0.0008339588507690772
1971-01-12,2.4001,0.0003751250416805796,0.00037505469987289753
1971-01-13,2.4021,0.0008332986125576536,0.0008329516120254693
1971-01-14,2.4071,0.00208151201032436,0.002079348665698195
1971-01-15,2.4057,-0.0005816127290099171,-0.0005817819313031761
1971-01-18,2.4052,-0.00020783971401261425,-0.00020786131567914932
1971-01-19,2.4081,0.0012057209379678913,0.0012049946402274045
1971-01-20,2.408,-4.15265146797017e-05,-4.1527376929283315e-05
1971-01-21,2.4092,0.0004983388704318248,0.0004982147408542834
1971-01-22,2.4103,0.00045658309812379727,0.00045647889577786455
1971-01-25,2.4147,0.0018254989005517253,0.0018238347024538296
1971-01-26,2.416,0.0005383691555886916,0.0005382242869077346
1971-01-27,2.4161,4.1390728476864425e-05,4.138987190429853e-05
1971-01-28,2.4169,0.00033111212284264724,0.00033105731732121515
1971-01-29,2.4174,0.00020687657743390098,0.00020685518142559336
1971-02-01,2.4184,0.0004136675767352216,0.0004135820398916001
1971-02-02,2.4181,-0.00012404895798878712,-0.0001240566526971298
1971-02-03,2.4184,0.00012406434804201893,0.00012405665269726342
1971-02-04,2.4167,-0.0007029440952696087,-0.0007031912763132373
1971-02-05,2.4147,-0.0008275747920719612,-0.0008279174211373584
1971-02-08,2.4182,0.0014494554188926312,0.0014484059723485448
1971-02-09,2.4151,-0.0012819452485320904,-0.0012827676432606858
1971-02-10,2.4159,0.0003312492236346998,0.0003311943727231674
1971-02-11,2.4158,-4.1392441740173425e-05,-4.139329843093046e-05
1971-02-12,2.4158,0.0,0.0
1971-02-15,2.4158,0.0,0.0
1971-02-16,2.4193,0.001448795430085248,0.0014477469385637746
1971-02-17,2.4193,0.0,0.0
1971-02-18,2.4191,-8.266854048688543e-05,-8.267195771901158e-05
1971-02-19,2.419,-4.133768756964251e-05,-4.133854199539605e-05
1971-02-22,2.4192,8.267879288959001e-05,8.267537518657292e-05
1971-02-23,2.4193,4.133597883582141e-05,4.133512452779061e-05
1971-02-24,2.4193,0.0,0.0
1971-02-25,2.4177,-0.0006613483238953055,-0.0006615671111664467
1971-02-26,2.416,-0.0007031476196385222,-0.0007033949438697829
1971-03-01,2.4162,8.278145695372885e-05,8.27780307580035e-05
1971-03-02,2.4184,0.0009105206522639353,0.0009101063797848629
1971-03-03,2.4193,0.0003721468739661393,0.0003720776444933933
1971-03-04,2.4179,-0.0005786797834083091,-0.000578847283176442
1971-03-05,2.4183,0.00016543281359848727,0.00016541913109958178
1971-03-08,2.4192,0.00037216226274661146,0.000372093027548991
1971-03-09,2.4188,-0.00016534391534395176,-0.0001653575861560669
1971-03-10,2.4192,0.00016537125847526646,0.00016535758615601994
1971-03-11,2.4188,-0.00016534391534395176,-0.0001653575861560669
1971-03-12,2.4193,0.00020671407309391654,0.00020669271068379883
1971-03-15,2.4193,0.0,0.0
1971-03-16,2.4183,-0.0004133427024345382,-0.00041342815207683477
1971-03-17,2.4194,0.00045486498780134,0.0004547615680829271
1971-03-18,2.419,-0.0001653302471686935,-0.00016534391572057872
1971-03-19,2.419,0.0,0.0
1971-03-22,2.4193,0.000124018189334274,0.00012401049971439305
1971-03-23,2.4193,0.0,0.0
1971-03-24,2.4194,4.133427024344272e-05,4.133341600603388e-05
1971-03-25,2.4185,-0.0003719930561296714,-0.0003720622627100194
1971-03-26,2.4188,0.00012404382881969767,0.00012403613602011984
1971-03-29,2.4194,0.00024805688771278867,0.0002480261266899017
1971-03-30,2.4181,-0.0005373233032983649,-0.0005374677131966847
1971-03-31,2.4168,-0.0005376121748480456,-0.0005377567400889956
1971-04-01,2.4147,-0.0008689175769612811,-0.0008692953046644023
1971-04-02,2.4125,-0.0009110862633038286,-0.0009115015546567444
1971-04-05,2.4161,0.0014922279792746185,0.0014911157134688373
1971-04-06,2.4189,0.0011588924299490433,0.0011582214324761739
1971-04-07,2.417,-0.0007854810037620785,-0.0007857896556030699
1971-04-08,2.4167,-0.00012412081092250116,-0.00012412851454781325
1971-04-09,2.4167,0.0,0.0
1971-04-12,2.4169,8.275747920727383e-05,8.275405499600955e-05
1971-04-13,2.4167,-8.275063097351598e-05,-8.275405499587388e-05
1971-04-14,2.418,0.0005379236148466138,0.0005377789858028366
1971-04-15,2.4187,0.00028949545078571504,0.00028945355506325454
1971-04-16,2.4186,-4.134452391768573e-05,-4.134537862607314e-05
1971-04-19,2.4193,0.00028942363350692446,0.000289381758566645
1971-04-20,2.4193,0.0,0.0
1971-04-21,2.4196,0.0001240028107305502,0.0001239951230175411
1971-04-22,2.4187,-0.0003719623078195511,-0.0003720315029579579
1971-04-23,2.4189,8.26890478355935e-05,8.268562928472737e-05
1971-04-26,2.4188,-4.134110546105685e-05,-4.13419600281098e-05
1971-04-27,2.419,8.268562923752221e-05,8.268221096930747e-05
1971-04-28,2.4195,0.00020669698222408606,0.00020667562334601553
1971-04-29,2.4192,-0.0001239925604464842,-0.00012400024815949329
1971-04-30,2.4193,4.133597883582141e-05,4.133512452779061e-05
1971-05-03,2.4189,-0.00016533708097377087,-0.00016535075065570096
1971-05-04,2.4185,-0.00016536442184467148,-0.00016537809604818277
1971-05-05,2.4194,0.0003721314864586489,0.0003720622627100671
1971-05-06,2.4185,-0.0003719930561296714,-0.0003720622627100194
1971-05-07,2.4188,0.00012404382881969767,0.00012403613602011984
1971-05-10,2.4173,-0.0006201422192823047,-0.0006203345870027143
1971-05-11,2.417,-0.0001241054068589209,-0.00012411310857214948
1971-05-12,2.4183,0.0005378568473315415,0.0005377122541820513
1971-05-13,2.4183,0.0,0.0
1971-05-14,2.4186,0.00012405408758220382,0.00012404639351019505
1971-05-17,2.4193,0.00028942363350692446,0.000289381758566645
1971-05-18,2.419,-0.00012400281073021713,-0.0001240104997143953
1971-05-19,2.4194,0.00016535758577918003,0.00016534391572053716
1971-05-20,2.4193,-4.1332561792284395e-05,-4.133341600615453e-05
1971-05-21,2.4194,4.133427024344272e-05,4.133341600603388e-05
1971-05-24,2.4194,0.0,0.0
1971-05-25,2.419,-0.0001653302471686935,-0.00016534391572057872
1971-05-26,2.4194,0.00016535758577918003,0.00016534391572053716
1971-05-27,2.4187,-0.00028932793254532463,-0.00028936979594662907
1971-05-28,2.4178,-0.00037210071526017074,-0.0003721699619096706
1971-05-31,2.4178,0.0,0.0
1971-06-01,2.4162,-0.0006617586235421191,-0.0006619776824281046
1971-06-02,2.417,0.000331098419005027,0.00033104361801950595
1971-06-03,2.4188,0.0007447248655358951,0.0007444476955749259
1971-06-04,2.419,8.268562923752221e-05,8.268221096930747e-05
1971-06-07,2.4192,8.267879288959001e-05,8.267537518657292e-05
1971-06-08,2.4188,-0.00016534391534395176,-0.0001653575861560669
1971-06-09,2.4194,0.00024805688771278867,0.0002480261266899017
1971-06-10,2.4193,-4.1332561792284395e-05,-4.133341600615453e-05
1971-06-11,2.4194,4.133427024344272e-05,4.133341600603388e-05
1971-06-14,2.4186,-0.000330660494337387,-0.000330715174572706
1971-06-15,2.4187,4.134623335794174e-05,4.134537862599518e-05
1971-06-16,2.4193,0.0002480671435067805,0.00024803637994045153
1971-06-17,2.4189,-0.00016533708097377087,-0.00016535075065570096
1971-06-18,2.4191,8.268221092233574e-05,8.267879293673734e-05
1971-06-21,2.4191,0.0,0.0
1971-06-22,2.419,-4.133768756964251e-05,-4.133854199539605e-05
1971-06-23,2.4195,0.00020669698222408606,0.00020667562334601553
1971-06-24,2.4191,-0.0001653234139286086,-0.0001653370813505891
1971-06-25,2.4191,0.0,0.0
1971-06-28,2.4185,-0.0002480261254185212,-0.00024805688898485017
1971-06-29,2.419,0.00020673971469920005,0.00020671834698936852
1971-06-30,2.4196,0.00024803637866877004,0.00024800562273182084
1971-07-01,2.419,-0.0002479748718796637,-0.0002480056227319364
1971-07-02,2.419,0.0,0.0
1971-07-05,2.419,0.0,0.0
1971-07-06,2.4181,-0.0003720545680033771,-0.0003721237974761234
1971-07-07,2.4187,0.0002481286960835938,0.0002480979172499863
1971-07-08,2.4185,-8.26890478355935e-05,-8.269246676338269e-05
1971-07-09,2.4183,-8.26958858796134e-05,-8.26993053729041e-05
1971-07-12,2.4182,-4.1351362527253244e-05,-4.1352217518414786e-05
1971-07-13,2.418,-8.270614506655782e-05,-8.270956540836387e-05
1971-07-14,2.4187,0.00028949545078571504,0.00028945355506325454
1971-07-15,2.4187,0.0,0.0
1971-07-16,2.4189,8.26890478355935e-05,8.268562928472737e-05
1971-07-19,2.4183,-0.0002480466327668962,-0.0002480774014210556
1971-07-20,2.4182,-4.1351362527253244e-05,-4.1352217518414786e-05
1971-07-21,2.4191,0.0003721776527993992,0.00037210841187619435
1971-07-22,2.4188,-0.00012401306270914958,-0.00012402075296481219
1971-07-23,2.419,8.268562923752221e-05,8.268221096930747e-05
1971-07-26,2.418,-0.0004133939644480611,-0.0004134794352892137
1971-07-27,2.4178,-8.271298593875986e-05,-8.271640684641828e-05
1971-07-28,2.4185,0.0002895193977994204,0.00028947749514612815
1971-07-29,2.4184,-4.134794293975119e-05,-4.134879778950813e-05
1971-07-30,2.4184,0.0,0.0
1971-08-02,2.4175,-0.00037214687396636137,-0.0003722161377990084
1971-08-03,2.417,-0.00020682523267845365,-0.00020684662396644614
1971-08-04,2.4193,0.0009515928837402488,0.0009511404062588724
1971-08-05,2.4183,-0.0004133427024345382,-0.00041342815207683477
1971-08-06,2.4185,8.270272505472853e-05,8.269930537290616e-05
1971-08-09,2.4192,0.0002894356005789245,0.00028939372217602215
1971-08-10,2.4187,-0.00020667989417999522,-0.00020670125541266657
1971-08-11,2.4197,0.00041344523917818954,0.0004133597942456791
1971-08-12,2.4196,-4.132743728568755e-05,-4.132829128775308e-05
1971-08-13,2.4195,-4.132914531318477e-05,-4.132999938584307e-05
1971-08-16,,,
1971-08-17,,,
1971-08-18,,,
1971-08-19,,,
1971-08-20,,,
1971-08-23,2.435,,
1971-08-24,2.4447,0.0039835728952772875,0.003975659477593714
1971-08-25,2.4589,0.0058084836585265975,0.005791679457206837
1971-08-26,2.4723,0.005449591280654031,0.005434795985956995
1971-08-27,2.4693,-0.0012134449702706496,-0.0012141817907396282
1971-08-30,2.4677,-0.0006479569108654992,-0.0006481669256699313
1971-08-31,2.4535,-0.005754346152287426,-0.00577096619107991
1971-09-01,2.4541,0.0002445486040349998,0.0002445187068992346
1971-09-02,2.4576,0.0014261847520475879,0.0014251687164956509
1971-09-03,2.459,0.0005696614583334814,0.0005694992628396838
1971-09-06,2.459,0.0,0.0
1971-09-07,2.4583,-0.00028466856445719113,-0.00028470909024411374
1971-09-08,2.4584,4.067851767497466e-05,4.067769032651134e-05
1971-09-09,2.4587,0.00012203058900084329,0.00012202314387419998
1971-09-10,2.4592,0.00020335949892236194,0.00020333882418234998
1971-09-13,2.4602,0.0004066363044892274,0.00040655365035318557
1971-09-14,2.467,0.0027640029265914023,0.0027601900946721287
1971-09-15,2.4709,0.0015808674503443587,0.001579619194774483
1971-09-16,2.471,4.047108341098671e-05,4.0470264478785786e-05
1971-09-17,2.472,0.00040469445568591667,0.0004046125889712775
1971-09-20,2.4743,0.0009304207119740227,0.0009299881389192137
1971-09-21,2.4733,-0.00040415471042309914,-0.0004042364029497655
1971-09-22,2.474,0.0002830226822465587,0.00028298263888250103
1971-09-23,2.4805,0.002627324171382339,0.002623878788670336
1971-09-24,2.4825,0.000806289054626097,0.0008059641782240883
1971-09-27,2.4803,-0.0008862034239677241,-0.0008865963343715647
1971-09-28,2.4782,-0.00084667177357578,-0.0008470304025635147
1971-09-29,2.4838,0.0022597046243240104,0.002257155331539561
1971-09-30,2.4847,0.00036234801513823633,0.00036228238295018243
1971-10-01,2.4892,0.0018110838330582801,0.0018094457981805536
1971-10-04,2.4889,-0.00012052064920442529,-0.0001205279124014503
1971-10-05,2.4894,0.00020089196030359524,0.00020087178421583524
1971-10-06,2.4882,-0.00048204386599171034,-0.00048216008648649893
1971-10-07,2.4894,0.0004822763443452782,0.00048216008648656225
1971-10-08,2.4802,-0.0036956696392704824,-0.0037025154982052136
1971-10-11,2.4802,0.0,0.0
1971-10-12,2.4895,0.0037496976050319653,0.0037426850135655497
1971-10-13,2.4891,-0.00016067483430404206,-0.00016068774388808008
1971-10-14,2.4806,-0.0034148889156724316,-0.003420732957120225
1971-10-15,2.4889,0.003345964685963043,0.0033403794014320223
1971-10-18,2.4894,0.00020089196030359524,0.00020087178421583524
1971-10-19,2.4893,-4.017032216585559e-05,-4.0171129014854706e-05
1971-10-20,2.4912,0.0007632667818262551,0.0007629756418716871
1971-10-21,2.4921,0.00036127167630062296,0.0003612064334017091
1971-10-22,2.4927,0.00024076080414103807,0.0002407318259097543
1971-10-25,2.4927,0.0,0.0
1971-10-26,2.494,0.0005215228467123634,0.0005213869009363737
1971-10-27,2.4945,0.000200481154771337,0.00020046106111018316
1971-10-28,2.4938,-0.0002806173581880733,-0.00028065673860632313
1971-10-29,2.4914,-0.0009623867190631241,-0.0009628501104933335
1971-11-01,2.4927,0.0005217949747129413,0.0005216588870529703
1971-11-02,2.4927,0.0,0.0
1971-11-03,2.493,0.00012035142616428907,0.0001203441845124221
1971-11-04,2.4928,-8.022462896106752e-05,-8.022784712873218e-05
1971-11-05,2.4936,0.0003209242618742447,0.0003208727766982485
1971-11-08,2.4931,-0.0002005133140839943,-0.00020053341956621293
1971-11-09,2.4926,-0.00020055352773662438,-0.0002005736412846418
1971-11-10,2.4925,-4.0118751504336636e-05,-4.0119556282972316e-05
1971-11-11,2.4934,0.00036108324974915007,0.0003610180748810888
1971-11-12,2.4937,0.00012031763856579225,0.00012031040097925095
1971-11-15,2.493,-0.00028070738260421724,-0.00028074678829602645
1971-11-16,2.4929,-4.011231448042274e-05,-4.011311900082342e-05
1971-11-17,2.4938,0.0003610253118855322,0.0003609601579286346
1971-11-18,2.4935,-0.00012029833988280725,-0.00012030557630845568
1971-11-19,2.4938,0.00012031281331448263,0.00012030557630842269
1971-11-22,2.4937,-4.00994466275284e-05,-4.010025063183181e-05
1971-11-23,2.4939,8.020210931536376e-05,8.019889329814754e-05
1971-11-24,2.4935,-0.00016039135490597545,-0.00016040421897488174
1971-11-25,2.4935,0.0,0.0
1971-11-26,2.4937,8.020854220980311e-05,8.020532567667588e-05
1971-11-29,2.4938,4.0101054657570856e-05,4.0100250631773316e-05
1971-11-30,2.4937,-4.00994466275284e-05,-4.010025063183181e-05
1971-12-01,2.4939,8.020210931536376e-05,8.019889329814754e-05
1971-12-02,2.493,-0.00036088054853844476,-0.0003609456815942414
1971-12-03,2.4985,0.002206177296430134,0.0022037472607019486
1971-12-06,2.4978,-0.0002801681008606227,-0.00028020735527505366
1971-12-07,2.5011,0.0013211626231084406,0.0013202906556927677
1971-12-08,2.5079,0.0027188037263603526,0.0027151144649147857
1971-12-09,2.5175,0.003827903823916623,0.003820596043125306
1971-12-10,2.5182,0.0002780536246276277,0.0002780149748828452
1971-12-13,2.519,0.0003176872369152761,0.0003176367850100281
1971-12-14,2.5189,-3.969829297345573e-05,-3.969908097154309e-05
1971-12-15,2.5192,0.00011909960697131794,0.00011909251517620866
1971-12-16,2.5197,0.00019847570657338665,0.0001984560128761073
1971-12-17,2.5292,0.003770290113902508,0.0037632003847670723
1971-12-20,2.5292,0.0,0.0
1971-12-21,2.5537,0.009686857504349167,0.009640240705285475
1971-12-22,2.5538,3.915886752547948e-05,3.915810083704158e-05
1971-12-23,2.5485,-0.0020753387109404553,-0.002077495210484253
1971-12-24,2.5477,-0.0003139101432216851,-0.0003139594233239796
1971-12-27,2.5482,0.00019625544608858903,0.00019623619050782983
1971-12-28,2.5473,-0.00035319048740289904,-0.0003532528738530612
1971-12-29,2.5474,3.925725277742487e-05,3.925648223164333e-05
1971-12-30,2.5536,0.0024338541257751256,0.0024308970998303423
1971-12-31,2.552,-0.0006265664160400863,-0.0006267627908091156
1972-01-03,2.552,0.0,0.0
1972-01-04,2.5505,-0.0005877742946708286,-0.0005879471016992372
1972-01-05,2.551,0.00019603999215855872,0.00019602077883030874
1972-01-06,2.5502,-0.0003136025088201766,-0.0003136516923699376
1972-01-07,2.5502,0.0,0.0
1972-01-10,2.5498,-0.0001568504431024298,-0.00015686274541961326
1972-01-11,2.549,-0.00031375009804690546,-0.0003137993279064358
1972-01-12,2.5504,0.0005492349941151886,0.0005490842197803094
1972-01-13,2.5541,0.0014507528230867095,0.0014497014978956885
1972-01-14,2.572,0.00700833953251645,0.006983895263718652
1972-01-17,2.585,0.0050544323483669995,0.0050417015850194695
1972-01-18,2.58,-0.0019342359767891004,-0.0019361090268663291
1972-01-19,2.5801,3.875968992228529e-05,3.8758938784913025e-05
1972-01-20,2.5815,0.0005426146273401766,0.0005424674652557348
1972-01-21,2.5824,0.00034863451481692564,0.000348573755925819
1972-01-24,2.5873,0.001897459727385531,0.0018956618246164856
1972-01-25,2.5903,0.001159509913809753,0.0011588382013776502
1972-01-26,2.5894,-0.00034745010230474715,-0.00034751047707676176
1972-01-27,2.5903,0.00034757086583758756,0.00034751047707670874
1972-01-28,2.5914,0.00042466123615025886,0.0004245710930867881
1972-01-31,2.5937,0.0008875511306629669,0.0008871574900584197
1972-02-01,2.5998,0.0023518525658325906,0.0023490912891498696
1972-02-02,2.6067,0.002654050311562406,0.0026505345393512507
1972-02-03,2.6046,-0.0008056162964668045,-0.0008059409796671345
1972-02-04,2.6,-0.0017661061199416572,-0.0017676675240294714
1972-02-07,2.6029,0.0011153846153846292,0.0011147630361215404
1972-02-08,2.6037,0.0003073494947942734,0.00030730227261385935
1972-02-09,2.605,0.0004992894726736363,0.000499164869158632
1972-02-10,2.6059,0.0003454894433780886,0.0003454297756429986
1972-02-11,2.6055,-0.00015349783184315235,-0.00015350961384103215
1972-02-14,2.5952,-0.003953175973901324,-0.003961010428175493
1972-02-15,2.5937,-0.0005779901356350869,-0.0005781572363250019
1972-02-16,2.6045,0.00416393569032647,0.00415529050047729
1972-02-17,2.605,0.00019197542714533,0.00019195700222106692
1972-02-18,2.6055,0.00019193857965449368,0.00019192016180200706
1972-02-21,2.6055,0.0,0.0
1972-02-22,2.605,-0.0001919017463059003,-0.00019192016180203284
1972-02-23,2.6062,0.00046065259117078483,0.0004605465233382731
1972-02-24,2.607,0.0003069603253780251,0.0003069132226962035
1972-02-25,2.6054,-0.0006137322593019467,-0.0006139206700381092
1972-02-28,2.6057,0.00011514546710689189,0.00011513883837643488
1972-02-29,2.6059,7.67548067697188e-05,7.675186127025753e-05
1972-03-01,2.6058,-3.83744579608436e-05,-3.837519427919277e-05
1972-03-02,2.6058,0.0,0.0
1972-03-03,2.6077,0.0007291426817099822,0.0007288769863302198
1972-03-06,2.6112,0.0013421789316256927,0.0013412790146265343
1972-03-07,2.6213,0.003867953431372584,0.003860492133279145
1972-03-08,2.6257,0.0016785564414603105,0.0016771492400879386
1972-03-09,2.644,0.006969570019423443,0.006945394828422001
1972-03-10,2.6409,-0.0011724659606657806,-0.001173153836606891
1972-03-13,2.6387,-0.0008330493392403326,-0.0008333965176656999
1972-03-14,2.629,-0.0036760526016599293,-0.003682825887423168
1972-03-15,2.621,-0.003042982122479998,-0.0030476214064748372
1972-03-16,2.62,-0.00038153376573824005,-0.0003816065682637759
1972-03-17,2.61,-0.003816793893129833,-0.0038240964384035057
1972-03-20,2.6105,0.00019157088122612187,0.00019155253386803062
1972-03-21,2.6175,0.0026814786439379734,0.002677889894084894
1972-03-22,2.6168,-0.00026743075453683485,-0.00026746652051782855
1972-03-23,2.6096,-0.002751452155304257,-0.002755244357424799
1972-03-24,2.6065,-0.001187921520539481,-0.0011886276585887463
1972-03-27,2.6107,0.0016113562248225577,0.0016100593833097768
1972-03-28,2.615,0.0016470678362126012,0.0016457129075529758
1972-03-29,2.616,0.00038240917782017547,0.00038233607806595246
1972-03-30,2.6152,-0.0003058103975535076,-0.00030585716708844994
1972-03-31,2.6163,0.0004206179259711451,0.0004205294910486611
1972-04-03,2.616,-0.00011466574934060336,-0.00011467232396023321
1972-04-04,2.6128,-0.0012232415902141414,-0.0012239903608887285
1972-04-05,2.612,-0.0003061849357011148,-0.00030623181987893684
1972-04-06,2.6093,-0.0010336906584992311,-0.0010342252851454328
1972-04-07,2.6088,-0.00019162227417324207,-0.00019164063606695776
1972-04-10,2.6082,-0.00022999080036800734,-0.00023001725230801395
1972-04-11,2.6115,0.0012652403956752156,0.0012644406535520744
1972-04-12,2.6125,0.0003829216925137491,0.0003828483967128881
1972-04-13,2.6102,-0.0008803827751195925,-0.0008807705396391302
1972-04-14,2.6086,-0.0006129798482874538,-0.0006131677972445304
1972-04-17,2.6082,-0.00015333895576163936,-0.00015335071338126583
1972-04-18,2.6068,-0.0005367686527107951,-0.0005369127645761902
1972-04-19,2.6068,0.0,0.0
1972-04-20,2.6093,0.0009590302286328622,0.0009585706529509899
1972-04-21,2.6084,-0.0003449200935117247,-0.0003449795921290845
1972-04-24,2.6099,0.0005750651740530355,0.0005748998874398454
1972-04-25,2.6111,0.00045978773133059647,0.0004596820613409245
1972-04-26,2.611,-3.829803531074649e-05,-3.829876869922578e-05
1972-04-27,2.6116,0.00022979701263881047,0.00022977061334954272
1972-04-28,2.611,-0.0002297442181038445,-0.00022977061334956804
1972-05-01,2.611,0.0,0.0
1972-05-02,2.6108,-7.659900421308485e-05,-7.66019380666292e-05
1972-05-03,2.6115,0.00026811705224449867,0.000268081115291043
1972-05-04,2.6112,-0.00011487650775410252,-0.00011488310656548985
1972-05-05,2.6105,-0.0002680759803922461,-0.00026811191918090524
1972-05-08,2.6107,7.661367554101517e-05,7.661074086326523e-05
1972-05-09,2.6139,0.0012257249013674087,0.0012249743138804002
1972-05-10,2.6152,0.0004973411377635628,0.0004972175046500972
1972-05-11,2.6128,-0.0009177118384827709,-0.0009181331938002496
1972-05-12,2.613,7.654623392538973e-05,7.654330441192018e-05
1972-05-15,2.6122,-0.0003061615001913598,-0.0003062083771916588
1972-05-16,2.6113,-0.00034453717173266174,-0.000344596538300399
1972-05-17,2.6136,0.0008807873472982397,0.000880399681739905
1972-05-18,2.6135,-3.826140189766569e-05,-3.826213388377455e-05
1972-05-19,2.6132,-0.00011478859766600458,-0.00011479518638129272
1972-05-22,2.6133,3.82672585337307e-05,3.8266526360871626e-05
1972-05-23,2.6128,-0.00019132897103291135,-0.0001913472767554702
1972-05-24,2.6133,0.0001913655848133633,0.00019134727675548872
1972-05-25,2.6116,-0.0006505185015115433,-0.0006507301804776485
1972-05-26,2.6126,0.00038290703017307415,0.00038283373998448494
1972-05-29,2.6126,0.0,0.0
1972-05-30,2.6125,-3.827604684991659e-05,-3.8276779396490534e-05
1972-05-31,2.613,0.00019138755980874222,0.00019136924754617303
1972-06-01,2.6125,-0.00019135093761968314,-0.00019136924754613207
1972-06-02,2.6117,-0.0003062200956936989,-0.0003062669906408967
1972-06-05,2.6114,-0.00011486771068647261,-0.00011487430848720614
1972-06-06,2.6109,-0.00019146817798887383,-0.00019148651036054624
1972-06-07,2.6115,0.00022980581408704737,0.00022977941277565905
1972-06-08,2.6112,-0.00011487650775410252,-0.00011488310656548985
1972-06-09,2.6112,0.0,0.0
1972-06-12,2.607,-0.0016084558823529216,-0.001609750836286123
1972-06-13,2.6076,0.00023014959723810513,0.0002301231168824349
1972-06-14,2.608,0.00015339776039269282,0.00015338599615930207
1972-06-15,2.6008,-0.0027607361963190025,-0.0027645540568479706
1972-06-16,2.5913,-0.0036527222393110126,-0.003659409719160769
1972-06-19,2.591,-0.0001157720063287293,-0.00011577870842473572
1972-06-20,2.585,-0.002315708220764323,-0.002318393619580606
1972-06-21,2.576,-0.0034816247582204474,-0.0034876997182852164
1972-06-22,2.572,-0.0015527950310558758,-0.0015540018667342026
1972-06-23,2.5,-0.027993779160186638,-0.0283930745012179
1972-06-26,2.5195,0.007800000000000029,0.007769737264360694
1972-06-27,2.4925,-0.010716411986505192,-0.010774246284659318
1972-06-28,2.485,-0.0030090270812438424,-0.003013563305264406
1972-06-29,2.4635,-0.008651911468812945,-0.008689556546711394
1972-06-30,2.441,-0.009133346864217518,-0.009175311591057646
1972-07-03,2.421,-0.008193363375665674,-0.008227113454901543
1972-07-04,2.421,0.0,0.0
1972-07-05,2.446,0.01032631144155327,0.010273359309059368
1972-07-06,2.4355,-0.004292722812755501,-0.004301963000520295
1972-07-07,2.4385,0.0012317799219871972,0.0012310219035098651
1972-07-10,2.442,0.0014353085913472174,0.0014342795205427767
1972-07-11,2.441,-0.00040950040950049615,-0.00040958427769000684
1972-07-12,2.4455,0.0018435067595248267,0.001841809586451852
1972-07-13,2.4537,0.0033530975260682716,0.0033474884296262105
1972-07-14,2.4465,-0.002934344051840121,-0.0029386576798598974
1972-07-17,2.4445,-0.0008174943797260026,-0.0008178287104778698
1972-07-18,2.4445,0.0,0.0
1972-07-19,2.4455,0.00040908161178143665,0.0004089979607115199
1972-07-20,2.447,0.0006133714986711336,0.0006131834632598884
1972-07-21,2.4505,0.0014303228442991145,0.0014293009069305
1972-07-24,2.4458,-0.0019179759232808014,-0.0019198175943325325
1972-07-25,2.4482,0.0009812740207701953,0.000980792886142492
1972-07-26,2.4483,4.08463360836997e-05,4.08455018948296e-05
1972-07-27,2.4505,0.0008985826900296257,0.0008981792062951239
1972-07-28,2.449,-0.0006121199755152462,-0.000612307397434495
1972-07-31,2.4498,0.00032666394446723146,0.00032661060141744185
1972-08-01,2.4485,-0.000530655563719562,-0.0005307964112130901
1972-08-02,2.4505,0.0008168266285479842,0.0008164932072300188
1972-08-03,2.4497,-0.00032646398694136103,-0.0003265172879096259
1972-08-04,2.4505,0.0003265706004815794,0.0003265172879095932
1972-08-07,2.4505,0.0,0.0
1972-08-08,2.4527,0.0008977759640891314,0.0008973732042889691
1972-08-09,2.454,0.0005300281322624389,0.0005298877169657916
1972-08-10,2.4525,-0.0006112469437653534,-0.0006114338313386704
1972-08-11,2.4522,-0.00012232415902146965,-0.00012233164123158605
1972-08-14,2.4523,4.077970801730224e-05,4.0778876547613907e-05
1972-08-15,2.4534,0.00044855849610558884,0.0004484579238172869
1972-08-16,2.4542,0.00032607809570417423,0.0003260249437960599
1972-08-17,2.4523,-0.0007741830331676747,-0.0007744828676132453
1972-08-18,2.4509,-0.0005708926314074159,-0.0005710556526537517
1972-08-21,2.4498,-0.00044881472112268117,-0.0004489154685953897
1972-08-22,2.4461,-0.0015103273736633005,-0.001511469067750474
1972-08-23,2.4476,0.0006132210457463483,0.0006130331025507654
1972-08-24,2.446,-0.0006537015852262629,-0.0006539153412677117
1972-08-25,2.4465,0.00020441537203597093,0.00020439448206058152
1972-08-28,2.4464,-4.0874718986172454e-05,-4.0875554380262966e-05
1972-08-29,2.4497,0.0013489208633092886,0.0013480118868945657
1972-08-30,2.4509,0.0004898559007224801,0.0004897359604880996
1972-08-31,2.4483,-0.0010608347953812158,-0.0010613978788736936
1972-09-01,2.4489,0.0002450680063716959,0.0002450379821130457
1972-09-04,2.4489,0.0,0.0
1972-09-05,2.4485,-0.00016333864183915026,-0.00016335198304788558
1972-09-06,2.4496,0.0004492546457015578,0.00044915376104735105
1972-09-07,2.4485,-0.000449052906597025,-0.00044915376104727277
1972-09-08,2.4467,-0.0007351439656934078,-0.0007354143165245305
1972-09-11,2.4464,-0.00012261413332237403,-0.00012262165104974526
1972-09-12,2.4461,-0.00012262916939187463,-0.00012263668896321964
1972-09-13,2.4472,0.0004496954335473369,0.0004495943508590071
1972-09-14,2.4476,0.0001634521085320806,0.00016343875169163812
1972-09-15,2.447,-0.00024513809445980694,-0.0002451681457137231
1972-09-18,2.4465,-0.00020433183489998452,-0.0002043527134935173
1972-09-19,2.4429,-0.0014714898835070933,-0.0014725735879829722
1972-09-20,2.444,0.0004502844979328291,0.0004501831502906632
1972-09-21,2.4432,-0.0003273322422258085,-0.00032738582711790306
1972-09-22,2.434,-0.0037655533726259627,-0.003772660916895404
1972-09-25,2.4329,-0.0004519309778143743,-0.00045203312939686417
1972-09-26,2.4307,-0.0009042706235358189,-0.0009046797228590408
1972-09-27,2.4284,-0.0009462294812193628,-0.0009466774389377535
1972-09-28,2.4223,-0.0025119420194367192,-0.0025151022390928817
1972-09-29,2.4195,-0.0011559261858562486,-0.0011565947838127414
1972-10-02,2.4242,0.0019425501136596246,0.0019406658030381768
1972-10-03,2.4231,-0.0004537579407639658,-0.0004538609200513268
1972-10-04,2.424,0.00037142503404741234,0.00037135607284487004
1972-10-05,2.4232,-0.0003300330033002563,-0.0003300874761774512
1972-10-06,2.4217,-0.0006190161769561442,-0.0006192078465716208
1972-10-09,2.4217,0.0,0.0
1972-10-10,2.4191,-0.0010736259652310842,-0.0010742027144332606
1972-10-11,2.4204,0.000537389938406907,0.0005372455961436946
1972-10-12,2.4185,-0.0007849942158321133,-0.0007853024851285257
1972-10-13,2.4179,-0.00024808765763895124,-0.0002481184364725587
1972-10-16,2.4055,-0.005128417221555881,-0.005141612687056842
1972-10-17,2.4074,0.0007898565786739198,0.0007895448061260798
1972-10-18,2.408,0.0002492315360969055,0.00024920048307710033
1972-10-19,2.3925,-0.00643687707641194,-0.006457683101602309
1972-10-20,2.3926,4.179728317654785e-05,4.179640969444675e-05
1972-10-23,2.3926,0.0,0.0
1972-10-24,2.3755,-0.0071470366964806464,-0.007172699109827634
1972-10-25,2.361,-0.006103978109871622,-0.0061226835414631125
1972-10-26,2.344,-0.007200338839474907,-0.007226386388609793
1972-10-27,2.346,0.0008532423208191808,0.0008528785165176059
1972-10-30,2.33,-0.006820119352088705,-0.006843482653674566
1972-10-31,2.3405,0.0045064377682402235,0.004496314180378896
1972-11-01,2.3565,0.006836146122623399,0.006812885623660302
1972-11-02,2.3532,-0.0014003819223423752,-0.0014013633734845524
1972-11-03,2.345,-0.003484616692163822,-0.0034907021099211256
1972-11-06,2.3565,0.004904051172707868,0.004892065483405779
1972-11-07,2.3565,0.0,0.0
1972-11-08,2.351,-0.0023339698705707734,-0.0023366978237160402
1972-11-09,2.3447,-0.0026797107613780735,-0.0026833076133793744
1972-11-10,2.348,0.0014074295219004274,0.0014064400212969658
1972-11-13,2.349,0.00042589437819429143,0.0004258037109258092
1972-11-14,2.3504,0.0005959982971477373,0.0005958207607000805
1972-11-15,2.3554,0.0021272974812798218,0.0021250379878352834
1972-11-16,2.3595,0.0017406809883673269,0.0017391677589942741
1972-11-17,2.3504,-0.0038567493112947604,-0.003864205746829342
1972-11-20,2.351,0.0002552756977536319,0.0002552431204567103
1972-11-21,2.3518,0.0003402807316035261,0.00034022284924583755
1972-11-22,2.3509,-0.0003826856025170855,-0.0003827588453388507
1972-11-23,2.3509,0.0,0.0
1972-11-24,2.3498,-0.00046790590837553214,-0.00046801541050420605
1972-11-27,2.3506,0.00034045450676645217,0.00034039656528145015
1972-11-28,2.3519,0.0005530502850337182,0.0005528974090876237
1972-11-29,2.3528,0.00038266933117880875,0.00038259613194376914
1972-11-30,2.3522,-0.0002550153009179823,-0.000255047822849011
1972-12-01,2.3474,-0.0020406428024827283,-0.002042727750912598
1972-12-04,2.3478,0.00017040129504986012,0.00017038677839826353
1972-12-05,2.3446,-0.0013629781071642366,-0.001363907806693965
1972-12-06,2.3443,-0.0001279535954958888,-0.00012796178225554664
1972-12-07,2.3405,-0.0016209529497077657,-0.0016222681153469066
1972-12-08,2.3432,0.0011535996581926167,0.0011529347733983798
1972-12-11,2.338,-0.002219187435984926,-0.0022216534815099487
1972-12-12,2.3381,4.27715996578204e-05,4.277068497903318e-05
1972-12-13,2.34,0.0008126256362004369,0.0008122956347544537
1972-12-14,2.3415,0.0006410256410256387,0.0006408202718493312
1972-12-15,2.347,0.0023489216314329653,0.002346167227427191
1972-12-18,2.3478,0.0003408606731998276,0.0003408025933982658
1972-12-19,2.3438,-0.0017037226339552403,-0.00170517561991987
1972-12-20,2.3462,0.0010239781551326654,0.0010234542471179774
1972-12-21,2.3447,-0.0006393316852782993,-0.0006395361449298666
1972-12-22,2.3475,0.001194182624642881,0.0011934701557279705
1972-12-25,2.3475,0.0,0.0
1972-12-26,2.3486,0.00046858359957391293,0.0004684738485626956
1972-12-27,2.3504,0.0007664140338925485,0.0007661204886321042
1972-12-28,2.3476,-0.0011912865895167268,-0.0011919967354334714
1972-12-29,2.348,0.0001703867779860868,0.0001703722638076899
1973-01-01,2.348,0.0,0.0
1973-01-02,2.3472,-0.0003407155025553221,-0.00034077355926975247
1973-01-03,2.3487,0.0006390593047034265,0.0006388551932608775
1973-01-04,2.3503,0.0006812279133137089,0.0006809959829044385
1973-01-05,2.3517,0.0005956686380463871,0.0005954912979036906
1973-01-08,2.351,-0.00029765701407502565,-0.00029770132271677647
1973-01-09,2.3514,0.00017014036580187408,0.0001701258935713536
1973-01-10,2.3525,0.0004678064132006554,0.0004676970258939324
1973-01-11,2.3513,-0.0005100956429330283,-0.000510225785974312
1973-01-12,2.3518,0.00021264832220468932,0.00021262571575498003
1973-01-15,2.3509,-0.0003826856025170855,-0.0003827588453388507
1973-01-16,2.3509,0.0,0.0
1973-01-17,2.3527,0.0007656642137052749,0.0007653712423967603
1973-01-18,2.3531,0.00017001742678623977,0.00017000297546149575
1973-01-19,2.3525,-0.0002549827886617617,-0.0002550153023000815
1973-01-22,2.3535,0.00042507970244409776,0.0004249893816621637
1973-01-23,2.3553,0.000764818355640573,0.0007645260311226195
1973-01-24,2.3595,0.0017832123296395164,0.00178162429412263
1973-01-25,2.3605,0.0004238186056366722,0.0004237288198991119
1973-01-26,2.361,0.00021181952976068175,0.00021179709917152305
1973-01-29,2.371,0.004235493434985083,0.0042265489798924685
1973-01-30,2.379,0.003374103753690516,0.003368424237552286
1973-01-31,2.3817,0.0011349306431274186,0.001134287096219777
1973-02-01,2.3871,0.0022672880715457477,0.00226472165242165
1973-02-02,2.364,-0.009677013949981328,-0.0097241405256102
1973-02-05,2.3808,0.007106598984771617,0.007081466112783955
1973-02-06,2.379,-0.0007560483870966417,-0.0007563343358149198
1973-02-07,2.383,0.0016813787305589578,0.0016799667957843462
1973-02-08,2.3828,-8.392782207300442e-05,-8.393134420973494e-05
1973-02-09,2.3818,-0.00041967433271772325,-0.0004197624206368489
1973-02-12,2.3818,0.0,0.0
1973-02-13,2.44,0.024435301032832202,0.024141534953352004
1973-02-14,2.47,0.012295081967213184,0.012220111334775397
1973-02-15,2.45,-0.0080971659919028,-0.008130126083250176
1973-02-16,2.4331,-0.00689795918367353,-0.006921860079138209
1973-02-19,2.4331,0.0,0.0
1973-02-20,2.4385,0.0022193909004972756,0.0022169316904727377
1973-02-21,2.442,0.0014353085913472174,0.0014342795205427767
1973-02-22,2.461,0.0077805077805075396,0.0077503957204056355
1973-02-23,2.474,0.005282405526209066,0.005268502561377552
1973-02-26,2.465,-0.003637833468068008,-0.003644466475642829
1973-02-27,2.468,0.0012170385395537942,0.0012162985484879924
1973-02-28,2.49,0.008914100486223653,0.008874604433474856
1973-03-01,2.5,0.00401606425702794,0.004008021397538647
1973-03-02,2.5,0.0,0.0
1973-03-05,2.447,-0.021199999999999997,-0.02142794741362045
1973-03-06,2.462,0.006129955046996427,0.006111243301727262
1973-03-07,2.472,0.004061738424045336,0.0040535118331824155
1973-03-08,2.473,0.0004045307443365509,0.00040444894383479587
1973-03-09,2.4705,-0.0010109179134654145,-0.0010114292356114879
1973-03-12,2.47,-0.0002023881805301997,-0.00020240866378176748
1973-03-13,2.4685,-0.0006072874493927571,-0.0006074719231053466
1973-03-14,2.464,-0.0018229694146243425,-0.0018246330455072588
1973-03-15,2.464,0.0,0.0
1973-03-16,2.457,-0.0028409090909091717,-0.0028449521322313617
1973-03-19,2.46,0.0012210012210012167,0.001220256405229369
1973-03-20,2.4665,0.002642276422764267,0.002638791747384491
1973-03-21,2.4737,0.0029191161564972035,0.002914863810314663
1973-03-22,2.474,0.00012127582164378481,0.0001212684683258409
1973-03-23,2.4737,-0.00012126111560228914,-0.00012126846832577334
1973-03-26,2.4767,0.00121275821643696,0.0012120234192187665
1973-03-27,2.4814,0.001897686437598356,0.0018958881054449016
1973-03-28,2.4814,0.0,0.0
1973-03-29,2.482,0.00024179898444431913,0.00024176975578142572
1973-03-30,2.4755,-0.0026188557614827968,-0.0026222909630748974
1973-04-02,2.4776,0.0008483134720258523,0.0008479538575152939
1973-04-03,2.4762,-0.0005650629641588134,-0.0005652226724018547
1973-04-04,2.4814,0.0020999919231079467,0.002097790022179972
1973-04-05,2.4825,0.0004432981381479184,0.00044319991055660914
1973-04-06,2.483,0.00020140986908367964,0.00020138958883904605
1973-04-09,2.4837,0.0002819170358436818,0.0002818773047032138
1973-04-10,2.4867,0.0012078753472641868,0.0012071464527203812
1973-04-11,2.4878,0.00044235331966069324,0.0004422555102741274
1973-04-12,2.4834,-0.0017686309188841287,-0.0017701967931225166
1973-04-13,2.4805,-0.0011677538858017034,-0.0011684362416381185
1973-04-16,2.4822,0.0006853456964321936,0.0006851109543172601
1973-04-17,2.4845,0.0009265973732979216,0.0009261683469544881
1973-04-18,2.4823,-0.0008854900382371245,-0.0008858823161302401
1973-04-19,2.4837,0.0005639930709422369,0.0005638340866247619
1973-04-20,2.4848,0.0004428876273301352,0.00044278958155268716
1973-04-23,2.4845,-0.00012073406310353363,-0.0001207413520472188
1973-04-24,2.4836,-0.00036224592473343975,-0.0003623115516376303
1973-04-25,2.488,0.0017716218392656025,0.0017700543683323523
1973-04-26,2.4863,-0.0006832797427652748,-0.0006835132847577795
1973-04-27,2.4867,0.00016088163133964883,0.0001608686912778578
1973-04-30,2.489,0.0009249205774721769,0.000924493102001794
1973-05-01,2.4883,-0.0002812374447568322,-0.0002812769994233416
1973-05-02,2.4935,0.0020897801712012054,0.002087599618008656
1973-05-03,2.4893,-0.0016843793864046441,-0.0016857995483149932
1973-05-04,2.4896,0.000120515807656707,0.0001205085462101663
1973-05-07,2.4913,0.0006828406169665513,0.0006826075873878017
1973-05-08,2.4984,0.002849917713643624,0.0028458643974086668
1973-05-09,2.5044,0.0024015369836694056,0.002398657902286413
1973-05-10,2.5055,0.0004392269605495436,0.0004391305286240745
1973-05-11,2.511,0.0021951706246259306,0.0021927647578057798
1973-05-14,2.539,0.011150935882118684,0.01108922254709343
1973-05-15,2.564,0.009846396218983866,0.009798236335882237
1973-05-16,2.5435,-0.007995319812792556,-0.008027453777740994
1973-05-17,2.547,0.0013760566149008113,0.0013751107166373815
1973-05-18,2.5505,0.0013741656851196105,0.001373222383524099
1973-05-21,2.5695,0.007449519702019236,0.007421909069303069
1973-05-22,2.5605,-0.003502626970227629,-0.003508775529679254
1973-05-23,2.5555,-0.0019527436047648283,-0.0019546526942708716
1973-05-24,2.546,-0.0037174721189591198,-0.0037243990909824397
1973-05-25,2.5395,-0.0025530243519246154,-0.0025562888760521595
1973-05-28,2.5395,0.0,0.0
1973-05-29,2.556,0.006497341996456019,0.006476325256125749
1973-05-30,2.5645,0.0033255086071986018,0.003319991331897571
1973-05-31,2.5661,0.000623903294989292,0.000623708748243241
1973-06-01,2.573,0.002688905342737913,0.00268529670417771
1973-06-04,2.583,0.003886513797124014,0.003878980814096356
1973-06-05,2.58,-0.0011614401858304202,-0.001162115180177374
1973-06-06,2.57,-0.00387596899224818,-0.0038835000263977445
1973-06-07,2.573,0.0011673151750972721,0.001166634392478683
1973-06-08,2.574,0.0003886513797124458,0.00038857587432785073
1973-06-11,2.5725,-0.0005827505827505908,-0.0005829204478673085
1973-06-12,2.5742,0.000660835762876566,0.0006606175070726848
1973-06-13,2.573,-0.00046616424520229405,-0.0004662729335331015
1973-06-14,2.577,0.001554605518849561,0.0015533983706208624
1973-06-15,2.58,0.0011641443538998875,0.0011634672632980494
1973-06-18,2.581,0.0003875968992248513,0.0003875218029508023
1973-06-19,2.571,-0.0038744672607515795,-0.003881992452724317
1973-06-20,2.574,0.001166861143523823,0.001166180890182394
1973-06-21,2.573,-0.00038850038850035684,-0.00038857587432777126
1973-06-22,2.574,0.0003886513797124458,0.00038857587432785073
1973-06-25,2.575,0.00038850038850046786,0.00038842494176462696
1973-06-26,2.577,0.0007766990291260267,0.000776397554528356
1973-06-27,2.5805,0.001358168412883165,0.0013572469364167446
1973-06-28,2.583,0.0009688044952529395,0.0009683355070587335
1973-06-29,2.581,-0.0007742934572203541,-0.000774593377226694
1973-07-02,2.5802,-0.00030995738086014857,-0.0003100054275776697
1973-07-03,2.579,-0.0004650802263389542,-0.0004651884096913456
1973-07-04,2.579,0.0,0.0
1973-07-05,2.5735,-0.002132609538580854,-0.0021348867885355705
1973-07-06,2.5575,-0.006217213911016151,-0.006236621267027694
1973-07-09,2.558,0.0001955034213096951,0.00019548431300627512
1973-07-10,2.547,-0.004300234558248461,-0.004309507159330821
1973-07-11,2.547,0.0,0.0
1973-07-12,2.5443,-0.0010600706713782548,-0.0010606329436931294
1973-07-13,2.542,-0.000903981448728497,-0.0009043902863646485
1973-07-16,2.5465,0.001770259638080418,0.0017686945752601155
1973-07-17,2.544,-0.0009817396426466951,-0.0009822218646464704
1973-07-18,2.5445,0.00019654088050313767,0.0001965215688745914
1973-07-19,2.5335,-0.004323049715071803,-0.004332421112922986
1973-07-20,2.5395,0.002368265245707324,0.0023654653253350473
1973-07-23,2.535,-0.0017720023626697223,-0.0017735742160160646
1973-07-24,2.5205,-0.005719921104536452,-0.005736342502597967
1973-07-25,2.5035,-0.006744693513191957,-0.006767541752686206
1973-07-26,2.485,-0.007389654483722752,-0.007417093239270321
1973-07-27,2.504,0.007645875251509171,0.0076167936892601595
1973-07-30,2.5035,-0.00019968051118213204,-0.00019970044998971005
1973-07-31,2.499,-0.0017974835230676334,-0.0017991009350470045
1973-08-01,2.517,0.007202881152460927,0.00717706430036343
1973-08-02,2.515,-0.0007945967421533195,-0.0007949126014762499
1973-08-03,2.5085,-0.0025844930417494583,-0.0025878386095318714
1973-08-06,2.4925,-0.006378313733306773,-0.006398742088314285
1973-08-07,2.497,0.0018054162487461944,0.0018037884437797794
1973-08-08,2.5,0.0012014417300760805,0.0012007205765188873
1973-08-09,2.481,-0.007600000000000051,-0.007629027164491163
1973-08-10,2.475,-0.002418379685610539,-0.0024213086890102274
1973-08-13,2.475,0.0,0.0
1973-08-14,2.4695,-0.0022222222222222365,-0.0022246950221111624
1973-08-15,2.462,-0.0030370520348248498,-0.0030416732362806946
1973-08-16,2.459,-0.0012185215272136896,-0.0012192645282062963
1973-08-17,2.4635,0.0018300122000811658,0.001828339767825041
1973-08-20,2.477,0.005480008118530666,0.005465047505341903
1973-08-21,2.469,-0.0032297133629390906,-0.0032349401441801057
1973-08-22,2.4655,-0.0014175779667880972,-0.001418583680998626
1973-08-23,2.457,-0.003447576556479537,-0.0034535331430018074
1973-08-24,2.4585,0.0006105006105006083,0.0006103143308149495
1973-08-27,2.461,0.0010168802115111397,0.0010163635390618528
1973-08-28,2.4575,-0.001422186103209988,-0.0014231983697341577
1973-08-29,2.465,0.003051881993896277,0.003047234455468906
1973-08-30,2.457,-0.0032454361054766734,-0.0032507139556113666
1973-08-31,2.458,0.00040700040700047957,0.0004069176048010877
1973-09-03,2.458,0.0,0.0
1973-09-04,2.441,-0.006916192026037549,-0.006940219733020182
1973-09-05,2.422,-0.0077836952068822685,-0.00781414627992235
1973-09-06,2.422,0.0,0.0
1973-09-07,2.4185,-0.0014450867052023808,-0.001446131849999738
1973-09-10,2.4125,-0.0024808765763902896,-0.0024839590498968657
1973-09-11,2.4085,-0.001658031088082934,-0.001659407142865543
1973-09-12,2.4065,-0.0008303923603903973,-0.0008307373271115356
1973-09-13,2.4135,0.002908788697278286,0.002904566357383614
1973-09-14,2.4115,-0.0008286720530349401,-0.0008290155915209541
1973-09-17,2.411,-0.0002073398299814455,-0.00020736132785562227
1973-09-18,2.4165,0.0022812111157195503,0.002278613103967643
1973-09-19,2.418,0.0006207324643079382,0.0006205398895992767
1973-09-20,2.421,0.001240694789081731,0.0012399257633203516
1973-09-21,2.424,0.0012391573729864103,0.0012383902511466224
1973-09-24,2.4225,-0.0006188118811881749,-0.0006190034242838298
1973-09-25,2.4225,0.0,0.0
1973-09-26,2.423,0.00020639834881319707,0.00020637705160442274
1973-09-27,2.4193,-0.0015270326042097215,-0.001528199706783987
1973-09-28,2.4135,-0.0023973876741205657,-0.00240026600919417
1973-10-01,2.4135,0.0,0.0
1973-10-02,2.4115,-0.0008286720530349401,-0.0008290155915209541
1973-10-03,2.4138,0.0009537632179141831,0.0009533086747709878
1973-10-04,2.4128,-0.00041428453061576054,-0.00041437037016073004
1973-10-05,2.413,8.289124668436898e-05,8.288781139481618e-05
1973-10-08,2.413,0.0,0.0
1973-10-09,2.4118,-0.0004973062577703358,-0.0004974299555394943
1973-10-10,2.4205,0.003607264283937317,0.0036007737102568926
1973-10-11,2.4255,0.0020656889072505624,0.002063558305522174
1973-10-12,2.426,0.00020614306328603504,0.0002061218187243271
1973-10-15,2.4325,0.0026793075020610235,0.002675724556164705
1973-10-16,2.438,0.0022610483042138085,0.0022584959810567433
1973-10-17,2.4525,0.005947497949138514,0.00592988139830119
1973-10-18,2.4445,-0.003261977573904229,-0.0032673094208179525
1973-10-19,2.437,-0.003068112088361774,-0.003072828393494167
1973-10-22,2.437,0.0,0.0
1973-10-23,2.4455,0.003487894952810988,0.003481826354205809
1973-10-24,2.4425,-0.0012267429973421562,-0.0012274960624741732
1973-10-25,2.442,-0.00020470829068564012,-0.00020472924628768362
1973-10-26,2.4355,-0.0026617526617526144,-0.002665301424052591
1973-10-29,2.4235,-0.004927119687949122,-0.0049392979611667075
1973-10-30,2.4325,0.003713637301423489,0.0037067587747293767
1973-10-31,2.4385,0.0024665981500513467,0.002463561089947122
1973-11-01,2.4345,-0.0016403526758252962,-0.0016416995273516892
1973-11-02,2.4345,0.0,0.0
1973-11-05,2.43,-0.001848428835489746,-0.001850139288161366
1973-11-06,2.43,0.0,0.0
1973-11-07,2.4225,-0.0030864197530865445,-0.0030911925696729694
1973-11-08,2.4187,-0.0015686274509804088,-0.0015698590351200178
1973-11-09,2.4015,-0.007111258113862817,-0.007136663624922226
1973-11-12,2.388,-0.0056214865708932304,-0.005637346592386402
1973-11-13,2.3925,0.0018844221105527303,0.0018826488146165888
1973-11-14,2.397,0.0018808777429466517,0.001879111107274974
1973-11-15,2.397,0.0,0.0
1973-11-16,2.3855,-0.00479766374634949,-0.004809209478222546
1973-11-19,2.39,0.0018863969817648485,0.001884619969394672
1973-11-20,2.391,0.0004184100418409553,0.00041832253276833086
1973-11-21,2.3915,0.00020911752404861872,0.00020909566202695473
1973-11-22,2.3915,0.0,0.0
1973-11-23,2.346,-0.01902571607777548,-0.019209033906930833
1973-11-26,2.343,-0.0012787723785167016,-0.0012795907056251928
1973-11-27,2.3575,0.006188647033717354,0.0061695759998168015
1973-11-28,2.336,-0.009119830328738088,-0.009161670559494902
1973-11-29,2.34,0.001712328767123239,0.0017108644036293876
1973-11-30,2.343,0.0012820512820512775,0.00128123015604854
1973-12-03,2.34,-0.001280409731113985,-0.001281230156048573
1973-12-04,2.3345,-0.002350427350427342,-0.00235319394075539
1973-12-05,2.3375,0.0012850717498393838,0.0012842467518503682
1973-12-06,2.337,-0.0002139037433154245,-0.00021392662398402528
1973-12-07,2.326,-0.00470688917415496,-0.004718001460248282
1973-12-10,2.3125,-0.005803955288048224,-0.005820863692029548
1973-12-11,2.3065,-0.002594594594594546,-0.002597966388704995
1973-12-12,2.3125,0.0026013440277474764,0.002597966388704851
1973-12-13,2.3165,0.0017297297297296232,0.001728235470122698
1973-12-14,2.31,-0.002805957263112391,-0.0028099013408637748
1973-12-17,2.307,-0.0012987012987013546,-0.0012995453420856146
1973-12-18,2.3085,0.0006501950585175997,0.0006499837732899861
1973-12-19,2.31,0.0006497725795970855,0.0006495615687955615
1973-12-20,2.308,-0.0008658008658010141,-0.0008661758878491927
1973-12-21,2.3075,-0.00021663778162894776,-0.00021666125098278934
1973-12-24,2.3105,0.0013001083423618276,0.0012992639333138144
1973-12-25,2.3105,0.0,0.0
1973-12-26,2.3095,-0.000432806751785475,-0.0004329004396611425
1973-12-27,2.313,0.0015154795410263766,0.0015143323607792838
1973-12-28,2.318,0.002161694768698652,0.0021593616682578295
1973-12-31,2.3225,0.0019413287316651928,0.0019394467882965286
1974-01-01,2.3225,0.0,0.0
1974-01-02,2.3045,-0.007750269106566066,-0.007780458527430481
1974-01-03,2.2855,-0.008244738555001185,-0.00827891438876401
1974-01-04,2.276,-0.004156639684970487,-0.004165302525577538
1974-01-07,2.2265,-0.02174868189806667,-0.021988670484464352
1974-01-08,2.2295,0.0013474062429821299,0.0013464993057741444
1974-01-09,2.241,0.005158107198923734,0.005144849733395863
1974-01-10,2.2375,-0.0015618027666222112,-0.0015630236519167293
1974-01-11,2.2485,0.004916201117318497,0.004904156061751711
1974-01-14,2.231,-0.007782966422059223,-0.007813411778229647
1974-01-15,2.191,-0.017929179740026946,-0.018091854837066046
1974-01-16,2.1775,-0.006161570059333488,-0.00618063086880851
1974-01-17,2.18,0.0011481056257174327,0.0011474470564766996
1974-01-18,2.186,0.0027522935779815683,0.0027485129533490935
1974-01-21,2.1735,-0.005718206770356726,-0.0057346183076370195
1974-01-22,2.182,0.003910743041177778,0.003903115964169321
1974-01-23,2.185,0.001374885426214556,0.0013739411366744713
1974-01-24,2.2015,0.007551487414187541,0.007523117666117894
1974-01-25,2.204,0.0011355893708837606,0.0011349450769968575
1974-01-28,2.206,0.0009074410163338875,0.0009070295406426232
1974-01-29,2.22,0.006346328195829587,0.0063262750528773806
1974-01-30,2.255,0.015765765765765716,0.015642777070453542
1974-01-31,2.286,0.013747228381374876,0.013653592417977395
1974-02-01,2.2765,-0.004155730533683344,-0.004164389579919245
1974-02-04,2.2635,-0.005710520535910368,-0.005726887898823475
1974-02-05,2.248,-0.0068478020764302094,-0.006871355862431488
1974-02-06,2.2335,-0.006450177935943269,-0.006471070221408536
1974-02-07,2.2425,0.004029550033579632,0.0040214531407778645
1974-02-08,2.2385,-0.0017837235228539416,-0.0017853162519309443
1974-02-11,2.2425,0.0017869108778199028,0.0017853162519308944
1974-02-12,2.2425,0.0,0.0
1974-02-13,2.2665,0.01070234113712365,0.010645476447952672
1974-02-14,2.2735,0.0030884623869400496,0.0030837028841611334
1974-02-15,2.278,0.001979327028810207,0.001977370742062201
1974-02-18,2.278,0.0,0.0
1974-02-19,2.282,0.0017559262510975504,0.0017543864148935955
1974-02-20,2.2875,0.002410166520596002,0.002407266727655465
1974-02-21,2.295,0.003278688524590123,0.0032733253449691085
1974-02-22,2.3155,0.008932461873638387,0.008892803426161165
1974-02-25,2.292,-0.010148995897214519,-0.010200848086176564
1974-02-26,2.311,0.008289703315881303,0.00825553243975052
1974-02-27,2.3005,-0.004543487667676316,-0.004553840678857424
1974-02-28,2.3015,0.0004346881112800016,0.00043459366177268493
1974-03-01,2.286,-0.006734738214208114,-0.00675751890254015
1974-03-04,2.2795,-0.00284339457567806,-0.0028474447012598854
1974-03-05,2.324,0.019521824961614254,0.019333718318305614
1974-03-06,2.33,0.002581755593803914,0.002578428587944529
1974-03-07,2.3225,-0.0032188841201717944,-0.003224075871752788
1974-03-08,2.322,-0.0002152852529601068,-0.00021530843015670997
1974-03-11,2.322,0.0,0.0
1974-03-12,2.327,0.0021533161068043594,0.0021510010444548058
1974-03-13,2.348,0.009024495058014503,0.008984017645695229
1974-03-14,2.3455,-0.0010647359454855065,-0.0010653031794743348
1974-03-15,2.334,-0.00490300575570235,-0.004915064922011367
1974-03-18,2.3295,-0.001928020565552746,-0.001929881589649889
1974-03-19,2.331,0.0006439150032195862,0.000643707778905692
1974-03-20,2.345,0.006006006006006093,0.005988041844622693
1974-03-21,2.36,0.006396588486140553,0.0063762171392758435
1974-03-22,2.341,-0.008050847457626964,-0.008083430528744832
1974-03-25,2.3665,0.010892780862878926,0.010833881855391726
1974-03-26,2.37,0.001478977392774361,0.0014778847828744162
1974-03-27,2.375,0.002109704641350074,0.0021074823395645778
1974-03-28,2.402,0.011368421052631694,0.01130428617118738
1974-03-29,2.393,-0.003746877601998433,-0.0037539147315556257
1974-04-01,2.396,0.001253656498119593,0.0012528713269667222
1974-04-02,2.397,0.00041736227045063856,0.0004172751990442782
1974-04-03,2.3985,0.0006257822277848657,0.0006255865077343895
1974-04-04,2.3925,-0.0025015634771731188,-0.0025046976150091705
1974-04-05,2.393,0.0002089864158829613,0.00020896458126398902
1974-04-08,2.3935,0.00020894274968674686,0.00020892092419055674
1974-04-09,2.383,-0.004386881136411058,-0.00439653173382154
1974-04-10,2.3555,-0.011540075535039773,-0.01160717895864623
1974-04-11,2.3615,0.0025472298874973376,0.002543991196075994
1974-04-12,2.364,0.001058649163667047,0.0010580891898168997
1974-04-15,2.3635,-0.00021150592216567787,-0.00021152829269762238
1974-04-16,2.357,-0.0027501586629997687,-0.0027539472971599183
1974-04-17,2.368,0.004666949512091456,0.004656093067765002
1974-04-18,2.372,0.0016891891891892552,0.0016877641137198365
1974-04-19,2.3845,0.005269814502529613,0.005255977620663067
1974-04-22,2.39,0.002306563220801028,0.0023039071872773356
1974-04-23,2.402,0.00502092050209213,0.005008357714372579
1974-04-24,2.409,0.002914238134887448,0.002909999974942369
1974-04-25,2.403,-0.002490660024906499,-0.0024937668784023505
1974-04-26,2.41,0.0029130253849356524,0.002908790748231922
1974-04-29,2.432,0.009128630705394158,0.009087216601356914
1974-04-30,2.424,-0.003289473684210509,-0.003294895896852538
1974-05-01,2.4185,-0.0022689768976897895,-0.0022715549261671988
1974-05-02,2.419,0.00020673971469920005,0.00020671834698936852
1974-05-03,2.418,-0.0004133939644480611,-0.0004134794352892137
1974-05-06,2.435,0.007030603804797364,0.007006004341952194
1974-05-07,2.4155,-0.008008213552361365,-0.008040451522228775
1974-05-08,2.43,0.00600289795073472,0.005984952340132666
1974-05-09,2.4305,0.00020576131687222166,0.00020574015091583475
1974-05-10,2.43,-0.00020571898786247989,-0.0002057401509159412
1974-05-13,2.429,-0.0004115226337449984,-0.00041160733242178604
1974-05-14,2.4185,-0.004322766570605152,-0.00433213673913457
1974-05-15,2.4245,0.0024808765763904006,0.0024778042823691516
1974-05-16,2.4125,-0.004949474118374875,-0.004961763332265928
1974-05-17,2.41,-0.0010362694300517505,-0.0010368067284402492
1974-05-20,2.405,-0.0020746887966806016,-0.002076843944839228
1974-05-21,2.406,0.00041580041580058236,0.00041571399476279813
1974-05-22,2.4145,0.0035328345802159156,0.003526608778972188
1974-05-23,2.4115,-0.001242493269827949,-0.0012432658045698458
1974-05-24,2.401,-0.004354136429608246,-0.004363643287773464
1974-05-27,2.401,0.0,0.0
1974-05-28,2.393,-0.0033319450229071235,-0.0033375083128798985
1974-05-29,2.391,-0.0008357709987462103,-0.0008361204500484591
1974-05-30,2.392,0.0004182350480970154,0.0004181476121976093
1974-05-31,2.396,0.0016722408026756952,0.0016708441648177223
1974-06-03,2.398,0.0008347245409014992,0.0008343763521195829
1974-06-04,2.401,0.0012510425354461674,0.001250260633793629
1974-06-05,2.408,0.00291545189504383,0.0029112102074585343
1974-06-06,2.4075,-0.0002076411960131308,-0.00020766275643087728
1974-06-07,2.4025,-0.0020768431983386737,-0.002079002827833213
1974-06-10,2.4,-0.0010405827263266776,-0.0010411245084105038
1974-06-11,2.395,-0.002083333333333326,-0.0020855064910213707
1974-06-12,2.3945,-0.0002087682672234914,-0.0002087900623516647
1974-06-13,2.3905,-0.0016704948841094192,-0.0016718917165059971
1974-06-14,2.3925,0.000836645053336138,0.0008362952609512846
1974-06-17,2.3895,-0.0012539184952978788,-0.0012547053088964944
1974-06-18,2.3875,-0.0008369951872775339,-0.0008373456633274548
1974-06-19,2.39,0.0010471204188482464,0.001046572570671117
1974-06-20,2.386,-0.0016736401673640433,-0.001675042267694955
1974-06-21,2.377,-0.0037720033528919616,-0.003779135297667592
1974-06-24,2.3555,-0.009045014724442413,-0.00908616922009796
1974-06-25,2.3705,0.006368074718743122,0.006347884202076979
1974-06-26,2.3785,0.0033748154397805763,0.0033691335301630886
1974-06-27,2.389,0.004414546983392942,0.004404831453473409
1974-06-28,2.3905,0.0006278777731267837,0.0006276807403484779
1974-07-01,2.386,-0.0018824513700061996,-0.001884225408296561
1974-07-02,2.398,0.005029337803855727,0.005016732929598033
1974-07-03,2.397,-0.0004170141784821668,-0.0004171011530752939
1974-07-04,2.397,0.0,0.0
1974-07-05,2.388,-0.003754693366708306,-0.003761759921891573
1974-07-08,2.388,0.0,0.0
1974-07-09,2.3875,-0.0002093802345057849,-0.00020940215760731525
1974-07-10,2.388,0.00020942408376956045,0.00020940215760731996
1974-07-11,2.3825,-0.002303182579564522,-0.0023058389841355614
1974-07-12,2.386,0.001469045120671586,0.0014679671295042675
1974-07-15,2.3875,0.0006286672254820491,0.000628469697023961
1974-07-16,2.386,-0.0006282722513089034,-0.000628469697023893
1974-07-17,2.39,0.0016764459346185756,0.0016750422676948956
1974-07-18,2.3925,0.0010460251046024993,0.0010454784015529657
1974-07-19,2.3928,0.00012539184952964355,0.00012538398862880105
1974-07-22,2.3915,-0.0005432965563355596,-0.0005434441953865697
1974-07-23,2.39,-0.0006272214091574968,-0.0006274181947952953
1974-07-24,2.394,0.0016736401673640433,0.0016722411923621328
1974-07-25,2.3905,-0.0014619883040937198,-0.001463058051760551
1974-07-26,2.3923,0.0007529805480026575,0.000752697200377734
1974-07-29,2.393,0.0002926054424610136,0.00029256264183746144
1974-07-30,2.3825,-0.0043877977434182425,-0.004397452380016084
1974-07-31,2.387,0.0018887722980063248,0.0018869908104729464
1974-08-01,2.383,-0.0016757436112274648,-0.001677149240087955
1974-08-02,2.3845,0.0006294586655477552,0.0006292606395370401
1974-08-05,2.384,-0.00020968756552741663,-0.00020970955303871056
1974-08-06,2.38,-0.001677852348993314,-0.0016792615197200253
1974-08-07,2.3762,-0.0015966386554622236,-0.0015979146413333915
1974-08-08,2.3645,-0.004923827960609306,-0.0049359899402564855
1974-08-09,2.373,0.0035948403467964685,0.0035883943518332
1974-08-12,2.3695,-0.001474926253687392,-0.0014760150281206525
1974-08-13,2.3585,-0.004642329605402007,-0.004653138683326649
1974-08-14,2.3565,-0.0008479966080134904,-0.0008483563605307464
1974-08-15,2.3447,-0.005007426267770065,-0.005020005437095534
1974-08-16,2.3385,-0.00264426152599484,-0.002647763760749214
1974-08-19,2.3245,-0.005986743639084802,-0.00600473603530139
1974-08-20,2.32,-0.0019359001935901343,-0.0019377764702839047
1974-08-21,2.3225,0.0010775862068965747,0.001077006027637966
1974-08-22,2.313,-0.00409041980624314,-0.004098808456554268
1974-08-23,2.3225,0.004107220060527217,0.004098808456554166
1974-08-26,2.3245,0.0008611410118408713,0.0008607704426460287
1974-08-27,2.3125,-0.005162400516240062,-0.005175771744059181
1974-08-28,2.3185,0.002594594594594435,0.0025912344449351026
1974-08-29,2.3165,-0.0008626266982961761,-0.0008629989748123212
1974-08-30,2.3162,-0.00012950571983605386,-0.00012951410642587103
1974-09-02,2.3162,0.0,0.0
1974-09-03,2.31,-0.002676798203954611,-0.0026803872344379194
1974-09-04,2.3135,0.0015151515151514694,0.0015140048312150113
1974-09-05,2.311,-0.00108061378863189,-0.0010811980726735018
1974-09-06,2.3106,-0.00017308524448289564,-0.0001731002254625071
1974-09-09,2.313,0.0010386912490263356,0.001038152182521082
1974-09-10,2.3165,0.0015131863380890564,0.0015120426252638766
1974-09-11,2.315,-0.0006475285991798252,-0.0006477383363686425
1974-09-12,2.3155,0.0002159827213823462,0.00021595940047226033
1974-09-13,2.312,-0.0015115525804363372,-0.00151269612853871
1974-09-16,2.3133,0.0005622837370242717,0.0005621257147566034
1974-09-17,2.317,0.0015994466779061245,0.0015981689253516667
1974-09-18,2.3195,0.001078981441519078,0.0010783997594220314
1974-09-19,2.315,-0.0019400732916577956,-0.0019419576714640274
1974-09-20,2.3142,-0.0003455723542116207,-0.0003456320780972972
1974-09-23,2.3165,0.0009938639702704588,0.000993370414465909
1974-09-24,2.3148,-0.0007338657457370834,-0.0007341351570193382
1974-09-25,2.316,0.0005184033177811909,0.0005182689932021143
1974-09-26,2.323,0.003022452504317874,0.003017894077523364
1974-09-27,2.332,0.0038743004735255493,0.0038668146999737913
1974-09-30,2.3325,0.00021440823327623093,0.00021438525111596685
1974-10-01,2.3362,0.0015862808145765683,0.0015850240000968064
1974-10-02,2.3335,-0.0011557229689238557,-0.0011563913317254257
1974-10-03,2.327,-0.0027855153203342198,-0.0027894020875785254
1974-10-04,2.335,0.003437902879243726,0.0034320068007060184
1974-10-07,2.3357,0.00029978586723777845,0.00029974094043340373
1974-10-08,2.3343,-0.0005993920452114221,-0.0005995717524369958
1974-10-09,2.341,0.0028702394722188718,0.002866128199916845
1974-10-10,2.325,-0.006834686031610415,-0.006858149469454071
1974-10-11,2.334,0.003870967741935516,0.0038634948250446392
1974-10-14,2.334,0.0,0.0
1974-10-15,2.331,-0.0012853470437018677,-0.0012861738107442296
1974-10-16,2.3337,0.0011583011583011782,0.0011576308450809713
1974-10-17,2.3326,-0.00047135450143553914,-0.00047146562388863516
1974-10-18,2.3324,-8.574123295890246e-05,-8.57449089485412e-05
1974-10-21,2.3299,-0.0010718573143543297,-0.0010724321642135598
1974-10-22,2.3295,-0.00017168118803378984,-0.00017169592693590447
1974-10-23,2.3325,0.0012878300064391723,0.0012870014646474616
1974-10-24,2.3315,-0.0004287245444801746,-0.00042881647312334383
1974-10-25,2.3332,0.0007291443276860043,0.0007288786311069638
1974-10-28,2.3323,-0.0003857363277902648,-0.00038581074318464923
1974-10-29,2.3342,0.0008146464863010294,0.0008143148419552532
1974-10-30,2.3352,0.00042841230400125774,0.00042832056165158027
1974-10-31,2.3355,0.00012846865364868343,0.00012846040225788743
1974-11-01,2.338,0.0010704345964460682,0.0010698620898509212
1974-11-04,2.343,0.002138579982891242,0.0021362964757818174
1974-11-05,2.343,0.0,0.0
1974-11-06,2.3472,0.0017925736235595569,0.0017909688809216314
1974-11-07,2.3464,-0.0003408316291751978,-0.0003408897254760005
1974-11-08,2.335,-0.004858506648482863,-0.004870347560243676
1974-11-11,2.335,0.0,0.0
1974-11-12,2.299,-0.015417558886509641,-0.015537645339816143
1974-11-13,2.303,0.0017398869073510514,0.0017383750575036782
1974-11-14,2.3135,0.004559270516717229,0.004548908526368988
1974-11-15,2.3145,0.0004322455154526228,0.00043215212427078555
1974-11-18,2.3325,0.007777057679844601,0.007746972250173811
1974-11-19,2.3235,-0.0038585209003214604,-0.0038659841964657944
1974-11-20,2.3197,-0.0016354637400473049,-0.0016368025708083718
1974-11-21,2.321,0.0005604172953399544,0.0005602603202124758
1974-11-22,2.32,-0.00043084877208110495,-0.00043094161408150576
1974-11-25,2.3222,0.0009482758620691367,0.0009478265325503007
1974-11-26,2.3245,0.000990440099905232,0.0009899499377336298
1974-11-27,2.3247,8.604000860401584e-05,8.603630737477655e-05
1974-11-28,2.3247,0.0,0.0
1974-11-29,2.3255,0.00034413042543124384,0.00034407122613751946
1974-12-02,2.3245,-0.00043001505052675526,-0.00043010753351226247
1974-12-03,2.3235,-0.00043020004301996817,-0.00043029260560637975
1974-12-04,2.3275,0.0017215407789972215,0.0017200606261891412
1974-12-05,2.329,0.0006444683136412888,0.000644260733118903
1974-12-06,2.3297,0.00030055817947594043,0.0003005130209146055
1974-12-09,2.335,0.0022749710263123557,0.0022723871977418106
1974-12-10,2.3242,-0.004625267665952948,-0.004635997314224413
1974-12-11,2.3157,-0.0036571723603819883,-0.0036638761648553836
1974-12-12,2.306,-0.00418879820356699,-0.004197595794913567
1974-12-13,2.313,0.0030355594102342565,0.0030309614024349304
1974-12-16,2.3293,0.007047124945957606,0.007022410005869503
1974-12-17,2.3343,0.0021465676383463084,0.002144267053685454
1974-12-18,2.3415,0.003084436447757355,0.0030796893326023034
1974-12-19,2.3295,-0.005124919923126248,-0.005138097366745041
1974-12-20,2.3255,-0.0017171066752521558,-0.0017185825926997024
1974-12-23,2.3295,0.001720060202107021,0.0017185825926996942
1974-12-24,2.331,0.0006439150032195862,0.000643707778905692
1974-12-25,2.331,0.0,0.0
1974-12-26,2.332,0.00042900042900040347,0.00042890843462583926
1974-12-27,2.3432,0.004802744425385974,0.004791248043140764
1974-12-30,2.346,0.0011949470809149432,0.0011942336998970048
1974-12-31,2.347,0.0004262574595055302,0.0004261666376027306
1975-01-01,2.347,0.0,0.0
1975-01-02,2.333,-0.005965061780996983,-0.0059829238295935104
1975-01-03,2.3414,0.0036005143591941735,0.003594048024142093
1975-01-06,2.3535,0.005167848295891231,0.0051545407956247995
1975-01-07,2.354,0.0002124495432336282,0.0002124269790251987
1975-01-08,2.347,-0.0029736618521665203,-0.0029780919691985083
1975-01-09,2.35,0.0012782275244993535,0.0012774112871811244
1975-01-10,2.352,0.0008510638297871687,0.0008507018803128285
1975-01-13,2.3531,0.00046768707482991445,0.0004675777433172283
1975-01-14,2.3476,-0.0023373422293995194,-0.0023400780776553533
1975-01-15,2.354,0.002726188447776501,0.0027224791360426393
1975-01-16,2.3535,-0.00021240441801195775,-0.0002124269790251157
1975-01-17,2.3525,-0.0004248990864669233,-0.0004249893816622334
1975-01-20,2.359,0.0027630180658873016,0.0027592079481402773
1975-01-21,2.3635,0.0019075879610004343,0.0019057708256160326
1975-01-22,2.376,0.005288766659614863,0.005274830249244381
1975-01-23,2.3815,0.0023148148148148806,0.0023121397583796004
1975-01-24,2.3835,0.0008398068444259721,0.0008394544039654706
1975-01-27,2.4,0.006922592825676421,0.006898741691156522
1975-01-28,2.3865,-0.005624999999999991,-0.005640879890085729
1975-01-29,2.37,-0.00691389063482073,-0.0069379023167742415
1975-01-30,2.3765,0.002742616033755363,0.0027388619248873416
1975-01-31,2.3825,0.002524721228697624,0.002521539474293014
1975-02-03,2.375,-0.0031479538300104304,-0.0031529190596155305
1975-02-04,2.369,-0.002526315789473599,-0.002529512309956037
1975-02-05,2.368,-0.0004221190375687245,-0.0004222081548892909
1975-02-06,2.371,0.0012668918918918859,0.0012660900615091733
1975-02-07,2.374,0.001265288907633888,0.0012644891042078448
1975-02-10,2.3875,0.005686604886267821,0.0056704971852718855
1975-02-11,2.384,-0.0014659685863875893,-0.001467044169645089
1975-02-12,2.384,0.0,0.0
1975-02-13,2.3895,0.0023070469798658344,0.0023043898329725906
1975-02-14,2.3905,0.00041849759363876693,0.00041841004794508266
1975-02-17,2.3905,0.0,0.0
1975-02-18,2.3933,0.0011713030746707265,0.0011706176344110045
1975-02-19,2.398,0.001963815652028744,0.0019618898868908096
1975-02-20,2.4005,0.0010425354462051395,0.0010419923835354578
1975-02-21,2.4027,0.0009164757342219332,0.0009160560267511243
1975-02-24,2.4195,0.006992133849419657,0.006967802235627225
1975-02-25,2.416,-0.001446579871874465,-0.001447627178667788
1975-02-26,2.426,0.004139072847682224,0.004130530449289978
1975-02-27,2.4305,0.0018549051937344352,0.0018531869815146347
1975-02-28,2.43,-0.00020571898786247989,-0.0002057401509159412
1975-03-03,2.4318,0.0007407407407407085,0.000740466527723692
1975-03-04,2.4285,-0.0013570194917345013,-0.0013579410765183367
1975-03-05,2.4315,0.001235330450895633,0.0012345680580409908
1975-03-06,2.428,-0.001439440674480874,-0.0014404776644517047
1975-03-07,2.411,-0.007001647446457926,-0.007026273998217767
1975-03-10,2.4055,-0.0022812111157196613,-0.002283817041662697
1975-03-11,2.42,0.006027852837247938,0.006009758011223651
1975-03-12,2.409,-0.00454545454545463,-0.004555816535860802
1975-03-13,2.415,0.00249066002490661,0.0024875634718017074
1975-03-14,2.418,0.001242236024844745,0.0012414650880649455
1975-03-17,2.4187,0.00028949545078571504,0.00028945355506325454
1975-03-18,2.4255,0.002811427626410845,0.0028074829554698955
1975-03-19,2.4282,0.001113172541743923,0.0011125534246036147
1975-03-20,2.4237,-0.0018532246108227124,-0.0018549439561021625
1975-03-21,2.4215,-0.0009077030985683576,-0.0009081153104888355
1975-03-24,2.4167,-0.0019822424117282855,-0.0019842096543487746
1975-03-25,2.4145,-0.000910332271279124,-0.0009107468753385908
1975-03-26,2.412,-0.00103541105819005,-0.0010359474665204717
1975-03-27,2.404,-0.0033167495854062867,-0.003322262191977848
1975-03-28,2.408,0.0016638935108153063,0.0016625107736134572
1975-03-31,2.406,-0.0008305647840530783,-0.0008309098940873922
1975-04-01,2.408,0.0008312551953448821,0.0008309098940873815
1975-04-02,2.408,0.0,0.0
1975-04-03,2.4022,-0.002408637873754116,-0.0024115433083216984
1975-04-04,2.3903,-0.004953792357006215,-0.004966103059635561
1975-04-07,2.3801,-0.0042672467891058385,-0.004276377471192597
1975-04-08,2.3811,0.00042015041384813046,0.0004200621753777568
1975-04-09,2.3768,-0.0018058880349418605,-0.001807520616541694
1975-04-10,2.3615,-0.0064372265230561165,-0.006458034812225988
1975-04-11,2.365,0.0014821088291341322,0.0014810115898616456
1975-04-14,2.3559,-0.0038477801268499423,-0.00385520187709475
1975-04-15,2.3665,0.004499342077337598,0.0044892502973638854
1975-04-16,2.3655,-0.0004225649693639921,-0.00042265427509986206
1975-04-17,2.37,0.0019023462270133518,0.0019005390579741393
1975-04-18,2.3745,0.001898734177214978,0.0018969338599994492
1975-04-21,2.3624,-0.005095809644135474,-0.005108837559463483
1975-04-22,2.3545,-0.0033440568912971314,-0.003349660746103788
1975-04-23,2.369,0.006158420046719293,0.006139534475176433
1975-04-24,2.3595,-0.004010130856901717,-0.004018192992343327
1975-04-25,2.352,-0.0031786395422760405,-0.003183702147924802
1975-04-28,2.346,-0.0025510204081631294,-0.0025542798050966313
1975-04-29,2.356,0.004262574595055302,0.004253515558056442
1975-04-30,2.351,-0.0021222410865874286,-0.0021244962314078066
1975-05-01,2.3482,-0.0011909825606125635,-0.0011916923439580973
1975-05-02,2.3368,-0.004854782386508605,-0.0048666051225800516
1975-05-05,2.3405,0.0015833618623757317,0.0015821096665938905
1975-05-06,2.3385,-0.0008545182653280081,-0.0008548835741844507
1975-05-07,2.3379,-0.00025657472738926934,-0.0002566076483158757
1975-05-08,2.3408,0.0012404294452288411,0.001239660748235137
1975-05-09,2.317,-0.010167464114832603,-0.010219505833483725
1975-05-12,2.299,-0.00776866637893836,-0.007798999669194736
1975-05-13,2.3065,0.0032622879512833602,0.0032569782346938596
1975-05-14,2.308,0.0006503360069367581,0.0006501246301148062
1975-05-15,2.3005,-0.003249566724436659,-0.00325485803246681
1975-05-16,2.3023,0.0007824386003041361,0.0007821326548011592
1975-05-19,2.303,0.0003040437823047526,0.00030399757036070574
1975-05-20,2.3038,0.00034737299174980585,0.0003473126717207356
1975-05-21,2.3145,0.004644500390658779,0.004633747978919071
1975-05-22,2.327,0.00540073449989209,0.0053862028309666155
1975-05-23,2.3265,-0.00021486892995281615,-0.0002148920175886153
1975-05-26,2.3265,0.0,0.0
1975-05-27,2.3265,0.0,0.0
1975-05-28,2.32,-0.002793896410917651,-0.0027978066243475284
1975-05-29,2.3165,-0.0015086206896550713,-0.0015097598036524751
1975-05-30,2.316,-0.00021584286639331207,-0.00021586616381724733
1975-06-02,2.32,0.0017271157167531026,0.0017256259674698574
1975-06-03,2.3203,0.00012931034482766002,0.0001293019849656903
1975-06-04,2.318,-0.0009912511313192596,-0.0009917427456242714
1975-06-05,2.3225,0.0019413287316651928,0.0019394467882965286
1975-06-06,2.3197,-0.0012055974165768868,-0.001206324733768901
1975-06-09,2.317,-0.0011639436133982217,-0.0011646215218483352
1975-06-10,2.316,-0.0004315925766078532,-0.00043168573949051473
1975-06-11,2.2815,-0.01489637305699476,-0.015008438325428567
1975-06-12,2.2775,-0.0017532325224632883,-0.0017547712333438473
1975-06-13,2.2835,0.002634467618002345,0.002631003490940419
1975-06-16,2.275,-0.0037223560324064486,-0.0037293012400029207
1975-06-17,2.272,-0.0013186813186814028,-0.0013195515440089063
1975-06-18,2.2729,0.0003961267605634422,0.00039604832307166764
1975-06-19,2.2735,0.0002639799375248053,0.0002639451009517336
1975-06-20,2.273,-0.00021992522542324533,-0.0002199494125219345
1975-06-23,2.2715,-0.0006599208095028342,-0.0006601386530851894
1975-06-24,2.257,-0.006383447061413139,-0.006403908381922273
1975-06-25,2.2565,-0.00022153300841831758,-0.00022155755047987842
1975-06-26,2.241,-0.006869044981165473,-0.006892745466128831
1975-06-27,2.225,-0.007139669790272252,-0.0071652792005864625
1975-06-30,2.1935,-0.014157303370786689,-0.014258473994072094
1975-07-01,2.209,0.007066332345566639,0.007041482813848698
1975-07-02,2.1995,-0.004300588501584435,-0.004309862631342733
1975-07-03,2.1945,-0.002273243919072465,-0.0022758316604857055
1975-07-04,2.1945,0.0,0.0
1975-07-07,2.186,-0.003873319662793473,-0.0038808403918049474
1975-07-08,2.1945,0.003888380603842778,0.003880840391804964
1975-07-09,2.206,0.0052403736614261565,0.005226690685158953
1975-07-10,2.1985,-0.0033998186763372074,-0.003405611192582915
1975-07-11,2.1995,0.00045485558335234266,0.0004547521679096952
1975-07-14,2.1915,-0.003637190270516011,-0.0036438209299105686
1975-07-15,2.1825,-0.004106776180698102,-0.004115232145106544
1975-07-16,2.185,0.001145475372279492,0.0011448198159332513
1975-07-17,2.1792,-0.0026544622425630493,-0.0026579915744974164
1975-07-18,2.175,-0.0019273127753304253,-0.0019291724324087907
1975-07-21,2.1755,0.00022988505747134624,0.0002298586379504131
1975-07-22,2.178,0.001149161112387942,0.0011485013321709664
1975-07-23,2.18,0.0009182736455464191,0.0009178522902289597
1975-07-24,2.1785,-0.0006880733944953921,-0.0006883102256378686
1975-07-25,2.1785,0.0,0.0
1975-07-28,2.176,-0.001147578609134725,-0.0011482375816635577
1975-07-29,2.1755,-0.00022977941176482997,-0.00022980581509857124
1975-07-30,2.163,-0.005745805561939821,-0.005762376207676069
1975-07-31,2.154,-0.004160887656033285,-0.004169568236724892
1975-08-01,2.1475,-0.003017641597028775,-0.0030222038579234287
1975-08-04,2.1415,-0.0027939464493595967,-0.0027978568029846432
1975-08-05,2.1405,-0.0004669624095261504,-0.0004670714704249872
1975-08-06,2.128,-0.005839757066105955,-0.0058568751234657004
1975-08-07,2.104,-0.011278195488721776,-0.011342276603934495
1975-08-08,2.104,0.0,0.0
1975-08-11,2.102,-0.0009505703422054701,-0.0009510224207041914
1975-08-12,2.1035,0.0007136060894386009,0.000713351593679111
1975-08-13,2.1075,0.001901592583788858,0.0018997868454348817
1975-08-14,2.108,0.00023724792408064133,0.00023721978524240037
1975-08-15,2.108,0.0,0.0
1975-08-18,2.108,0.0,0.0
1975-08-19,2.1175,0.004506641366224029,0.004496516864956633
1975-08-20,2.119,0.0007083825265643551,0.000708131742089622
1975-08-21,2.111,-0.003775365738555969,-0.003782510419978507
1975-08-22,2.106,-0.002368545712932435,-0.0023713551543999745
1975-08-25,2.1055,-0.00023741690408340954,-0.00023744509193818558
1975-08-26,2.109,0.0016623129897885836,0.0016609328767920664
1975-08-27,2.1105,0.0007112375533429027,0.0007109847437789285
1975-08-28,2.1095,-0.00047382136934370767,-0.0004739336581600257
1975-08-29,2.11,0.00023702299123007364,0.00023699490571874144
1975-09-01,2.11,0.0,0.0
1975-09-02,2.109,-0.0004739336492890489,-0.00047404599133753336
1975-09-03,2.112,0.0014224751066855834,0.0014214643473774466
1975-09-04,2.1085,-0.0016571969696971278,-0.0016585716395376995
1975-09-05,2.109,0.00023713540431602453,0.00023710729216020496
1975-09-08,2.111,0.000948316737790611,0.0009478673695462028
1975-09-09,2.1095,-0.000710563713879675,-0.0007108162839272442
1975-09-10,2.1105,0.0004740459824601473,0.0004739336581599242
1975-09-11,2.11,-0.00023691068467190934,-0.00023693875244128903
1975-09-12,2.1065,-0.0016587677725117267,-0.0016601450510408333
1975-09-15,2.1055,-0.0004747211013529373,-0.00047483381708874256
1975-09-16,2.0905,-0.007124198527665659,-0.007149696805362783
1975-09-17,2.081,-0.004544367376225766,-0.004554724402985261
1975-09-18,2.0785,-0.0012013455069678214,-0.0012020677009423105
1975-09-19,2.08,0.0007216742843396684,0.0007214140026715261
1975-09-22,2.071,-0.0043269230769230616,-0.004336311299779482
1975-09-23,2.044,-0.013037180106228896,-0.013122910071989128
1975-09-24,2.0445,0.00024461839530331986,0.000244588481101936
1975-09-25,2.047,0.0012227928588897097,0.0012220458565925388
1975-09-26,2.0445,-0.001221299462628167,-0.0012220458565924636
1975-09-29,2.0365,-0.003912937148447093,-0.003920612716229766
1975-09-30,2.043,0.003191750552418382,0.0031866677291548045
1975-10-01,2.04,-0.001468428781204123,-0.0014695079793599947
1975-10-02,2.0385,-0.0007352941176470562,-0.0007355645789539784
1975-10-03,2.0375,-0.0004905567819474266,-0.0004906771442902358
1975-10-06,2.043,0.002699386503067558,0.002695749702604357
1975-10-07,2.0415,-0.0007342143906020615,-0.0007344840579916098
1975-10-08,2.043,0.0007347538574578039,0.0007344840579916562
1975-10-09,2.0475,0.0022026431718060735,0.0022002209096023376
1975-10-10,2.058,0.00512820512820511,0.005115100666770409
1975-10-13,2.058,0.0,0.0
1975-10-14,2.0475,-0.005102040816326481,-0.005115100666770377
1975-10-15,2.0555,0.003907203907203893,0.0038995906107085984
1975-10-16,2.0555,0.0,0.0
1975-10-17,2.0575,0.0009729992702507406,0.0009725262132919689
1975-10-20,2.061,0.0017010935601458055,0.0016996483392341516
1975-10-21,2.061,0.0,0.0
1975-10-22,2.0745,0.0065502183406114245,0.006528858882463631
1975-10-23,2.0665,-0.00385635092793446,-0.00386380582113556
1975-10-24,2.0695,0.001451729978224181,0.0014506772370001756
1975-10-27,2.069,-0.00024160425223496151,-0.0002416334432441865
1975-10-28,2.066,-0.0014499758337361834,-0.0014510280659592537
1975-10-29,2.068,0.0009680542110359625,0.0009675859487360381
1975-10-30,2.072,0.0019342359767891004,0.0019323677510538603
1975-10-31,2.078,0.0028957528957527234,0.0028915682797988527
1975-11-03,2.0745,-0.001684311838305974,-0.0016857318862500208
1975-11-04,2.0745,0.0,0.0
1975-11-05,2.0645,-0.004820438659918214,-0.004832094446777828
1975-11-06,2.0685,0.0019375151368370425,0.0019356405753213042
1975-11-07,2.0655,-0.0014503263234225683,-0.0014513790646467639
1975-11-10,2.066,0.00024207213749694034,0.00024204284276459448
1975-11-11,2.066,0.0,0.0
1975-11-12,2.0635,-0.001210067763794731,-0.001210800486947307
1975-11-13,2.053,-0.005088441967530888,-0.00510143217370293
1975-11-14,2.0455,-0.003653190452995503,-0.003659879649480202
1975-11-17,2.032,-0.0065998533365925205,-0.006621728671080745
1975-11-18,2.0355,0.0017224409448817202,0.0017209592446608434
1975-11-19,2.0405,0.002456398919184588,0.0024533869028269626
1975-11-20,2.046,0.0026954177897571263,0.0026917916657111314
1975-11-21,2.0415,-0.0021994134897359574,-0.0022018357519412238
1975-11-24,2.0375,-0.001959343619887366,-0.001961265644612708
1975-11-25,2.0373,-9.815950920244454e-05,-9.816432716235627e-05
1975-11-26,2.032,-0.002601482354096185,-0.002604872089482975
1975-11-27,2.032,0.0,0.0
1975-11-28,2.02,-0.0059055118110236116,-0.005923018303122056
1975-12-01,2.021,0.0004950495049504955,0.0004949270083705664
1975-12-02,2.02,-0.0004948045522018552,-0.0004949270083705408
1975-12-03,2.024,0.001980198019801982,0.0019782400121057205
1975-12-04,2.029,0.0024703557312253377,0.002467309418458621
1975-12-05,2.0235,-0.0027106949236077593,-0.0027143755098945504
1975-12-08,2.023,-0.00024709661477628764,-0.0002471271481747078
1975-12-09,2.0225,-0.00024715768660410475,-0.00024718823509876236
1975-12-10,2.023,0.00024721878862798974,0.00024718823509876497
1975-12-11,2.022,-0.0004943153732083205,-0.0004944375873289542
1975-12-12,2.0185,-0.0017309594460929167,-0.0017324592874211585
1975-12-15,2.017,-0.0007431260837256204,-0.0007434023387838156
1975-12-16,2.0185,0.0007436787307883996,0.000743402338783834
1975-12-17,2.0218,0.0016348773841960984,0.001633542426961626
1975-12-18,2.0218,0.0,0.0
1975-12-19,2.0214,-0.0001978435057868877,-0.00019786307939499546
1975-12-22,2.0213,-4.9470663896156175e-05,-4.9471887609808124e-05
1975-12-23,2.0215,9.894622272788034e-05,9.894132787326654e-05
1975-12-24,2.023,0.0007420232500618962,0.0007417480869199657
1975-12-25,2.023,0.0,0.0
1975-12-26,2.023,0.0,0.0
1975-12-29,2.0225,-0.00024715768660410475,-0.00024718823509876236
1975-12-30,2.0235,0.0004944375772557574,0.0004943153832733947
1975-12-31,2.0235,0.0,0.0
1976-01-01,2.0235,0.0,0.0
1976-01-02,2.0245,0.0004941932295530194,0.0004940711562958136
1976-01-05,2.0325,0.003951592985922403,0.003943805949749797
1976-01-06,2.0325,0.0,0.0
1976-01-07,2.0345,0.0009840098400983877,0.0009835260197789734
1976-01-08,2.034,-0.0002457606291472736,-0.0002457908332394455
1976-01-09,2.0305,-0.0017207472959684944,-0.0017222294821527396
1976-01-12,2.031,0.00024624476729884215,0.0002462144540323512
1976-01-13,2.025,-0.002954209748892267,-0.0029585820397452656
1976-01-14,2.027,0.0009876543209876854,0.0009871669113605522
1976-01-15,2.0275,0.00024666995559918803,0.00024663953756773056
1976-01-16,2.0295,0.0009864364981504448,0.000985950289384448
1976-01-19,2.0325,0.0014781966001478075,0.0014771051430132233
1976-01-20,2.0305,-0.0009840098400984987,-0.0009844942956132737
1976-01-21,2.0235,-0.0034474267421817917,-0.003453382810432281
1976-01-22,2.023,-0.00024709661477628764,-0.0002471271481747078
1976-01-23,2.023,0.0,0.0
1976-01-26,2.0252,0.0010874938210576612,0.0010869029280084679
1976-01-27,2.026,0.00039502271380609244,0.00039494471287463144
1976-01-28,2.0287,0.001332675222112778,0.0013317879986552953
1976-01-29,2.03,0.0006408044560555215,0.0006405992285491913
1976-01-30,2.0295,-0.00024630541871906164,-0.0002463357568804448
1976-02-02,2.0285,-0.0004927322000491952,-0.000492853632450419
1976-02-03,2.0276,-0.0004436775942815441,-0.00044377604830768506
1976-02-04,2.0311,0.0017261787334779122,0.0017246905992456157
1976-02-05,2.028,-0.0015262665550686005,-0.0015274324863661375
1976-02-06,2.0265,-0.0007396449704142327,-0.000739918642710575
1976-02-09,2.028,0.0007401924500369805,0.0007399186427105144
1976-02-10,2.0265,-0.0007396449704142327,-0.000739918642710575
1976-02-11,2.0296,0.0015297310634097006,0.0015285622167087603
1976-02-12,2.0296,0.0,0.0
1976-02-13,2.0245,-0.0025128104059911616,-0.0025159728128561383
1976-02-16,2.0245,0.0,0.0
1976-02-17,2.0224,-0.0010372931588046308,-0.001037831519677515
1976-02-18,2.024,0.0007911392405062223,0.0007908264548177709
1976-02-19,2.0235,-0.000247035573122667,-0.0002470660914360372
1976-02-20,2.0242,0.0003459352606869359,0.0003458754388805598
1976-02-23,2.025,0.00039521786384733026,0.0003951397858385834
1976-02-24,2.025,0.0,0.0
1976-02-25,2.0262,0.000592592592592478,0.0005924170789373851
1976-02-26,2.026,-9.870693909785899e-05,-9.871181094836496e-05
1976-02-27,2.0252,-0.00039486673247779436,-0.0003949447128745885
1976-03-01,2.0239,-0.0006419119099349002,-0.0006421180235942201
1976-03-02,2.0238,-4.9409555808010985e-05,-4.941077650032297e-05
1976-03-03,2.0245,0.0003458839806305125,0.00034582417655626755
1976-03-04,2.0135,-0.005433440355643415,-0.005448255180707002
1976-03-05,1.979,-0.017134343183511258,-0.01728283468894309
1976-03-08,1.9415,-0.01894896412329461,-0.01913079643084374
1976-03-09,1.941,-0.0002575328354365025,-0.00025756600271173034
1976-03-10,1.9125,-0.014683153013910322,-0.014792017468319318
1976-03-11,1.933,0.010718954248365886,0.01066191350763987
1976-03-12,1.925,-0.0041386445938954575,-0.004147232486446257
1976-03-15,1.922,-0.0015584415584416478,-0.0015596571916468866
1976-03-16,1.9127,-0.004838709677419284,-0.004850454133749354
1976-03-17,1.921,0.0043394154859621725,0.004330027372068193
1976-03-18,1.9238,0.0014575741801143849,0.0014565129499584078
1976-03-19,1.921,-0.0014554527497659953,-0.0014565129499584536
1976-03-22,1.9217,0.0003643935450285962,0.0003643271698247413
1976-03-23,1.925,0.0017172295363481194,0.0017157567835032676
1976-03-24,1.9266,0.0008311688311688492,0.0008308236016386685
1976-03-25,1.9234,-0.001660957126544238,-0.0016623380451419058
1976-03-26,1.92,-0.001767703025891687,-0.001769267256554215
1976-03-29,1.917,-0.0015624999999999112,-0.0015637219761826474
1976-03-30,1.9155,-0.0007824726134585402,-0.0007827789049408337
1976-03-31,1.9159,0.00020882276168099345,0.0002088009612429944
1976-04-01,1.884,-0.016650138316196106,-0.016790309965638392
1976-04-02,1.871,-0.006900212314224996,-0.006924128862218695
1976-04-05,1.8645,-0.0034740780331373733,-0.0034801266552141347
1976-04-06,1.86,-0.002413515687851975,-0.002416432911628568
1976-04-07,1.8662,0.0033333333333334103,0.0033277900926747457
1976-04-08,1.834,-0.017254313578394576,-0.017404903983511417
1976-04-09,1.8365,0.0013631406761176468,0.0013622124433117142
1976-04-12,1.845,0.004628369180506464,0.004617691214905626
1976-04-13,1.853,0.0043360433604335835,0.004326669810732198
1976-04-14,1.8565,0.0018888289260658997,0.0018870473317750514
1976-04-15,1.852,-0.00242391597091296,-0.00242685841101003
1976-04-16,1.854,0.001079913606911509,0.0010793309196758319
1976-04-19,1.854,0.0,0.0
1976-04-20,1.847,-0.003775620280474734,-0.0037827659265605865
1976-04-21,1.84,-0.0037899296155927686,-0.003797129596208573
1976-04-22,1.829,-0.005978260869565322,-0.005996202212165711
1976-04-23,1.819,-0.005467468562055822,-0.005482469872743497
1976-04-26,1.8185,-0.0002748763056624748,-0.00027491409107855113
1976-04-27,1.8225,0.002199615067363103,0.00219719945576938
1976-04-28,1.8315,0.004938271604938205,0.0049261183360557815
1976-04-29,1.841,0.005187005187005322,0.005173599014208929
1976-04-30,1.84,-0.0005431830526887449,-0.0005433306300465419
1976-05-03,1.828,-0.006521739130434745,-0.0065430985889359475
1976-05-04,1.8255,-0.001367614879649981,-0.0013685509184038537
1976-05-05,1.8246,-0.0004930156121609741,-0.0004931371843175142
1976-05-06,1.822,-0.0014249698564068325,-0.0014259860914702812
1976-05-07,1.823,0.0005488474204171645,0.0005486968587594479
1976-05-10,1.831,0.004388370817334009,0.004378769995847617
1976-05-11,1.8335,0.001365374112506812,0.001364442836869976
1976-05-12,1.8385,0.0027270248159259047,0.0027233132299460745
1976-05-13,1.8275,-0.005983138428066415,-0.006001109117393185
1976-05-14,1.8165,-0.006019151846785142,-0.006037339962676851
1976-05-17,1.804,-0.006881365262868089,-0.006905151038687603
1976-05-18,1.8105,0.003603104212860364,0.0035966285831269705
1976-05-19,1.808,-0.0013808340237503325,-0.0013817882535740646
1976-05-20,1.8055,-0.0013827433628318397,-0.0013837002346093487
1976-05-21,1.78,-0.014123511492661334,-0.014224197431381628
1976-05-24,1.794,0.00786516853932584,0.007834399332610592
1976-05-25,1.7858,-0.004570791527313212,-0.004581269535625323
1976-05-26,1.771,-0.008287602195094723,-0.008322135300282599
1976-05-27,1.7705,-0.00028232636928282595,-0.0002823662308750511
1976-05-28,1.7595,-0.006212934199378628,-0.0062323147903185
1976-05-31,1.7595,0.0,0.0
1976-06-01,1.754,-0.003125888036374036,-0.0031307838295115613
1976-06-02,1.7205,-0.01909920182440139,-0.0192839476945933
1976-06-03,1.7089,-0.006742226097064763,-0.006765057584671857
1976-06-04,1.7165,0.004447305284100755,0.004437445244883447
1976-06-07,1.756,0.02301194290707831,0.022751161297315175
1976-06-08,1.7696,0.0077448747152619735,0.007715037132953708
1976-06-09,1.769,-0.00033905967450276187,-0.0003391171682304358
1976-06-10,1.7705,0.0008479366873941352,0.000847577392173275
1976-06-11,1.7703,-0.00011296243998870636,-0.0001129688207256574
1976-06-14,1.77,-0.0001694628029147438,-0.00016947716335792654
1976-06-15,1.7765,0.0036723163841807516,0.00366558989320691
1976-06-16,1.7755,-0.0005629045876722749,-0.0005630630779390758
1976-06-17,1.7755,0.0,0.0
1976-06-18,1.774,-0.000844832441565746,-0.0008451895136177744
1976-06-21,1.7739,-5.636978579481866e-05,-5.637137463090245e-05
1976-06-22,1.772,-0.0010710863070071408,-0.0010716603298676266
1976-06-23,1.7725,0.0002821670428894141,0.00028212724125633096
1976-06-24,1.7715,-0.0005641748942171176,-0.0005643341007557876
1976-06-25,1.7721,0.0003386960203217715,0.00033863867577256225
1976-06-28,1.7742,0.0011850347045878618,0.0011843331051873797
1976-06-29,1.7795,0.0029872618645023774,0.0029828088637608983
1976-06-30,1.785,0.0030907558302892824,0.003085989263491961
1976-07-01,1.79,0.0028011204481792618,0.002797204621061219
1976-07-02,1.7911,0.0006145251396647566,0.0006143363964121406
1976-07-05,1.7911,0.0,0.0
1976-07-06,1.8023,0.006253140528167167,0.006233670767546731
1976-07-07,1.8025,0.00011096931698384438,0.0001109631603446496
1976-07-08,1.782,-0.011373092926490913,-0.011438261128349449
1976-07-09,1.7795,-0.0014029180695847021,-0.0014039030805072187
1976-07-12,1.7891,0.005394773812868792,0.0053802741455297575
1976-07-13,1.787,-0.0011737745235034236,-0.0011744639363490612
1976-07-14,1.7805,-0.0036373810856182853,-0.003644012441595552
1976-07-15,1.78,-0.0002808199943835632,-0.00028085943170155043
1976-07-16,1.776,-0.0022471910112359383,-0.0022497197340154416
1976-07-19,1.774,-0.0011261261261261701,-0.0011267606825906176
1976-07-20,1.7815,0.0042277339346110665,0.004218822176365956
1976-07-21,1.7834,0.0010665169800729846,0.001065948654888339
1976-07-22,1.783,-0.0002242906807222722,-0.00022431583763871322
1976-07-23,1.7818,-0.0006730229949521993,-0.0006732495765968751
1976-07-26,1.7786,-0.0017959366932316367,-0.0017975513210037924
1976-07-27,1.7815,0.0016304958956483429,0.001629168080351133
1976-07-28,1.7915,0.005613247263541954,0.0055975516991177586
1976-07-29,1.785,-0.0036282444878594777,-0.0036348425312691937
1976-07-30,1.785,0.0,0.0
1976-08-02,1.788,0.001680672268907557,0.0016792615197199939
1976-08-03,1.788,0.0,0.0
1976-08-04,1.7943,0.0035234899328859814,0.0035172969851616494
1976-08-05,1.7885,-0.0032324583402998375,-0.0032376940195485947
1976-08-06,1.7888,0.00016773832820793366,0.00016772426170753085
1976-08-09,1.7925,0.0020684257602863187,0.002066289512995494
1976-08-10,1.7895,-0.0016736401673639323,-0.0016750422676948438
1976-08-11,1.7898,0.00016764459346174654,0.00016763054267722482
1976-08-12,1.7852,-0.0025701195664320498,-0.002573427993643038
1976-08-13,1.7815,-0.0020725969079093964,-0.002074747709224022
1976-08-16,1.7814,-5.613247263536181e-05,-5.613404812156145e-05
1976-08-17,1.7864,0.002806781183338991,0.0028028495281790453
1976-08-18,1.783,-0.001903269144648445,-0.0019050826628077024
1976-08-19,1.7815,-0.0008412787436903324,-0.0008416328172495926
1976-08-20,1.7808,-0.00039292730844797674,-0.00039300452461039383
1976-08-23,1.7824,0.0008984725965859308,0.0008980692116846272
1976-08-24,1.7755,-0.0038711849192100134,-0.00387869734982226
1976-08-25,1.7704,-0.0028724303013236696,-0.0028765636463027808
1976-08-26,1.7723,0.0010732037957523755,0.001072628324254096
1976-08-27,1.77,-0.0012977486881453615,-0.0012985914932191831
1976-08-30,1.775,0.0028248587570620654,0.0028208763416412634
1976-08-31,1.7775,0.0014084507042253502,0.0014074597678797698
1976-09-01,1.775,-0.0014064697609001975,-0.0014074597678798285
1976-09-02,1.773,-0.0011267605633802358,-0.001127395835308235
1976-09-03,1.7725,-0.00028200789622101485,-0.0002820476679252459
1976-09-06,1.7725,0.0,0.0
1976-09-07,1.7712,-0.0007334273624822751,-0.0007336964519100382
1976-09-08,1.7715,0.00016937669376693165,0.0001693623511542493
1976-09-09,1.748,-0.013265594129268976,-0.013354368090045912
1976-09-10,1.753,0.0028604118993134087,0.0028563287057536365
1976-09-13,1.748,-0.0028522532800911993,-0.002856328705753656
1976-09-14,1.7395,-0.00486270022883295,-0.004874561623484046
1976-09-15,1.7341,-0.003104340327680366,-0.0031091687874931157
1976-09-16,1.7392,0.002941006862349438,0.002936690562441484
1976-09-17,1.734,-0.0029898804047838734,-0.0029943590264579004
1976-09-20,1.7222,-0.006805074971165004,-0.006828335078422409
1976-09-21,1.716,-0.0036000464522122355,-0.0036065422141571784
1976-09-22,1.716,0.0,0.0
1976-09-23,1.7107,-0.0030885780885779868,-0.00309335758966129
1976-09-24,1.7054,-0.003098146957385861,-0.003102956150296983
1976-09-27,1.6795,-0.015187052890817454,-0.015303557255601827
1976-09-28,1.636,-0.025900565644537132,-0.02624189188965514
1976-09-29,1.6665,0.01864303178484117,0.018471380585102105
1976-09-30,1.66,-0.003900390039003998,-0.003908016397205558
1976-10-01,1.666,0.0036144578313253017,0.0036079413761990835
1976-10-04,1.6705,0.0027010804321729864,0.002697439070023342
1976-10-05,1.6635,-0.00419036216701596,-0.004199166338279905
1976-10-06,1.6515,-0.007213706041478862,-0.007239850627687124
1976-10-07,1.6645,0.007871631849833527,0.007840812184235331
1976-10-08,1.662,-0.0015019525382998777,-0.001503081599686221
1976-10-11,1.662,0.0,0.0
1976-10-12,1.6535,-0.005114320096269553,-0.005127442993546026
1976-10-13,1.6541,0.0003628666465074204,0.0003628008263279971
1976-10-14,1.639,-0.009128831388670489,-0.009170754504345685
1976-10-15,1.65,0.006711409395973034,0.006688988150796489
1976-10-18,1.6547,0.002848484848484878,0.0028444356031722892
1976-10-19,1.6477,-0.004230374085937072,-0.004239347434412845
1976-10-20,1.6463,-0.00084966923590446,-0.0008500304094095177
1976-10-21,1.6465,0.0001214845410921761,0.00012147716244290241
1976-10-22,1.6482,0.0010324931673246773,0.0010319605128642564
1976-10-25,1.595,-0.03227763620919799,-0.03281004711033832
1976-10-26,1.604,0.005642633228840177,0.0056267732075149105
1976-10-27,1.583,-0.013092269326683392,-0.013178728545447759
1976-10-28,1.5665,-0.010423246999368252,-0.01047794948876569
1976-10-29,1.588,0.013724864347270938,0.013631531414834561
1976-11-01,1.5875,-0.00031486146095727197,-0.00031491104023441223
1976-11-02,1.5875,0.0,0.0
1976-11-03,1.6075,0.012598425196850505,0.012519725344927849
1976-11-04,1.625,0.010886469673405896,0.010827638652063393
1976-11-05,1.625,0.0,0.0
1976-11-08,1.6155,-0.005846153846153834,-0.005863309499284901
1976-11-09,1.6282,0.007861343237387963,0.007830603875324565
1976-11-10,1.6333,0.0031322933300577116,0.0031273979192162076
1976-11-11,1.6333,0.0,0.0
1976-11-12,1.628,-0.0032449641829425113,-0.0032502404966079784
1976-11-15,1.64,0.0073710073710073765,0.007343974255758505
1976-11-16,1.6427,0.0016463414634146911,0.0016449877289101088
1976-11-17,1.6645,0.013270834601570636,0.013183548467925525
1976-11-18,1.665,0.00030039050765995334,0.0003003453994645636
1976-11-19,1.679,0.008408408408408397,0.008373254662996606
1976-11-22,1.646,-0.01965455628350221,-0.019850275840525827
1976-11-23,1.6435,-0.0015188335358444771,-0.0015199881327410294
1976-11-24,1.6475,0.0024338302403408285,0.002430873272388279
1976-11-25,1.6475,0.0,0.0
1976-11-26,1.646,-0.0009104704097117056,-0.0009108851396471843
1976-11-29,1.6484,0.001458080194410849,0.0014570182276473199
1976-11-30,1.651,0.001577287066246047,0.0015760444554657142
1976-12-01,1.6623,0.0068443367655965925,0.0068210206212856355
1976-12-02,1.6635,0.0007218913553508344,0.0007216309171175716
1976-12-03,1.6627,-0.0004809137360984872,-0.00048102941219757464
1976-12-06,1.6567,-0.0036085884404883917,-0.0036151151018420347
1976-12-07,1.671,0.00863161707007909,0.008594577650901993
1976-12-08,1.6705,-0.0002992220227407971,-0.0002992667985824117
1976-12-09,1.67,-0.0002993115833583859,-0.0002993563860105437
1976-12-10,1.6695,-0.0002994011976047428,-0.00029944602709153104
1976-12-13,1.6835,0.008385744234800763,0.008350779217419889
1976-12-14,1.675,-0.005049005049005073,-0.005061794341962391
1976-12-15,1.6675,-0.004477611940298498,-0.004487666469388017
1976-12-16,1.663,-0.0026986506746626837,-0.0027022985968511225
1976-12-17,1.671,0.0048105832832230355,0.004799049402465983
1976-12-20,1.681,0.005984440454817497,0.005966604813221916
1976-12-21,1.679,-0.0011897679952409534,-0.0011904763310748134
1976-12-22,1.6852,0.0036926742108398525,0.0036858730273207157
1976-12-23,1.6845,-0.00041538096368376465,-0.00041546725825383524
1976-12-24,1.6895,0.0029682398337784743,0.00296384330773698
1976-12-27,1.694,0.0026635099141758545,0.0026599690576551284
1976-12-28,1.697,0.0017709563164109987,0.0017693900222267493
1976-12-29,1.706,0.005303476723629963,0.00528946281739814
1976-12-30,1.6995,-0.0038100820633059085,-0.00381735891545366
1976-12-31,1.701,0.0008826125330980705,0.0008822232596911657
1977-01-03,1.704,0.0017636684303350414,0.0017621149933992233
1977-01-04,1.7085,0.002640845070422504,0.0026373641660854498
1977-01-05,1.7107,0.001287679250804974,0.0012868509028998506
1977-01-06,1.7055,-0.003039691354416396,-0.0030443205995458527
1977-01-07,1.706,0.00029316915860455595,0.0002931261929240473
1977-01-10,1.7087,0.0015826494724502371,0.001581398402603324
1977-01-11,1.7077,-0.000585240241119056,-0.0005854115610344353
1977-01-12,1.7065,-0.0007026995373895506,-0.0007029465464316794
1977-01-13,1.711,0.0026369762672135977,0.0026335055454317488
1977-01-14,1.7108,-0.00011689070718878813,-0.00011689753943992464
1977-01-17,1.7138,0.001753565583352712,0.0017520298822647654
1977-01-18,1.7155,0.0009919477185202918,0.0009914560634860176
1977-01-19,1.7185,0.0017487612940831898,0.0017472339913840004
1977-01-20,1.7165,-0.001163805644457394,-0.0011644833921418468
1977-01-21,1.7162,-0.00017477424992717872,-0.00017478952472618447
1977-01-24,1.7188,0.0015149749446452532,0.0015138285278195867
1977-01-25,1.7195,0.0004072608796834576,0.00040717797148081186
1977-01-26,1.7184,-0.0006397208490841466,-0.0006399255577754574
1977-01-27,1.7162,-0.0012802607076349837,-0.001281080941524962
1977-01-28,1.713,-0.0018645845472554656,-0.0018663250489005558
1977-01-31,1.715,0.0011675423234092097,0.0011668612759203679
1977-02-01,1.7153,0.00017492711370259428,0.00017491181573903319
1977-02-02,1.716,0.000408091878971506,0.0004080086321281352
1977-02-03,1.7133,-0.0015734265734265174,-0.0015746657089806095
1977-02-04,1.7147,0.0008171365201656844,0.0008168028458786484
1977-02-07,1.7145,-0.00011663847903420343,-0.00011664528183058283
1977-02-08,1.7157,0.0006999125109361515,0.0006996676864051767
1977-02-09,1.7177,0.0011657049600746205,0.0011650260535995256
1977-02-10,1.7158,-0.0011061302905047699,-0.0011067425041148737
1977-02-11,1.7123,-0.0020398647861056274,-0.002041948143939412
1977-02-14,1.6969,-0.00899375109501832,-0.009034439016144986
1977-02-15,1.7035,0.0038894454593669803,0.003881901122240751
1977-02-16,1.7066,0.0018197828001174088,0.001818129001463203
1977-02-17,1.7054,-0.0007031524668931199,-0.0007033997945351261
1977-02-18,1.7043,-0.0006450099683359412,-0.0006452180767583839
1977-02-21,1.7043,0.0,0.0
1977-02-22,1.7072,0.0017015783606173507,0.0017001323162981138
1977-02-23,1.7077,0.00029287722586679443,0.00029283434570428975
1977-02-24,1.7079,0.00011711658956481408,0.00011710973195246
1977-02-25,1.7085,0.00035130862462673385,0.0003512469302006317
1977-02-28,1.713,0.0026338893766462146,0.00263042676877342
1977-03-01,1.7132,0.00011675423234080995,0.0001167474170958925
1977-03-02,1.7144,0.0007004436142890036,0.0007001984181513029
1977-03-03,1.7136,-0.00046663555762949116,-0.00046674446588294014
1977-03-04,1.7145,0.0005252100840336116,0.0005250722094907142
1977-03-07,1.7171,0.0015164771070284022,0.0015153284167819998
1977-03-08,1.7175,0.00023295090559671827,0.00023292377674755398
1977-03-09,1.7181,0.0003493449781659663,0.0003492839714169355
1977-03-10,1.7158,-0.0013386880856760541,-0.0013395849290564722
1977-03-11,1.718,0.001282200722694915,0.0012813794053357856
1977-03-14,1.7192,0.0006984866123400657,0.0006982427841001577
1977-03-15,1.719,-0.00011633317822246081,-0.00011633994545147907
1977-03-16,1.7193,0.00017452006980800405,0.00017450484295219003
1977-03-17,1.7189,-0.0002326528238236758,-0.00023267989169025084
1977-03-18,1.7168,-0.001221711559718397,-0.0012224584576771924
1977-03-21,1.7173,0.0002912395153773506,0.00029119711338224986
1977-03-22,1.7164,-0.0005240784953124411,-0.0005242158724467636
1977-03-23,1.718,0.0009321836401772199,0.0009317494268311462
1977-03-24,1.7178,-0.00011641443539001095,-0.00011642121207633572
1977-03-25,1.7175,-0.00017464198393291053,-0.00017465723561993564
1977-03-28,1.7183,0.0004657933042211404,0.0004656848561949479
1977-03-29,1.7191,0.00046557644183220503,0.00046546809474853917
1977-03-30,1.7206,0.0008725495899015723,0.0008721691397997894
1977-03-31,1.72,-0.0003487155643380202,-0.0003487763797490238
1977-04-01,1.7194,-0.00034883720930223294,-0.0003488980671549303
1977-04-04,1.7198,0.0002326392927765042,0.0002326122364523938
1977-04-05,1.7197,-5.81462960809187e-05,-5.814798664232624e-05
1977-04-06,1.7188,-0.0005233470954235653,-0.0005234840893136976
1977-04-07,1.7187,-5.818012566916053e-05,-5.818181819831999e-05
1977-04-08,1.7183,-0.00023273404317214474,-0.00023276112994232757
1977-04-11,1.7185,0.00011639411045805126,0.00011638733718915058
1977-04-12,1.7191,0.00034914169333721823,0.0003490807575592729
1977-04-13,1.7196,0.0002908498633005241,0.00029080757467859434
1977-04-14,1.7182,-0.000814142823912567,-0.0008144744181703707
1977-04-15,1.718,-0.00011640088464670573,-0.00011640765975543653
1977-04-18,1.7194,0.0008149010477298546,0.0008145691961429588
1977-04-19,1.7191,-0.00017447946958237814,-0.0001744946928958272
1977-04-20,1.7196,0.0002908498633005241,0.00029080757467859434
1977-04-21,1.7192,-0.00023261223540360643,-0.00023263929382579755
1977-04-22,1.7182,-0.000581665891112193,-0.0005818351243446159
1977-04-25,1.7188,0.0003492026539402282,0.0003491416968839664
1977-04-26,1.7191,0.00017454037700725955,0.00017452514660784397
1977-04-27,1.7198,0.0004071898086206449,0.0004071069293481561
1977-04-28,1.7192,-0.00034887777648562324,-0.0003489386484954253
1977-04-29,1.7192,0.0,0.0
1977-05-02,1.7195,0.0001744997673336357,0.00017448454402018665
1977-05-03,1.7194,-5.8156440825851696e-05,-5.8158131977224343e-05
1977-05-04,1.7196,0.0001163196463882521,0.00011631288178275008
1977-05-05,1.7186,-0.0005815305885090716,-0.000581699743003945
1977-05-06,1.7181,-0.00029093448155470547,-0.0002909768112012858
1977-05-09,1.7189,0.0004656306384960285,0.00046552226618994775
1977-05-10,1.719,5.8176740938886695e-05,5.81750487379244e-05
1977-05-11,1.7196,0.0003490401396160081,0.0003489792392771729
1977-05-12,1.7189,-0.00040707141195617247,-0.0004071542880151345
1977-05-13,1.7187,-0.00011635348187810646,-0.00011636025146959449
1977-05-16,1.7188,5.818351079311945e-05,5.81818181983091e-05
1977-05-17,1.7187,-5.818012566916053e-05,-5.818181819831999e-05
1977-05-18,1.7185,-0.00011636702158601686,-0.00011637379275317206
1977-05-19,1.7178,-0.00040733197556008793,-0.0004074149577642133
1977-05-20,1.7174,-0.00023285597857725104,-0.00023288309373999748
1977-05-23,1.7172,-0.00011645510655644564,-0.0001164618879788598
1977-05-24,1.7165,-0.0004076403447473842,-0.0004077234526589096
1977-05-25,1.7193,0.001631226332653668,0.0016298973280547357
1977-05-26,1.7171,-0.001279590531030106,-0.0012804099060445813
1977-05-27,1.7168,-0.0001747131791974832,-0.00017472844332289765
1977-05-30,1.7168,0.0,0.0
1977-05-31,1.7191,0.001339701770736168,0.0013388051710137312
1977-06-01,1.719,-5.816997266006041e-05,-5.8171664598533707e-05
1977-06-02,1.7169,-0.0012216404886561394,-0.0012223872996829194
1977-06-03,1.7177,0.00046595608363908525,0.0004658475598133943
1977-06-06,1.7182,0.0002910869185539511,0.0002910445609764996
1977-06-07,1.7185,0.0001746013269701141,0.0001745860859324687
1977-06-08,1.7184,-5.8190282222869705e-05,-5.819197534302471e-05
1977-06-09,1.7182,-0.00011638733705776616,-0.00011639411058945384
1977-06-10,1.7186,0.00023280176929341145,0.00023277467516647727
1977-06-13,1.7193,0.0004073082741766765,0.0004072253466788433
1977-06-14,1.7192,-5.816320595586344e-05,-5.8164897500717734e-05
1977-06-15,1.7196,0.00023266635644492162,0.00023263929382583688
1977-06-16,1.7192,-0.00023261223540360643,-0.00023263929382579755
1977-06-17,1.7194,0.00011633317822234979,0.00011632641204292114
1977-06-20,1.7196,0.0001163196463882521,0.00011631288178275008
1977-06-21,1.7194,-0.0001163061177017477,-0.00011631288178272955
1977-06-22,1.7196,0.0001163196463882521,0.00011631288178275008
1977-06-23,1.7197,5.815305885081834e-05,5.815136802724221e-05
1977-06-24,1.7196,-5.8149677269248023e-05,-5.815136802727629e-05
1977-06-27,1.7201,0.0002907652942545358,0.0002907230302187757
1977-06-28,1.7203,0.00011627230974942115,0.00011626555064833971
1977-06-29,1.7209,0.0003487763762135554,0.0003487155678718509
1977-06-30,1.7197,-0.0006973095473299384,-0.0006975527807115497
1977-07-01,1.7197,0.0,0.0
1977-07-04,1.7197,0.0,0.0
1977-07-05,1.7202,0.00029074838634635114,0.00029070612722525204
1977-07-06,1.7206,0.00023253110103471641,0.00023250406986855224
1977-07-07,1.7197,-0.0005230733465070303,-0.0005232101970939538
1977-07-08,1.7195,-0.00011629935453860707,-0.00011630611783292305
1977-07-11,1.72,0.00029078220412914746,0.00029073993517786905
1977-07-12,1.7199,-5.8139534883761e-05,-5.814122505202997e-05
1977-07-13,1.7205,0.00034885749171453817,0.00034879665508823947
1977-07-14,1.7205,0.0,0.0
1977-07-15,1.7195,-0.0005812263876779911,-0.0005813953652141653
1977-07-18,1.7199,0.00023262576330318474,0.00023259871012573793
1977-07-19,1.72,5.8142915285719354e-05,5.814122505193682e-05
1977-07-20,1.7203,0.00017441860465106096,0.0001744033954947176
1977-07-21,1.7194,-0.000523164564320111,-0.0005233014626497767
1977-07-22,1.7196,0.0001163196463882521,0.00011631288178275008
1977-07-25,1.7198,0.00011630611770185872,0.00011629935466973421
1977-07-26,1.7201,0.0001744388882427561,0.0001744236755489883
1977-07-27,1.737,0.009825010173827087,0.009777058588759725
1977-07-28,1.7372,0.00011514104778354017,0.00011513441956187987
1977-07-29,1.7365,-0.00040294727147138776,-0.0004030284765381536
1977-08-01,1.7375,0.0005758710048948679,0.0005757052548184511
1977-08-02,1.7377,0.00011510791366897699,0.00011510128926142533
1977-08-03,1.7385,0.0004603786614489902,0.00046027271970732907
1977-08-04,1.7394,0.0005176876617773996,0.000517553707748726
1977-08-05,1.7387,-0.00040243762216862766,-0.0004025186219207901
1977-08-08,1.7373,-0.0008051992868234326,-0.000805523633890222
1977-08-09,1.7381,0.00046048466010462086,0.0004603786695802838
1977-08-10,1.739,0.0005178068005293746,0.0005176727848488621
1977-08-11,1.738,-0.0005750431282346424,-0.0005752085289457084
1977-08-12,1.7378,-0.00011507479861905257,-0.00011508142023168321
1977-08-15,1.7391,0.0007480722752906122,0.0007477926086912779
1977-08-16,1.7403,0.0006900120752111327,0.0006897741263312728
1977-08-17,1.7407,0.00022984542894910476,0.0002298190185352981
1977-08-18,1.7395,-0.0006893778365024694,-0.0006896155666667496
1977-08-19,1.7403,0.0004599022707674205,0.0004597965481315702
1977-08-22,1.7397,-0.0003447681434235461,-0.000344827589623736
1977-08-23,1.7401,0.00022992469966087725,0.0002298982710281062
1977-08-24,1.7407,0.0003448077696683871,0.0003447483371308499
1977-08-25,1.7412,0.0002872407652094733,0.00028719951947898866
1977-08-26,1.7419,0.0004020215943028038,0.0004019408052735586
1977-08-29,1.7416,-0.0001722257305241115,-0.00017224056307829486
1977-08-30,1.7422,0.00034451079467157086,0.0003444514644539574
1977-08-31,1.7428,0.000344392147858974,0.00034433285849535747
1977-09-01,1.7422,-0.000344273582740362,-0.00034433285849535655
1977-09-02,1.7416,-0.000344392147858974,-0.00034445146445389804
1977-09-05,1.7416,0.0,0.0
1977-09-06,1.7411,-0.0002870923288929017,-0.00028713354778483015
1977-09-07,1.743,0.0010912641433575843,0.0010906691474680738
1977-09-08,1.7429,-5.7372346529138696e-05,-5.737399238516321e-05
1977-09-09,1.7424,-0.00028687819151984595,-0.0002869193489398632
1977-09-12,1.7432,0.0004591368227733206,0.00045903145171422916
1977-09-13,1.7434,0.00011473152822394361,0.00011472494706553207
1977-09-14,1.744,0.000344155099231358,0.0003440958914492451
1977-09-15,1.7437,-0.0001720183486237925,-0.0001720331454768353
1977-09-16,1.7427,-0.0005734931467569204,-0.0005736576568515571
1977-09-19,1.7419,-0.0004590577838985421,-0.00045916318318049585
1977-09-20,1.7414,-0.0002870428842068895,-0.0002870840889007745
1977-09-21,1.7427,0.0007465257838519257,0.0007462472720811402
1977-09-22,1.743,0.0001721466689621476,0.00017213185342460278
1977-09-23,1.7428,-0.00011474469305805535,-0.00011475127673398057
1977-09-26,1.7438,0.0005737893045674181,0.0005736247504276614
1977-09-27,1.7433,-0.0002867301296020086,-0.0002867712445450692
1977-09-28,1.7443,0.0005736247346985746,0.0005734602749195715
1977-09-29,1.7449,0.00034397752680148663,0.0003439183800950509
1977-09-30,1.7476,0.001547366611267309,0.0015461706730967213
1977-10-03,1.7559,0.004749370565346744,0.00473812788800408
1977-10-04,1.7555,-0.00022780340566086466,-0.00022782935679792644
1977-10-05,1.7572,0.0009683850754771406,0.0009679164931376336
1977-10-06,1.7596,0.001365809241975935,0.0013648773729402581
1977-10-07,1.7587,-0.0005114798817913435,-0.0005116107322462346
1977-10-10,1.7587,0.0,0.0
1977-10-11,1.7591,0.00022744072326164044,0.00022741486254145452
1977-10-12,1.7619,0.001591723040190951,0.0015904575917236347
1977-10-13,1.7641,0.0012486520233838672,0.001247873105776724
1977-10-14,1.7677,0.0020407006405533945,0.0020386212394773906
1977-10-17,1.7722,0.0025456808281947296,0.0025424460713644862
1977-10-18,1.7741,0.0010721137569122963,0.0010715394534008937
1977-10-19,1.7732,-0.0005072994757905347,-0.0005074281957044741
1977-10-20,1.7705,-0.0015226708775096798,-0.0015238313189401297
1977-10-21,1.7694,-0.000621293419937774,-0.0006214865026727668
1977-10-24,1.7743,0.002769300327794655,0.0027654728802480838
1977-10-25,1.7766,0.001296285859212043,0.0012954464060668293
1977-10-26,1.778,0.0007880220646179215,0.0007877117382494081
1977-10-27,1.7767,-0.0007311586051743646,-0.0007314260319895486
1977-10-28,1.7774,0.0003939888557438209,0.0003939112625145052
1977-10-31,1.8395,0.03493867446832444,0.034342173240454146
1977-11-01,1.844,0.0024463169339494772,0.0024433295717101204
1977-11-02,1.8335,-0.0056941431670283205,-0.005710416605158556
1977-11-03,1.809,-0.013362421598036578,-0.013452502116085605
1977-11-04,1.805,-0.002211166390270858,-0.002213614628313829
1977-11-07,1.8033,-0.0009418282548476764,-0.000942272053755273
1977-11-08,1.8033,0.0,0.0
1977-11-09,1.809,0.0031608717351523374,0.0031558866820691972
1977-11-10,1.8195,0.005804311774461057,0.005787531656919408
1977-11-11,1.8195,0.0,0.0
1977-11-14,1.8158,-0.0020335256938718294,-0.0020355961145575863
1977-11-15,1.8159,5.5072144509393794e-05,5.507062809451792e-05
1977-11-16,1.818,0.001156451346439713,0.0011557831716728305
1977-11-17,1.8187,0.00038503850385041005,0.00038496439554810936
1977-11-18,1.8245,0.0031890911090339813,0.003184016743530161
1977-11-21,1.817,-0.004110715264456055,-0.004119187480331188
1977-11-22,1.817,0.0,0.0
1977-11-23,1.8195,0.0013758943313153527,0.0013749486560433253
1977-11-24,1.8195,0.0,0.0
1977-11-25,1.8185,-0.0005496015388842812,-0.0005497526251707597
1977-11-28,1.8186,5.499037668399431e-05,5.4988864768657334e-05
1977-11-29,1.8141,-0.0024744308808973825,-0.002477497344535554
1977-11-30,1.817,0.0015985888319276498,0.0015973124488942538
1977-12-01,1.8168,-0.00011007154650521933,-0.000110077604822464
1977-12-02,1.8205,0.002036547776310016,0.0020344768241394437
1977-12-05,1.8305,0.005492996429552255,0.005477964944802695
1977-12-06,1.8215,-0.0049166894291178265,-0.004928816111672509
1977-12-07,1.8257,0.0023057919297284624,0.002303137670846307
1977-12-08,1.8273,0.0008763761844770013,0.0008759923910838667
1977-12-09,1.8303,0.001641766540797951,0.0016404203153678742
1977-12-12,1.8309,0.0003278151122765305,0.0003277613926423633
1977-12-13,1.8403,0.005134087061008374,0.005120952572589998
1977-12-14,1.847,0.003640710753681331,0.003634099408090996
1977-12-15,1.8465,-0.0002707092582565629,-0.00027074590662199956
1977-12-16,1.854,0.004061738424045558,0.004053511833182637
1977-12-19,1.873,0.01024811218985966,0.010195956318287949
1977-12-20,1.8785,0.002936465563267543,0.002932162569935131
1977-12-21,1.8848,0.0033537396859195656,0.003348128443243931
1977-12-22,1.854,-0.016341256366723234,-0.01647624733146708
1977-12-23,1.8655,0.0062028047464939284,0.006183646535411935
1977-12-26,1.8655,0.0,0.0
1977-12-27,1.878,0.006700616456714048,0.006678267106995712
1977-12-28,1.894,0.008519701810436597,0.008483613977815298
1977-12-29,1.91,0.008447729672650395,0.008412247294651924
1977-12-30,1.917,0.0036649214659687512,0.003658222004969103
1978-01-02,1.917,0.0,0.0
1978-01-03,1.961,0.022952529994783477,0.022693083150701746
1978-01-04,1.96,-0.0005099439061704292,-0.0005100739717834735
1978-01-05,1.8865,-0.03749999999999998,-0.03822121282019774
1978-01-06,1.93,0.023058574078982152,0.022796742494565998
1978-01-09,1.9165,-0.006994818652849677,-0.007019397078321392
1978-01-10,1.918,0.0007826767545002777,0.000782370622773637
1978-01-11,1.9405,0.011730969760166854,0.011662695365577479
1978-01-12,1.925,-0.007987632053594318,-0.008019704087076281
1978-01-13,1.93,0.0025974025974024872,0.002594035177046528
1978-01-16,1.928,-0.0010362694300518616,-0.0010368067284403603
1978-01-17,1.923,-0.002593360995850613,-0.0025967295817111834
1978-01-18,1.924,0.0005200208008320217,0.0005198856368720565
1978-01-19,1.9323,0.004313929313929377,0.00430465099530299
1978-01-20,1.9315,-0.0004140143869999502,-0.0004141001146187332
1978-01-23,1.9417,0.005280869790318388,0.005266974894072043
1978-01-24,1.9464,0.002420559303702996,0.002417634468904855
1978-01-25,1.9528,0.0032881216605016306,0.003282727609437648
1978-01-26,1.9519,-0.0004608766898812622,-0.0004609829261853782
1978-01-27,1.9465,-0.00276653517085923,-0.0027703691020546494
1978-01-30,1.9475,0.0005137426149499635,0.0005136106943929632
1978-01-31,1.9475,0.0,0.0
1978-02-01,1.9481,0.000308087291399195,0.0003080398422550362
1978-02-02,1.9492,0.000564652738565874,0.0005644933821928088
1978-02-03,1.941,-0.0042068540939872445,-0.004215727800340828
1978-02-06,1.9382,-0.0014425553838228744,-0.001443596868560681
1978-02-07,1.9325,-0.0029408729749250684,-0.0029452058388725307
1978-02-08,1.9335,0.0005174644243208792,0.0005173305857747941
1978-02-09,1.9351,0.0008275148694079082,0.00082717266774999
1978-02-10,1.9355,0.00020670766368668936,0.00020668630260119197
1978-02-13,1.9355,0.0,0.0
1978-02-14,1.9358,0.00015499870834401186,0.00015498669728533407
1978-02-15,1.935,-0.00041326583324718946,-0.0004133512511059866
1978-02-16,1.9415,0.003359173126614934,0.003353543707839768
1978-02-17,1.9447,0.0016482101467938381,0.0016468533391147046
1978-02-20,1.9447,0.0,0.0
1978-02-21,1.9448,5.142181313311234e-05,5.1420491077000874e-05
1978-02-22,1.9475,0.0013883175647881885,0.00138735474298976
1978-02-23,1.953,0.002824133504492954,0.002820153131775619
1978-02-24,1.925,-0.014336917562724039,-0.01444068415479436
1978-02-27,1.932,0.0036363636363636598,0.003629768050578731
1978-02-28,1.941,0.004658385093167849,0.004647568396547097
1978-03-01,1.939,-0.0010303967027305294,-0.0010309279263584293
1978-03-02,1.941,0.001031459515214106,0.001030927926358529
1978-03-03,1.939,-0.0010303967027305294,-0.0010309279263584293
1978-03-06,1.937,-0.001031459515213995,-0.001031991835655895
1978-03-07,1.937,0.0,0.0
1978-03-08,1.9343,-0.0013939081053175872,-0.001394880498943902
1978-03-09,1.926,-0.0042909579692912425,-0.004300190549981222
1978-03-10,1.9015,-0.01272066458982346,-0.01280226498975651
1978-03-13,1.909,0.003944254535892755,0.0039364963574333054
1978-03-14,1.915,0.0031430068098481367,0.003138077888998799
1978-03-15,1.906,-0.004699738903394368,-0.004710817400599056
1978-03-16,1.914,0.0041972717733473885,0.004188487798752214
1978-03-17,1.9075,-0.003396029258098232,-0.0034018088542875097
1978-03-20,1.9038,-0.0019397116644823686,-0.0019415953414072488
1978-03-21,1.899,-0.002521273242987676,-0.0025244570049189727
1978-03-22,1.898,-0.0005265929436546468,-0.0005267316424127958
1978-03-23,1.8745,-0.012381454162275984,-0.012458742993906362
1978-03-24,1.875,0.00026673779674579734,0.0002667022285444728
1978-03-27,1.881,0.0032000000000000917,0.0031948908965192886
1978-03-28,1.8835,0.0013290802764487353,0.0013281978310654102
1978-03-29,1.8787,-0.0025484470400849446,-0.0025516998588424743
1978-03-30,1.864,-0.007824559535849263,-0.007855332027716794
1978-03-31,1.862,-0.0010729613733905241,-0.00107353740852408
1978-04-03,1.8645,0.0013426423200859627,0.0013417417818631485
1978-04-04,1.8676,0.0016626441405200865,0.0016612634779063034
1978-04-05,1.873,0.002891411437138558,0.00288723934730654
1978-04-06,1.8735,0.00026695141484256446,0.00026691578965360997
1978-04-07,1.8746,0.0005871363757672388,0.0005869640786433381
1978-04-10,1.8753,0.0003734129947721154,0.00037334329349081937
1978-04-11,1.88,0.0025062656641603454,0.0025031302181184748
1978-04-12,1.875,-0.0026595744680850686,-0.002663117419483662
1978-04-13,1.863,-0.006399999999999961,-0.006420567802922695
1978-04-14,1.856,-0.0037573805689746775,-0.003764457255442478
1978-04-17,1.846,-0.0053879310344827624,-0.005402498283348421
1978-04-18,1.844,-0.0010834236186348933,-0.0010840109462583367
1978-04-19,1.8408,-0.0017353579175705125,-0.0017368653953830286
1978-04-20,1.824,-0.009126466753585305,-0.00916836808687933
1978-04-21,1.8275,0.0019188596491226395,0.0019170209896567031
1978-04-24,1.8215,-0.0032831737346101786,-0.0032885751753151376
1978-04-25,1.8147,-0.0037331869338457224,-0.0037401726676402286
1978-04-26,1.8166,0.0010470050146029752,0.0010464572871349386
1978-04-27,1.833,0.009027854233182753,0.008987346771591721
1978-04-28,1.823,-0.0054555373704310295,-0.005470473161042019
1978-05-01,1.8255,0.0013713658804168638,0.0013704264170284856
1978-05-02,1.8263,0.00043823609969884103,0.00043814010230462647
1978-05-03,1.825,-0.000711821716037897,-0.0007120751814041809
1978-05-04,1.828,0.0016438356164383272,0.0016424859975034108
1978-05-05,1.8272,-0.0004376367614880028,-0.00043773255240427605
1978-05-08,1.818,-0.005035026269702203,-0.0050477447242668625
1978-05-09,1.811,-0.0038503850385038785,-0.003857816854010789
1978-05-10,1.8242,0.007288790723357419,0.007262355862644823
1978-05-11,1.818,-0.00339875013704638,-0.003404539008633909
1978-05-12,1.819,0.0005500550055004272,0.0005499037806979876
1978-05-15,1.8207,0.0009345794392523477,0.000934142991796922
1978-05-16,1.809,-0.006426099851705391,-0.006446836114624033
1978-05-17,1.812,0.0016583747927032544,0.0016570012076296086
1978-05-18,1.8173,0.0029249448123620514,0.002920675484291003
1978-05-19,1.807,-0.005667748858196209,-0.005683871494987112
1978-05-22,1.8132,0.0034311012728278634,0.003425228474465674
1978-05-23,1.8093,-0.0021508934480476416,-0.0021532099416434005
1978-05-24,1.8122,0.0016028298236887562,0.0016015466629094965
1978-05-25,1.8125,0.0001655446418717954,0.0001655309408696333
1978-05-26,1.8124,-5.51724137930476e-05,-5.517393584665332e-05
1978-05-29,1.817,0.002538071065989911,0.0025348556031881157
1978-05-30,1.817,0.0,0.0
1978-05-31,1.8335,0.009080902586681372,0.009039919115209545
1978-06-01,1.8257,-0.0042541587128441805,-0.004263233391916018
1978-06-02,1.823,-0.0014788848113053144,-0.0014799794408016018
1978-06-05,1.82,-0.00164563905650017,-0.0016469946078218986
1978-06-06,1.8245,0.0024725274725274637,0.0024694758056612895
1978-06-07,1.8229,-0.0008769525897506236,-0.0008773373376265022
1978-06-08,1.8247,0.0009874375994294304,0.000986950403613648
1978-06-09,1.8264,0.0009316599989039887,0.0009312262730962955
1978-06-12,1.838,0.0063512921594393035,0.0063312077000465565
1978-06-13,1.8338,-0.002285092491838947,-0.002287707299831944
1978-06-14,1.833,-0.00043625259024981933,-0.00043634777609545696
1978-06-15,1.83,-0.0016366612111292644,-0.0016380020042383583
1978-06-16,1.831,0.0005464480874315392,0.0005462988390439325
1978-06-19,1.8344,0.0018569087930093708,0.0018551868691840596
1978-06-20,1.84,0.0030527692978630228,0.0030481190593365797
1978-06-21,1.8497,0.005271739130434661,0.005257892157471889
1978-06-22,1.838,-0.006325350056765822,-0.006345439844870813
1978-06-23,1.8485,0.0057127312295972565,0.005696475461054114
1978-06-26,1.8484,-5.40979172302114e-05,-5.409938057531191e-05
1978-06-27,1.847,-0.000757411815624387,-0.0007576987968714189
1978-06-28,1.8544,0.004006497022198241,0.003998492386247382
1978-06-29,1.865,0.005716134598791944,0.005699859492428536
1978-06-30,1.861,-0.00214477211796249,-0.0021470754356651823
1978-07-03,1.8674,0.003439011284255722,0.003433111407574704
1978-07-04,1.8674,0.0,0.0
1978-07-05,1.8693,0.0010174574274393056,0.0010169401684605739
1978-07-06,1.8675,-0.000962927298988947,-0.0009633912113136536
1978-07-07,1.8735,0.003212851405622441,0.0032077012267696372
1978-07-10,1.8895,0.008540165465705796,0.008503904555801498
1978-07-11,1.884,-0.0029108229690394394,-0.0029150676532353013
1978-07-12,1.885,0.0005307855626328628,0.0005306447458029365
1978-07-13,1.885,0.0,0.0
1978-07-14,1.882,-0.0015915119363395513,-0.0015927797367862224
1978-07-17,1.8795,-0.001328374070138083,-0.001329257141092193
1978-07-18,1.8835,0.0021282255919128357,0.0021259641278631686
1978-07-19,1.895,0.006105654366870272,0.006087090384431047
1978-07-20,1.9035,0.004485488126648951,0.0044754583060251955
1978-07-21,1.911,0.003940110323089163,0.003932368417721111
1978-07-24,1.924,0.006802721088435382,0.006779686985378769
1978-07-25,1.9255,0.0007796257796257589,0.0007793220293117613
1978-07-26,1.9105,-0.007790184367696629,-0.007820686368008867
1978-07-27,1.9072,-0.0017272965192358658,-0.0017287900159240817
1978-07-28,1.924,0.00880872483221462,0.008770154354621033
1978-07-31,1.931,0.0036382536382537634,0.003631651202862767
1978-08-01,1.927,-0.0020714655618850886,-0.002073614014148106
1978-08-02,1.928,0.0005189413596262682,0.000518806756124439
1978-08-03,1.9295,0.000778008298755184,0.0007777058071825193
1978-08-04,1.925,-0.0023322104172065483,-0.0023349342557888657
1978-08-07,1.9292,0.0021818181818180626,0.0021794414729320926
1978-08-08,1.934,0.002488077959776014,0.002484987818422766
1978-08-09,1.9485,0.007497414684591419,0.007469448765524185
1978-08-10,1.9525,0.0020528611752630432,0.0020507569350771307
1978-08-11,1.964,0.005889884763124131,0.005872607200570099
1978-08-14,1.9805,0.008401221995926633,0.008366128147560091
1978-08-15,1.972,-0.0042918454935622075,-0.0043010818993905854
1978-08-16,1.976,0.0020283975659229903,0.0020263431452324674
1978-08-17,1.939,-0.018724696356275272,-0.01890222306516129
1978-08-18,1.94,0.000515729757607053,0.0005155968147220496
1978-08-21,1.9278,-0.006288659793814433,-0.006308516707506039
1978-08-22,1.93,0.0011411972196286868,0.001140546549063554
1978-08-23,1.926,-0.002072538860103612,-0.0020746895408603554
1978-08-24,1.9298,0.0019730010384215735,0.001971057228212542
1978-08-25,1.9255,-0.0022282101772204133,-0.002230696331319828
1978-08-28,1.922,-0.0018177096857959762,-0.0018193637247258592
1978-08-29,1.9435,0.011186264308012506,0.011124160762040071
1978-08-30,1.941,-0.0012863390789812357,-0.0012871671232676136
1978-08-31,1.943,0.0010303967027305294,0.001029866208429809
1978-09-01,1.95,0.0036026762738032847,0.0035962021803522875
1978-09-04,1.95,0.0,0.0
1978-09-05,1.943,-0.0035897435897435104,-0.0035962021803523196
1978-09-06,1.9423,-0.0003602676273803951,-0.0003603325393529873
1978-09-07,1.9375,-0.0024712969160273213,-0.0024743556105850254
1978-09-08,1.9362,-0.0006709677419355353,-0.0006711929415309715
1978-09-11,1.9425,0.0032537960954446277,0.0032485139558313084
1978-09-12,1.9452,0.0013899613899615026,0.0013889962878283354
1978-09-13,1.96,0.0076084721365412555,0.00757967369493221
1978-09-14,1.959,-0.0005102040816326037,-0.0005103342800221108
1978-09-15,1.9615,0.001276161306789092,0.0012753477050664154
1978-09-18,1.9587,-0.0014274789701758106,-0.001428498788909692
1978-09-19,1.961,0.001174248225864094,0.0011735593356487922
1978-09-20,1.9785,0.008924018357980623,0.008884434629132703
1978-09-21,1.98,0.0007581501137225999,0.0007578628631020225
1978-09-22,1.972,-0.004040404040404066,-0.0040485885260002205
1978-09-25,1.975,0.0015212981744423537,0.00152014217264168
1978-09-26,1.97,-0.0025316455696202667,-0.0025348556031880663
1978-09-27,1.9707,0.00035532994923848094,0.00035526683450266263
1978-09-28,1.9725,0.0009133810321206859,0.0009129641534924759
1978-09-29,1.975,0.0012674271229404788,0.0012666246151929834
1978-10-02,1.9715,-0.0017721518987342533,-0.0017737240175404513
1978-10-03,1.9735,0.0010144559979710088,0.0010139417852198555
1978-10-04,1.982,0.004307068659741509,0.004297819787031429
1978-10-05,1.9817,-0.00015136226034306866,-0.00015137371676605805
1978-10-06,1.981,-0.00035323207347226493,-0.000353294474616286
1978-10-09,1.981,0.0,0.0
1978-10-10,1.9835,0.0012619888944978008,0.0012611932558339717
1978-10-11,1.9922,0.00438618603478691,0.004376594756680388
1978-10-12,1.985,-0.0036140949703844516,-0.003620641589774464
1978-10-13,1.986,0.0005037783375314575,0.0005036514838270853
1978-10-16,1.989,0.0015105740181269312,0.0015094342488543404
1978-10-17,1.996,0.0035193564605329186,0.0035131780174370727
1978-10-18,1.9955,-0.00025050100200396663,-0.0002505323826206625
1978-10-19,1.9935,-0.0010022550739162694,-0.0010027576673788264
1978-10-20,2.0,0.003260596940055205,0.0032552927206726755
1978-10-23,2.007,0.0035000000000000586,0.003493889254255838
1978-10-24,2.0065,-0.00024912805181875886,-0.00024915908936685
1978-10-25,2.029,0.011213555943184739,0.011151150118843415
1978-10-26,2.069,0.019714144898965058,0.019522337919728336
1978-10-27,2.0625,-0.003141614306428231,-0.0031465595367069854
1978-10-30,2.098,0.017212121212121234,0.017065670747406458
1978-10-31,2.076,-0.010486177311725409,-0.010541544670463183
1978-11-01,2.01,-0.031791907514451045,-0.032308243232658004
1978-11-02,1.995,-0.007462686567163979,-0.007490671729157402
1978-11-03,1.9825,-0.006265664160401085,-0.006285375814960865
1978-11-06,1.9765,-0.0030264817150063017,-0.0030310707722628455
1978-11-07,1.9765,0.0,0.0
1978-11-08,1.975,-0.0007589172780165798,-0.000759205401517841
1978-11-09,1.972,-0.0015189873417722488,-0.0015201421726416143
1978-11-10,1.967,-0.002535496957403627,-0.0025387167735216316
1978-11-13,1.967,0.0,0.0
1978-11-14,1.9712,0.002135231316725994,0.0021329549501415855
1978-11-15,1.9674,-0.0019277597402597157,-0.0019296202605430472
1978-11-16,1.951,-0.008335874758564565,-0.00837081245554632
1978-11-17,1.928,-0.01178882624295241,-0.011858865452620366
1978-11-20,1.9355,0.00389004149377592,0.0038824948472118573
1978-11-21,1.9435,0.004133298889176018,0.004124780274575152
1978-11-22,1.9475,0.0020581425263699327,0.0020560274526254573
1978-11-23,1.9475,0.0,0.0
1978-11-24,1.9395,-0.004107830551989711,-0.0041162908648814485
1978-11-27,1.9435,0.0020623872131992904,0.0020602634122560046
1978-11-28,1.9478,0.002212503215847761,0.0022100592348210796
1978-11-29,1.9512,0.0017455590923092235,0.001744037374611609
1978-11-30,1.944,-0.0036900369003690647,-0.003696861881326203
1978-12-01,1.9377,-0.0032407407407407662,-0.0032460033138476817
1978-12-04,1.947,0.004799504567270629,0.00478802366566311
1978-12-05,1.9512,0.002157164869029282,0.0021548415295108473
1978-12-06,1.951,-0.0001025010250101932,-0.00010250627859925918
1978-12-07,1.9515,0.00025627883136847274,0.00025624599755838946
1978-12-08,1.9605,0.004611837048424272,0.004601235111716656
1978-12-11,1.977,0.00841622035195111,0.008381001438230657
1978-12-12,1.9728,-0.0021244309559939056,-0.002126690760537034
1978-12-13,1.9765,0.0018755068937550412,0.0018737503266603214
1978-12-14,1.9755,-0.0005059448520110532,-0.0005060728852946998
1978-12-15,1.979,0.0017717033662363324,0.0017701357511202404
1978-12-18,2.004,0.012632642748862999,0.012553516602189629
1978-12-19,2.01,0.0029940119760478723,0.002989538848365986
1978-12-20,2.01,0.0,0.0
1978-12-21,1.997,-0.006467661691542115,-0.006488667637306045
1978-12-22,2.004,0.0035052578868302042,0.003499128788940161
1978-12-25,2.004,0.0,0.0
1978-12-26,2.01,0.0029940119760478723,0.002989538848365986
1978-12-27,2.037,0.013432835820895495,0.013343415173684356
1978-12-28,2.029,-0.003927344133529687,-0.0039350764009910616
1978-12-29,2.0415,0.0061606702809267055,0.0061417709338158506
1979-01-01,2.0415,0.0,0.0
1979-01-02,2.03,-0.005633112907176274,-0.005649038723797617
1979-01-03,2.026,-0.0019704433497537144,-0.0019723872272043464
1979-01-04,2.016,-0.004935834155972207,-0.004948055617369302
1979-01-05,2.0195,0.0017361111111109384,0.0017346058122081499
1979-01-08,2.025,0.0027234463976231194,0.002719744537171903
1979-01-09,2.0185,-0.003209876543209811,-0.0032150392476439425
1979-01-10,2.007,-0.005697299975229053,-0.005713591496657287
1979-01-11,2.0005,-0.0032386646736422,-0.0032439204990483703
1979-01-12,1.9955,-0.0024993751562110145,-0.0025025038085012058
1979-01-15,1.9923,-0.0016036081182660977,-0.0016048952740108963
1979-01-16,2.0015,0.004617778447021159,0.004607149217850752
1979-01-17,2.006,0.0022483137646762685,0.002245790089252309
1979-01-18,2.0095,0.0017447657028915042,0.0017432453673751375
1979-01-19,2.0035,-0.002985817367504473,-0.0029902838130566726
1979-01-22,1.9987,-0.0023958073371599387,-0.0023986818757031694
1979-01-23,1.9987,0.0,0.0
1979-01-24,2.0,0.0006504227748036495,0.0006502113415863436
1979-01-25,1.993,-0.0034999999999999476,-0.00350613932928759
1979-01-26,1.995,0.0010035122930256435,0.0010030091111691661
1979-01-29,1.9952,0.00010025062656637829,0.00010024560180813544
1979-01-30,1.996,0.000400962309542896,0.00040088194563727287
1979-01-31,1.9896,-0.0032064128256512614,-0.0032115643822143328
1979-02-01,1.9805,-0.004573783675110632,-0.004584275427223631
1979-02-02,1.979,-0.0007573844988638667,-0.0007576714594055524
1979-02-05,1.9892,0.005154118241536221,0.005140881238017843
1979-02-06,1.9952,0.0030162879549566757,0.003011748085188434
1979-02-07,2.013,0.008921411387329492,0.008881850714019382
1979-02-08,2.0045,-0.004222553402881135,-0.004231493557229701
1979-02-09,2.0025,-0.0009977550511350852,-0.000998253140047499
1979-02-12,2.0025,0.0,0.0
1979-02-13,2.0035,0.0004993757802747023,0.0004992511336850054
1979-02-14,2.005,0.000748689792862578,0.0007484096644704017
1979-02-15,2.0035,-0.0007481296758105049,-0.0007484096644703455
1979-02-16,2.002,-0.000748689792862467,-0.0007489702010333277
1979-02-19,2.002,0.0,0.0
1979-02-20,2.004,0.0009990009990010762,0.0009985023295896
1979-02-21,2.0072,0.001596806387225591,0.0015955328474571567
1979-02-22,2.0095,0.0011458748505379646,0.0011452188370431693
1979-02-23,2.012,0.0012440905697934657,0.0012433173303740101
1979-02-26,2.0205,0.004224652087475134,0.004215753298898526
1979-02-27,2.0218,0.0006434050977479622,0.0006431982014287325
1979-02-28,2.0234,0.0007913740231477728,0.0007910610518328774
1979-03-01,2.0231,-0.0001482652960365094,-0.0001482762884220534
1979-03-02,2.022,-0.0005437200336118053,-0.0005438679029513916
1979-03-05,2.0223,0.00014836795252226587,0.00014835694708615393
1979-03-06,2.0246,0.0011373188943282209,0.0011366726371484445
1979-03-07,2.0347,0.0049886397313050335,0.004976237697205971
1979-03-08,2.042,0.0035877524942251604,0.003581331862753614
1979-03-09,2.0378,-0.0020568070519099146,-0.0020589251844259334
1979-03-12,2.041,0.0015703209343409519,0.0015690892696598351
1979-03-13,2.04,-0.0004899559039686086,-0.0004900759715826847
1979-03-14,2.0365,-0.0017156862745096868,-0.0017171597497946868
1979-03-15,2.0357,-0.0003928308372208589,-0.00039290801546685314
1979-03-16,2.03,-0.0028000196492606877,-0.0028039470371675292
1979-03-19,2.0247,-0.0026108374384234967,-0.0026142516183623667
1979-03-20,2.0323,0.0037536425149404806,0.0037466151787908636
1979-03-21,2.0343,0.000984106677163643,0.000983622761644597
1979-03-22,2.0343,0.0,0.0
1979-03-23,2.039,0.002310377033869271,0.0023077122165491753
1979-03-26,2.0537,0.007209416380578704,0.007183552771592287
1979-03-27,2.051,-0.0013147002970248511,-0.0013155652736668321
1979-03-28,2.0516,0.00029254022428082394,0.00029249744273275856
1979-03-29,2.058,0.003119516474946238,0.003114660878881387
1979-03-30,2.0625,0.0021865889212828726,0.0021842018148412073
1979-04-02,2.0673,0.0023272727272727334,0.002324568822435906
1979-04-03,2.067,-0.0001451168190391705,-0.00014512734950353185
1979-04-04,2.0671,4.837929366230398e-05,4.837812342201979e-05
1979-04-05,2.077,0.00478931836872909,0.004777886070921968
1979-04-06,2.0882,0.0053923928743380145,0.005377905979897688
1979-04-09,2.0985,0.0049324777320181035,0.004920352917635688
1979-04-10,2.1025,0.0019061234214914347,0.0019043090734574555
1979-04-11,2.09,-0.005945303210463826,-0.005963046888246525
1979-04-12,2.0745,-0.007416267942583654,-0.007443905185934018
1979-04-13,2.08,0.0026512412629549065,0.0026477329224410436
1979-04-16,2.0875,0.0036057692307691624,0.0035992840296468214
1979-04-17,2.0833,-0.0020119760479041515,-0.002014002790674381
1979-04-18,2.0737,-0.004608073729179596,-0.004618723630541334
1979-04-19,2.0725,-0.0005786757968849754,-0.00057884329434486
1979-04-20,2.0695,-0.0014475271411337198,-0.0014485758206627681
1979-04-23,2.0714,0.0009180961584924763,0.0009176749659914545
1979-04-24,2.0655,-0.0028483151491744962,-0.00285237931795926
1979-04-25,2.0365,-0.014040183974824427,-0.014139679748351886
1979-04-26,2.0473,0.005303216302479541,0.005289203770065486
1979-04-27,2.0552,0.0038587407805403817,0.0038513149371410195
1979-04-30,2.068,0.006228104320747274,0.006208789832645831
1979-05-01,2.0595,-0.004110251450677116,-0.004118721752184452
1979-05-02,2.0677,0.003981548919640643,0.003973643530588802
1979-05-03,2.0765,0.004255936547855166,0.0042469056640840105
1979-05-04,2.0775,0.00048157958102601484,0.00048146365879527724
1979-05-07,2.0826,0.0024548736462093323,0.0024518653661922724
1979-05-08,2.0663,-0.007826755017766085,-0.007857544826236454
1979-05-09,2.0665,9.679136621021378e-05,9.678668222817093e-05
1979-05-10,2.0485,-0.008710379869344198,-0.008748536964861178
1979-05-11,2.0415,-0.0034171344886503308,-0.003422986227295412
1979-05-14,2.0435,0.0009796718099435164,0.0009791922447013929
1979-05-15,2.0635,0.009787129924149651,0.009739546188304417
1979-05-16,2.061,-0.0012115338017930632,-0.0012122683021774693
1979-05-17,2.055,-0.0029112081513826826,-0.0029154539601239085
1979-05-18,2.0565,0.0007299270072993469,0.000729660740143868
1979-05-21,2.0435,-0.006321419888159707,-0.006341484666146988
1979-05-22,2.044,0.00024467824810381344,0.0002446483192631239
1979-05-23,2.0572,0.0064579256360077775,0.0064371625771660335
1979-05-24,2.0525,-0.002284658759478808,-0.0022872725741777543
1979-05-25,2.0506,-0.0009257003654080664,-0.0009261290905924517
1979-05-28,2.0525,0.0009265580805617457,0.000926129090592383
1979-05-29,2.0555,0.001461632155907333,0.0014605650113497179
1979-05-30,2.0555,0.0,0.0
1979-05-31,2.07,0.007054244709316482,0.0070294799214816696
1979-06-01,2.074,0.0019323671497584183,0.001930502530057845
1979-06-04,2.0768,0.0013500482160078153,0.00134913772029832
1979-06-05,2.08,0.0015408320493066618,0.0015396461855928362
1979-06-06,2.0738,-0.002980769230769287,-0.002985220571185931
1979-06-07,2.0645,-0.004484521168868771,-0.004494606798032885
1979-06-08,2.062,-0.0012109469605231515,-0.0012116807492397134
1979-06-11,2.069,0.003394762366634385,0.003389013168637845
1979-06-12,2.09,0.010149830836152729,0.010098667213313655
1979-06-13,2.1045,0.006937799043062132,0.006913843251768565
1979-06-14,2.0958,-0.004133998574483155,-0.004142567169783939
1979-06-15,2.106,0.004866876610363446,0.0048550716530793864
1979-06-18,2.106,0.0,0.0
1979-06-19,2.12,0.00664767331434013,0.006625674972137474
1979-06-20,2.132,0.005660377358490676,0.005644417619677131
1979-06-21,2.1393,0.003424015009380721,0.003418166416632322
1979-06-22,2.1418,0.0011686065535454482,0.001167924264406927
1979-06-25,2.1587,0.007890559342609071,0.0078595916740569
1979-06-26,2.151,-0.0035669615972577784,-0.003573338373101622
1979-06-27,2.1559,0.0022780102278010528,0.00227541949623142
1979-06-28,2.1685,0.005844426921471246,0.005827414511459422
1979-06-29,2.181,0.005764353239566589,0.0057478029262081985
1979-07-02,2.1885,0.003438789546079679,0.00343289042932087
1979-07-03,2.2015,0.005940141649531494,0.005922568564858345
1979-07-04,2.2015,0.0,0.0
1979-07-05,2.229,0.01249148307971848,0.01241410819006044
1979-07-06,2.219,-0.004486316733961493,-0.004496410453275012
1979-07-09,2.201,-0.008111762054979654,-0.008144841406132185
1979-07-10,2.222,0.009541117673784516,0.00949588867311351
1979-07-11,2.2325,0.00472547254725475,0.004714342551078832
1979-07-12,2.2275,-0.002239641657334812,-0.002242153405689723
1979-07-13,2.229,0.0006734006734006037,0.0006731740409044118
1979-07-16,2.242,0.00583221175414983,0.005815270246236351
1979-07-17,2.2695,0.01226583407671722,0.012191218264415082
1979-07-18,2.278,0.0037453183520599342,0.003738322110607158
1979-07-19,2.2925,0.006365232660228148,0.0063450601234923435
1979-07-20,2.274,-0.008069792802617215,-0.00810252982013855
1979-07-23,2.3015,0.012093227792436156,0.0120206889468147
1979-07-24,2.3255,0.01042798175103199,0.010373985406855631
1979-07-25,2.3205,-0.0021500752526337763,-0.0021523899829211353
1979-07-26,2.329,0.00366300366300365,0.003656311203110479
1979-07-27,2.313,-0.006869901245169618,-0.006893607652901832
1979-07-30,2.3132,8.646779074794608e-05,8.646405262401099e-05
1979-07-31,2.2475,-0.028402213384056796,-0.028813359938287934
1979-08-01,2.2695,0.009788654060066682,0.009741055550744903
1979-08-02,2.266,-0.0015421899096716984,-0.001543380308568641
1979-08-03,2.2685,0.0011032656663725326,0.0011026575160670356
1979-08-06,2.2385,-0.013224597751818279,-0.013312821422998262
1979-08-07,2.217,-0.009604645968282366,-0.009651068064708793
1979-08-08,2.215,-0.0009021199819576609,-0.0009025271370755135
1979-08-09,2.2345,0.008803611738149142,0.008765085894270339
1979-08-10,2.248,0.006041620049228147,0.006023442640075629
1979-08-13,2.2355,-0.005560498220640642,-0.005576015339546444
1979-08-14,2.232,-0.0015656452695145262,-0.001566872172833641
1979-08-15,2.232,0.0,0.0
1979-08-16,2.221,-0.0049283154121864126,-0.004940499606774147
1979-08-17,2.218,-0.0013507429085998224,-0.001351655984115191
1979-08-20,2.2215,0.001577998196573338,0.001576754465650669
1979-08-21,2.2105,-0.004951609273013635,-0.004963909109665174
1979-08-22,2.2179,0.0033476589007013224,0.003342067964866286
1979-08-23,2.222,0.0018485955182829805,0.0018468889684111658
1979-08-24,2.232,0.004500450045004545,0.004490353301626297
1979-08-27,2.243,0.0049283154121861905,0.0049162110190065725
1979-08-28,2.249,0.002674988854213245,0.0026714174391075027
1979-08-29,2.2525,0.001556247220987128,0.0015550375231773192
1979-08-30,2.249,-0.0015538290788013054,-0.0015550375231772702
1979-08-31,2.2527,0.0016451756336148815,0.0016438238146321718
1979-09-03,2.2527,0.0,0.0
1979-09-04,2.2391,-0.006037199804678761,-0.006055497376654967
1979-09-05,2.242,0.0012951632352284914,0.0012943252348123937
1979-09-06,2.247,0.002230151650312262,0.0022276685532239904
1979-09-07,2.2495,0.0011125945705385831,0.001111976095897898
1979-09-10,2.2447,-0.0021338075127805833,-0.002136087323727206
1979-09-11,2.24,-0.002093821000578977,-0.0020960161084140378
1979-09-12,2.222,-0.008035714285714368,-0.008068174649510314
1979-09-13,2.203,-0.008550855085508569,-0.0085876233972322
1979-09-14,2.168,-0.015887426236949498,-0.016014984242806177
1979-09-17,2.152,-0.0073800738007380184,-0.007407441277861805
1979-09-18,2.1535,0.0006970260223049252,0.0006967832124903283
1979-09-19,2.1448,-0.004039934989551908,-0.004048117572415746
1979-09-20,2.1605,0.007320029839612108,0.007293368450238342
1979-09-21,2.163,0.0011571395510299176,0.0011564705810709719
1979-09-24,2.1565,-0.0030050855293572987,-0.003009609865160866
1979-09-25,2.1583,0.0008346858335266383,0.0008343376770270223
1979-09-26,2.186,0.012834175045174367,0.012752514971559038
1979-09-27,2.202,0.007319304666056681,0.007292648546141358
1979-09-28,2.203,0.0004541326067211138,0.0004540295197178023
1979-10-01,2.1925,-0.004766227871084827,-0.00477762255600496
1979-10-02,2.1912,-0.0005929304446978811,-0.0005931062974697498
1979-10-03,2.183,-0.003742241694048909,-0.003749261398924494
1979-10-04,2.186,0.0013742556115436955,0.0013733121865399235
1979-10-05,2.178,-0.0036596523330283404,-0.003666365243578068
1979-10-08,2.178,0.0,0.0
1979-10-09,2.1545,-0.010789715335169814,-0.01084834643701302
1979-10-10,2.1685,0.0064980273845438585,0.006477006219528114
1979-10-11,2.1635,-0.0023057412958266132,-0.0023084036104814524
1979-10-12,2.1565,-0.003235498035590534,-0.003240743577041709
1979-10-15,2.157,0.00023185717597962174,0.00023183030125857948
1979-10-16,2.1525,-0.0020862308762170656,-0.0020884100872706124
1979-10-17,2.1445,-0.003716608594657389,-0.0037235323449507298
1979-10-18,2.1525,0.0037304733038003857,0.003723532344950682
1979-10-19,2.1545,0.0009291521486645138,0.000928720754006998
1979-10-22,2.1485,-0.002784868879090352,-0.002788753840842971
1979-10-23,2.1125,-0.016755876192692587,-0.0168978439837209
1979-10-24,2.1105,-0.0009467455621300358,-0.0009471940087753319
1979-10-25,2.1135,0.001421464108031234,0.0014204547842911227
1979-10-26,2.1048,-0.0041163946061036905,-0.004124890280761694
1979-10-29,2.0963,-0.004038388445458119,-0.004046564756246331
1979-10-30,2.0673,-0.013833897819968466,-0.013930477938564763
1979-10-31,2.0745,0.003482803656943867,0.0034767527416506693
1979-11-01,2.071,-0.0016871535309712637,-0.0016885783773383767
1979-11-02,2.0665,-0.002172863351038279,-0.002175227443797244
1979-11-05,2.069,0.0012097749818533732,0.0012090437937559786
1979-11-06,2.069,0.0,0.0
1979-11-07,2.1055,0.0176413726437894,0.01748756985643956
1979-11-08,2.085,-0.00973640465447645,-0.00978411336908072
1979-11-09,2.091,0.0028776978417266452,0.0028735651957317787
1979-11-12,2.091,0.0,0.0
1979-11-13,2.109,0.008608321377331363,0.008571481050140963
1979-11-14,2.1115,0.0011853959222380972,0.001184693895223739
1979-11-15,2.142,0.014444707553871616,0.014341376633695774
1979-11-16,2.1595,0.008169934640522847,0.008136741393061704
1979-11-19,2.1825,0.010650613567955602,0.010594295313001517
1979-11-20,2.1665,-0.007331042382588748,-0.007358046533793146
1979-11-21,2.1735,0.003231017770597866,0.00322580924888279
1979-11-22,2.1735,0.0,0.0
1979-11-23,2.161,-0.005751092707614536,-0.005767693921960876
1979-11-26,2.161,0.0,0.0
1979-11-27,2.16,-0.0004627487274408981,-0.00046285582867518655
1979-11-28,2.174,0.00648148148148131,0.006460567002943896
1979-11-29,2.182,0.0036798528058876734,0.0036730987118612844
1979-11-30,2.199,0.007791017415215373,0.00776082416174503
1979-12-03,2.213,0.006366530241018742,0.006346349496288571
1979-12-04,2.194,-0.008585630366019004,-0.008622699215874129
1979-12-05,2.178,-0.007292616226071136,-0.007319337342269808
1979-12-06,2.191,0.005968778696051391,0.00595103610256071
1979-12-07,2.1665,-0.01118210862619795,-0.01124509841550229
1979-12-10,2.1685,0.0009231479344564697,0.0009227220954568015
1979-12-11,2.189,0.00945353931288917,0.009409134247442089
1979-12-12,2.191,0.000913659205116435,0.0009132420726035257
1979-12-13,2.204,0.00593336376083986,0.005915830677338645
1979-12-14,2.199,-0.002268602540835052,-0.002271179718044129
1979-12-17,2.198,-0.00045475216007273556,-0.0004548555911944869
1979-12-18,2.198,0.0,0.0
1979-12-19,2.2045,0.002957233848953633,0.002952869834425685
1979-12-20,2.1975,-0.0031753232025403255,-0.003180375238660323
1979-12-21,2.2015,0.0018202502844140156,0.0018185956364763665
1979-12-24,2.2085,0.0031796502384737746,0.0031746058407726395
1979-12-25,2.2085,0.0,0.0
1979-12-26,2.214,0.002490378084672784,0.002487282232000964
1979-12-27,2.2455,0.014227642276422703,0.01412737925921049
1979-12-28,2.2335,-0.005344021376085473,-0.00535835173561934
1979-12-31,2.2185,-0.006715916722632498,-0.0067385699732090435
1980-01-01,2.2185,0.0,0.0
1980-01-02,2.2427,0.010908271354518773,0.0108492053132791
1980-01-03,2.24,-0.001203906006153277,-0.0012046312831577688
1980-01-04,2.237,-0.001339285714285765,-0.001340183358955979
1980-01-07,2.2615,0.010952168082252856,0.010892627427768078
1980-01-08,2.262,0.00022109219544552694,0.0002210677581679447
1980-01-09,2.266,0.0017683465959328348,0.001766784911885892
1980-01-10,2.258,-0.003530450132391838,-0.0035366968783442556
1980-01-11,2.257,-0.00044286979627983225,-0.00044296789207157205
1980-01-14,2.2755,0.008196721311475308,0.008163310639160835
1980-01-15,2.2765,0.0004394638540978768,0.0004393673181400214
1980-01-16,2.271,-0.0024159894575005447,-0.002418912669278303
1980-01-17,2.277,0.0026420079260238705,0.002638523958181242
1980-01-18,2.2855,0.003732981993851414,0.003726031708059295
1980-01-21,2.2835,-0.0008750820389410441,-0.0008754651467452944
1980-01-22,2.275,-0.0037223560324064486,-0.0037293012400029207
1980-01-23,2.2775,0.001098901098901095,0.001098297749062592
1980-01-24,2.2778,0.00013172338090017277,0.0001317147061374059
1980-01-25,2.261,-0.007375537799631182,-0.007402871562280843
1980-01-28,2.2475,-0.005970809376382169,-0.005988705932194544
1980-01-29,2.2495,0.0008898776418242438,0.0008894819354516366
1980-01-30,2.262,0.005556790397866163,0.005541408394838754
1980-01-31,2.2667,0.0020778072502212197,0.002075651594245301
1980-02-01,2.274,0.003220540874398825,0.003215366040170379
1980-02-04,2.2865,0.005496921723834758,0.005481868787628633
1980-02-05,2.2905,0.0017493986442160825,0.001747870228686971
1980-02-06,2.312,0.009386596812922754,0.009342816465471086
1980-02-07,2.3015,-0.004541522491349426,-0.004551866534971906
1980-02-08,2.298,-0.0015207473386921189,-0.0015219048485950978
1980-02-11,2.3047,0.0029155787641426123,0.002911336707743796
1980-02-12,2.3047,0.0,0.0
1980-02-13,2.308,0.0014318566407773847,0.001430832511545117
1980-02-14,2.3131,0.00220970537261711,0.002207267564265181
1980-02-15,2.295,-0.007824996757598068,-0.007855772697609746
1980-02-18,2.295,0.0,0.0
1980-02-19,2.272,-0.01002178649237484,-0.010072342653603674
1980-02-20,2.2794,0.003257042253521192,0.0032517495805929847
1980-02-21,2.2865,0.003114854786347321,0.0031100136764750253
1980-02-22,2.2745,-0.0052481959326481364,-0.005262016088051084
1980-02-25,2.276,0.0006594856012309691,0.0006592682361626919
1980-02-26,2.2767,0.00030755711775043437,0.000307509831755276
1980-02-27,2.287,0.004524091887380788,0.0045138889448042485
1980-02-28,2.2848,-0.0009619588981196747,-0.0009624218775157573
1980-02-29,2.273,-0.005164565826330514,-0.005177948292722025
1980-03-03,2.242,-0.013638363396392461,-0.013732220220438013
1980-03-04,2.235,-0.003122212310437189,-0.0031270965844360926
1980-03-05,2.24,0.0022371364653246406,0.0022346378014165844
1980-03-06,2.2335,-0.0029017857142858983,-0.002906004056912354
1980-03-07,2.227,-0.002910230579807438,-0.002914473534805703
1980-03-10,2.2168,-0.0045801526717556,-0.004590673708598839
1980-03-11,2.2265,0.004375676651028559,0.00436613121298846
1980-03-12,2.2335,0.0031439479002917103,0.0031390160304160717
1980-03-13,2.223,-0.004701141705842793,-0.004712226827976733
1980-03-14,2.213,-0.004498425551057061,-0.004508573913146852
1980-03-17,2.1875,-0.011522819701762388,-0.01158972181928024
1980-03-18,2.186,-0.0006857142857142895,-0.0006859494952856278
1980-03-19,2.1905,0.002058554437328608,0.0020564385174694348
1980-03-20,2.194,0.0015978087194703505,0.0015965335812223142
1980-03-21,2.1835,-0.0047857793983591135,-0.00479726790955986
1980-03-24,2.186,0.00114495076711707,0.0011442958108682784
1980-03-25,2.1885,0.0011436413540713009,0.0011429878944660956
1980-03-26,2.1855,-0.001370801919122533,-0.0013717423275806592
1980-03-27,2.174,-0.005261953786318996,-0.005275846622214538
1980-03-28,2.169,-0.0022999080036798514,-0.002302556854280373
1980-03-31,2.16,-0.004149377593360981,-0.004158010148663677
1980-04-01,2.1515,-0.003935185185185319,-0.003942948399556494
1980-04-02,2.154,0.001161980013943742,0.0011613054376795283
1980-04-03,2.139,-0.0069637883008356605,-0.0069881486339282515
1980-04-04,2.135,-0.0018700327255727345,-0.0018717834196807367
1980-04-07,2.14,0.0023419203747074846,0.0023391823531724626
1980-04-08,2.179,0.018224299065420446,0.018060226928722597
1980-04-09,2.186,0.0032124827902708653,0.003207333791864093
1980-04-10,2.1915,0.0025160109789570395,0.0025128511223800345
1980-04-11,2.195,0.0015970796258268916,0.0015958056504076933
1980-04-14,2.2035,0.0038724373576310978,0.0038649587727700796
1980-04-15,2.1875,-0.007261175402768383,-0.0072876660502722524
1980-04-16,2.217,0.013485714285714323,0.013395591384542008
1980-04-17,2.215,-0.0009021199819576609,-0.0009025271370755135
1980-04-18,2.2185,0.0015801354401807632,0.0015788883397283443
1980-04-21,2.242,0.010592742844264036,0.010537032813140933
1980-04-22,2.2345,-0.003345227475468282,-0.003350835258598975
1980-04-23,2.269,0.015439695681360499,0.015321716406335548
1980-04-24,2.2635,-0.0024239753195240965,-0.002426917903828525
1980-04-25,2.2735,0.004417936823503332,0.00440820638905188
1980-04-28,2.283,0.004178579283043771,0.004169873264730283
1980-04-29,2.2695,-0.005913272010512505,-0.0059308246332752486
1980-04-30,2.2585,-0.00484688257325383,-0.004858666801861257
1980-05-01,2.259,0.00022138587558107048,0.0002213613733443498
1980-05-02,2.2555,-0.001549358123063227,-0.0015505596195525746
1980-05-05,2.278,0.009975615162935103,0.009926187158676885
1980-05-06,2.2795,0.0006584723441616092,0.000658255646368714
1980-05-07,2.2815,0.0008773853915331475,0.000877000713961054
1980-05-08,2.285,0.0015340784571555854,0.0015329029608480418
1980-05-09,2.267,-0.007877461706783495,-0.007908652820776206
1980-05-12,2.281,0.006175562417291669,0.00615657177685913
1980-05-13,2.279,-0.0008768084173609303,-0.0008771930387038969
1980-05-14,2.2975,0.008117595436595071,0.00808482498415793
1980-05-15,2.3005,0.0013057671381937475,0.0013049153656812312
1980-05-16,2.284,-0.007172353836122691,-0.007198198819622562
1980-05-19,2.2835,-0.00021891418563912968,-0.00021893815084707985
1980-05-20,2.291,0.0032844317932996248,0.0032790498284417315
1980-05-21,2.3305,0.01724137931034475,0.01709443335930004
1980-05-22,2.3285,-0.0008581849388542562,-0.0008585533903636674
1980-05-23,2.344,0.0066566459093837516,0.006634588274471361
1980-05-26,2.344,0.0,0.0
1980-05-27,2.37,0.011092150170648463,0.011031083432273634
1980-05-28,2.359,-0.004641350210970563,-0.004652154721501939
1980-05-29,2.346,-0.005510809665112304,-0.005526050194254226
1980-05-30,2.3425,-0.0014919011082694666,-0.001493015100843591
1980-06-02,2.3365,-0.002561366061899606,-0.0025646519720963178
1980-06-03,2.303,-0.014337684570939424,-0.014441462319795649
1980-06-04,2.3215,0.008033000434216175,0.008000907639291137
1980-06-05,2.3305,0.003876803790652472,0.0038693083528191143
1980-06-06,2.3318,0.0005578202102554108,0.0005576646863954733
1980-06-09,2.3505,0.008019555708036696,0.007987569964994189
1980-06-10,2.3327,-0.007572856838970354,-0.007601676509674783
1980-06-11,2.3348,0.000900244352038504,0.0008998393751257092
1980-06-12,2.3385,0.001584718177145783,0.0015834638363049261
1980-06-13,2.3425,0.001710498182595721,0.0017090369466363916
1980-06-16,2.3405,-0.0008537886872997946,-0.000854153372451889
1980-06-17,2.3306,-0.004229865413373224,-0.0042388366009623295
1980-06-18,2.3323,0.0007294258989101188,0.0007291599971350225
1980-06-19,2.3355,0.0013720361874545173,0.0013710958058647802
1980-06-20,2.335,-0.00021408691928925805,-0.0002141098391650522
1980-06-23,2.341,0.0025695931477516254,0.002566297387913099
1980-06-24,2.3357,-0.0022639897479710402,-0.0022665564474798547
1980-06-25,2.336,0.00012844115254506683,0.0001284329046864687
1980-06-26,2.3435,0.003210616438356295,0.0032054734146432684
1980-06-27,2.347,0.0014934926392147219,0.0014923784882625716
1980-06-30,2.3555,0.0036216446527481683,0.003615102289072266
1980-07-01,2.3615,0.0025472298874973376,0.002543991196075994
1980-07-02,2.358,-0.0014821088291339102,-0.0014832082388554523
1980-07-03,2.3483,-0.004113655640373248,-0.004122139997546724
1980-07-04,2.3483,0.0,0.0
1980-07-07,2.3825,0.014563726951411615,0.014458694428587571
1980-07-08,2.373,-0.003987408184679797,-0.0039953790925934506
1980-07-09,2.3735,0.0002107037505265641,0.00021068155560896796
1980-07-10,2.3755,0.0008426374552350513,0.000842282635603453
1980-07-11,2.3777,0.0009261208166699841,0.0009256922313805429
1980-07-14,2.3755,-0.000925263910501628,-0.0009256922313806158
1980-07-15,2.3715,-0.0016838560303094052,-0.0016852753093396125
1980-07-16,2.3715,0.0,0.0
1980-07-17,2.38,0.0035842293906809264,0.0035778213478839024
1980-07-18,2.3742,-0.002436974789915891,-0.0024399490460866964
1980-07-21,2.3795,0.0022323308904053096,0.002229842941731663
1980-07-22,2.388,0.0035721790292078115,0.003565813951327551
1980-07-23,2.3845,-0.0014656616415409385,-0.0014667367742135686
1980-07-24,2.3965,0.005032501572656667,0.005019880861406862
1980-07-25,2.3905,-0.0025036511579387133,-0.0025067905335279662
1980-07-28,2.3862,-0.001798786864672608,-0.0018004066244580615
1980-07-29,2.371,-0.0063699606068226,-0.0063903353762944995
1980-07-30,2.348,-0.009700548291860067,-0.009747905117418507
1980-07-31,2.3425,-0.002342419080068159,-0.00234516683540983
1980-08-01,2.333,-0.004055496264674385,-0.004063742091147176
1980-08-04,2.3425,0.004072010287183625,0.004063742091147027
1980-08-05,2.3555,0.005549626467449498,0.005534284027518738
1980-08-06,2.374,0.007853958819783458,0.007823277029517519
1980-08-07,2.3698,-0.0017691659646166258,-0.0017707327869737018
1980-08-08,2.372,0.0009283483838298245,0.0009279177349764471
1980-08-11,2.3718,-8.43170320404818e-05,-8.432058692125393e-05
1980-08-12,2.373,0.0005059448520112753,0.0005058169050688824
1980-08-13,2.3755,0.0010535187526337086,0.0010529641912123621
1980-08-14,2.3755,0.0,0.0
1980-08-15,2.3795,0.0016838560303094052,0.0016824399341891308
1980-08-18,2.369,-0.004412691741962571,-0.004422456402379662
1980-08-19,2.36,-0.003799071338117521,-0.003806306139129881
1980-08-20,2.3685,0.0036016949152544164,0.0035952243441508976
1980-08-21,2.369,0.00021110407430868783,0.00021108179497904265
1980-08-22,2.3655,-0.0014774166314901471,-0.0014785090875827631
1980-08-25,2.3685,0.0012682308180089752,0.0012674272926038045
1980-08-26,2.3795,0.004644289634790022,0.004633538197358747
1980-08-27,2.3905,0.004622819920151233,0.004612167504992851
1980-08-28,2.389,-0.0006274837900021035,-0.0006276807403485374
1980-08-29,2.396,0.0029300962745919534,0.0029258119095305077
1980-09-01,2.396,0.0,0.0
1980-09-02,2.418,0.009181969949916713,0.0091400719393982
1980-09-03,2.4155,-0.0010339123242348869,-0.0010344471802766061
1980-09-04,2.418,0.0010349824052990897,0.001034447180276604
1980-09-05,2.413,-0.002067824648469996,-0.002069965549706436
1980-09-08,2.4175,0.0018648984666391755,0.0018631617024177946
1980-09-09,2.4005,-0.007032057911065093,-0.00705689935645429
1980-09-10,2.402,0.0006248698187878432,0.0006246746689338979
1980-09-11,2.4115,0.003955037468776013,0.0039472368690977085
1980-09-12,2.4135,0.000829359319925338,0.0008290155915210058
1980-09-15,2.396,-0.0072508804640564195,-0.007277295865207694
1980-09-16,2.3865,-0.0039649415692821766,-0.0039728227893887575
1980-09-17,2.3923,0.002430337314058395,0.002427388820584546
1980-09-18,2.384,-0.003469464532040334,-0.0034754970812953053
1980-09-19,2.3855,0.0006291946308725205,0.0006289967709213569
1980-09-22,2.403,0.00733598826241888,0.007309210780307314
1980-09-23,2.402,-0.0004161464835621409,-0.00041623309653998907
1980-09-24,2.399,-0.0012489592006661443,-0.0012497398002343097
1980-09-25,2.3992,8.336807002917723e-05,8.336459510475753e-05
1980-09-26,2.3915,-0.0032094031343780083,-0.0032145643144476325
1980-09-29,2.3905,-0.0004181476061051459,-0.00041823505419371384
1980-09-30,2.387,-0.0014641288433381305,-0.0014652017273278806
1980-10-01,2.391,0.0016757436112275759,0.0016743411194947292
1980-10-02,2.386,-0.002091175240485077,-0.0020933648004632325
1980-10-03,2.3883,0.0009639564124057642,0.0009634921047808402
1980-10-06,2.3978,0.003977724741447863,0.003969834510911016
1980-10-07,2.3925,-0.00221035949620485,-0.0022128059464439106
1980-10-08,2.393,0.0002089864158829613,0.00020896458126398902
1980-10-09,2.3972,0.0017551190973674746,0.001753580675657019
1980-10-10,2.4028,0.002336058735191049,0.0023333343919761658
1980-10-13,2.4028,0.0,0.0
1980-10-14,2.4078,0.0020809056101214196,0.0020787435249195745
1980-10-15,2.407,-0.0003322535094276713,-0.00033230871785406907
1980-10-16,2.4165,0.00394682176983796,0.003939053502066798
1980-10-17,2.413,-0.0014483757500518557,-0.001449425660107156
1980-10-20,2.4295,0.006837961044343199,0.006814688220926007
1980-10-21,2.435,0.002263840296357289,0.0022612816707324964
1980-10-22,2.4345,-0.0002053388090349495,-0.0002053598939346123
1980-10-23,2.442,0.0030807147258165024,0.003075979047894507
1980-10-24,2.44,-0.0008190008190008813,-0.0008193363834025
1980-10-27,2.438,-0.0008196721311474198,-0.000820008246030596
1980-10-28,2.4345,-0.0014356029532405223,-0.001436634418461401
1980-10-29,2.441,0.0026699527623741393,0.0026663947702044092
1980-10-30,2.438,-0.0012290045063497734,-0.0012297603517431514
1980-10-31,2.4365,-0.0006152584085316049,-0.0006154477576559833
1980-11-03,2.443,0.0026677611327723394,0.0026642089741795156
1980-11-04,2.443,0.0,0.0
1980-11-05,2.446,0.0012279983626688473,0.0012272449893771938
1980-11-06,2.438,-0.003270645952575646,-0.0032760062059008425
1980-11-07,2.418,-0.008203445447087732,-0.008237278866478806
1980-11-10,2.3965,-0.008891645988420183,-0.008931412575052011
1980-11-11,2.3965,0.0,0.0
1980-11-12,2.413,0.006885040684331267,0.006861447025345712
1980-11-13,2.4175,0.0018648984666391755,0.0018631617024177946
1980-11-14,2.403,-0.0059979317476731575,-0.006015991590980419
1980-11-17,2.394,-0.0037453183520599342,-0.003752349618550464
1980-11-18,2.39,-0.001670843776106934,-0.0016722411923621062
1980-11-19,2.376,-0.005857740585774152,-0.005874964443020898
1980-11-20,2.385,0.0037878787878786735,0.003780722839905931
1980-11-21,2.3585,-0.011111111111111072,-0.011173300598125189
1980-11-24,2.339,-0.008267966928132253,-0.008302336140137303
1980-11-25,2.355,0.0068405301410858765,0.0068172398663390405
1980-11-26,2.3695,0.006157112526539166,0.006138234957124754
1980-11-27,2.3695,0.0,0.0
1980-11-28,2.3575,-0.005064359569529442,-0.0050772269000304345
1980-12-01,2.3485,-0.003817603393425184,-0.0038249090405627164
1980-12-02,2.3415,-0.0029806259314456574,-0.0029850768434533967
1980-12-03,2.346,0.0019218449711724261,0.0019200005898244268
1980-12-04,2.3442,-0.0007672634271100875,-0.0007675579243409832
1980-12-05,2.339,-0.0022182407644398827,-0.0022207047049008647
1980-12-08,2.3435,0.001923899102180382,0.0019220507785817518
1980-12-09,2.3355,-0.0034136974610625703,-0.00341953742059816
1980-12-10,2.34,0.0019267822736028783,0.0019249284095841964
1980-12-11,2.3145,-0.01089743589743597,-0.010957247880421964
1980-12-12,2.3235,0.0038885288399224116,0.003880988053707973
1980-12-15,2.3275,0.0017215407789972215,0.0017200606261891412
1980-12-16,2.309,-0.007948442534908673,-0.00798019979672675
1980-12-17,2.33,0.009094846253789424,0.009053737205250798
1980-12-18,2.324,-0.0025751072961374133,-0.0025784285879444763
1980-12-19,2.341,0.0073149741824443115,0.007288349519109166
1980-12-22,2.351,0.004271678769756315,0.004262581049158547
1980-12-23,2.368,0.007230965546575874,0.007204947463826739
1980-12-24,2.36,-0.0033783783783783994,-0.0033840979842405684
1980-12-25,2.36,0.0,0.0
1980-12-26,2.379,0.008050847457627075,0.00801861228330188
1980-12-29,2.366,-0.005464480874316946,-0.005479465764625596
1980-12-30,2.39,0.010143702451394843,0.010092600387224347
1980-12-31,2.389,-0.00041841004184117736,-0.0004184975997469906
1981-01-01,2.389,0.0,0.0
1981-01-02,2.382,-0.0029300962745917314,-0.0029343974105639713
1981-01-05,2.4155,0.014063811922754077,0.013965834079216033
1981-01-06,2.4225,0.002897950734837451,0.0028937597704598817
1981-01-07,2.4115,-0.004540763673890447,-0.004551104255894568
1981-01-08,2.4035,-0.003317437279701463,-0.0033229521750112127
1981-01-09,2.395,-0.0035365092573331758,-0.003542777488999896
1981-01-12,2.397,0.0008350730688935215,0.0008347245893687421
1981-01-13,2.388,-0.003754693366708306,-0.003761759921891573
1981-01-14,2.4025,0.006072026800669983,0.006053666331954818
1981-01-15,2.4005,-0.0008324661810612533,-0.0008328128734523728
1981-01-16,2.3935,-0.002916059154342898,-0.0029203191384313773
1981-01-19,2.405,0.004804679339878826,0.004793173707297823
1981-01-20,2.4185,0.005613305613305641,0.005597609723176365
1981-01-21,2.427,0.003514575149886401,0.0035084134635635957
1981-01-22,2.403,-0.00988875154511748,-0.00993796999013252
1981-01-23,2.407,0.0016645859342487856,0.0016632020466029684
1981-01-26,2.416,0.0037390943082675765,0.0037321212716336393
1981-01-27,2.402,-0.005794701986754913,-0.005811556414776662
1981-01-28,2.4083,0.002622814321398881,0.0026193807463594098
1981-01-29,2.3968,-0.0047751525972679065,-0.004786590063387997
1981-01-30,2.3655,-0.013059078771695543,-0.013145098251697523
1981-02-02,2.349,-0.006975269499048697,-0.006999710412289842
1981-02-03,2.3505,0.0006385696040867028,0.0006383658052722746
1981-02-04,2.356,0.0023399276749627163,0.002337194307292057
1981-02-05,2.3405,-0.006578947368421018,-0.006600684031352024
1981-02-06,2.34,-0.0002136295663320853,-0.00021365238837825801
1981-02-09,2.3405,0.00021367521367521292,0.00021365238837815228
1981-02-10,2.337,-0.00149540696432382,-0.0014965262012672674
1981-02-11,2.3375,0.00021394950791608913,0.00021392662398406618
1981-02-12,2.3375,0.0,0.0
1981-02-13,2.2845,-0.02267379679144388,-0.0229348001595159
1981-02-16,2.2845,0.0,0.0
1981-02-17,2.263,-0.009411249726417159,-0.009455815369788817
1981-02-18,2.266,0.001325673884224443,0.0013247959544142116
1981-02-19,2.284,0.007943512797881747,0.007912129187949228
1981-02-20,2.31,0.011383537653240072,0.011319232739938529
1981-02-23,2.244,-0.02857142857142847,-0.028987536873252187
1981-02-24,2.233,-0.004901960784313819,-0.004914014802429152
1981-02-25,2.228,-0.0022391401701745695,-0.0022416507929831518
1981-02-26,2.2265,-0.0006732495511669878,-0.0006734762854175943
1981-02-27,2.204,-0.010105546822366973,-0.010156954488951993
1981-03-02,2.1805,-0.010662431941923955,-0.01071968298998415
1981-03-03,2.205,0.011235955056179803,0.011173300598125255
1981-03-04,2.198,-0.0031746031746032743,-0.0031796529173797957
1981-03-05,2.204,0.0027297543221111997,0.0027260353092386233
1981-03-06,2.1925,-0.005217785843920297,-0.005231446026467154
1981-03-09,2.215,0.010262257696693311,0.010209958232897946
1981-03-10,2.228,0.005869074492099502,0.0058519185679388065
1981-03-11,2.2165,-0.005161579892280166,-0.005174946862066519
1981-03-12,2.219,0.0011279043537106848,0.0011272687474855822
1981-03-13,2.217,-0.0009013068949976777,-0.0009017133162823846
1981-03-16,2.2365,0.008795669824086527,0.008757213256591258
1981-03-17,2.249,0.005589090096132399,0.005573529086412932
1981-03-18,2.2785,0.01311694086260573,0.013031658744621682
1981-03-19,2.2805,0.0008777704630238414,0.0008773854478178073
1981-03-20,2.263,-0.007673755755316813,-0.007703350518217745
1981-03-23,2.2495,-0.005965532479010216,-0.005983397352310448
1981-03-24,2.2655,0.007112691709268759,0.007087515825965941
1981-03-25,2.2625,-0.0013242109909510358,-0.0013250885331115123
1981-03-26,2.245,-0.007734806629834279,-0.007764875397726544
1981-03-27,2.226,-0.008463251670378646,-0.008499268340864556
1981-03-30,2.2375,0.0051662174303683805,0.005152918313520303
1981-03-31,2.2325,-0.0022346368715083775,-0.0022371373983563216
1981-04-01,2.246,0.006047032474804093,0.006028822547734439
1981-04-02,2.218,-0.012466607301869992,-0.012544967388076146
1981-04-03,2.195,-0.010369702434625871,-0.010423842401040703
1981-04-06,2.175,-0.009111617312072884,-0.009153381986487248
1981-04-07,2.203,0.012873563218390727,0.01279140327955858
1981-04-08,2.196,-0.0031774852473898108,-0.0031825441729217605
1981-04-09,2.19,-0.002732240437158584,-0.00273597981887486
1981-04-10,2.185,-0.0022831050228310223,-0.002285715280855951
1981-04-13,2.163,-0.010068649885583647,-0.010119681576631883
1981-04-14,2.1758,0.005917706888580954,0.005900266033923794
1981-04-15,2.153,-0.010478904311058024,-0.010534194622619276
1981-04-16,2.154,0.0004644681839294229,0.00046436035197086546
1981-04-17,2.154,0.0,0.0
1981-04-20,2.1575,0.0016248839368617762,0.0016235652412492601
1981-04-21,2.1617,0.0019466975666280195,0.0019448052064240694
1981-04-22,2.1865,0.011472452236665598,0.011407142688968195
1981-04-23,2.1745,-0.005488223187743002,-0.00550333881528223
1981-04-24,2.167,-0.0034490687514372453,-0.0034550305013341747
1981-04-27,2.163,-0.00184586986617441,-0.0018475755833002587
1981-04-28,2.156,-0.003236245954692407,-0.0032414939241708443
1981-04-29,2.143,-0.006029684601113305,-0.006047936555310889
1981-04-30,2.1395,-0.001633224451703108,-0.0016345596167053784
1981-05-01,2.143,0.0016358962374385388,0.0016345596167053756
1981-05-04,2.118,-0.011665888940737279,-0.011734469312225245
1981-05-05,2.1135,-0.0021246458923511735,-0.0021269061545070678
1981-05-06,2.1168,0.0015613910574874268,0.0015601733538464864
1981-05-07,2.1035,-0.006283068783068835,-0.006302890330115715
1981-05-08,2.1155,0.005704777751366796,0.005688567129546618
1981-05-11,2.101,-0.006854171590640501,-0.00687776931512174
1981-05-12,2.0875,-0.006425511661113825,-0.00644624411998994
1981-05-13,2.0775,-0.004790419161676551,-0.004801929995407195
1981-05-14,2.0663,-0.005391095066185403,-0.005405679460044382
1981-05-15,2.0745,0.003968446014615434,0.003960592503363571
1981-05-18,2.0882,0.006604000964087753,0.006582290083087396
1981-05-19,2.0765,-0.005602911598506011,-0.005618666785201858
1981-05-20,2.081,0.0021671081146159565,0.002164763322826212
1981-05-21,2.068,-0.006246996636232516,-0.00626659076531461
1981-05-22,2.0725,0.0021760154738876825,0.0021736513811301587
1981-05-25,2.0725,0.0,0.0
1981-05-26,2.066,-0.003136308805790078,-0.003141237329866153
1981-05-27,2.06,-0.0029041626331073322,-0.0029083878959569698
1981-05-28,2.068,0.003883495145631022,0.0038759738446929397
1981-05-29,2.07,0.0009671179883945502,0.000966650631094974
1981-06-01,2.0575,-0.006038647342995085,-0.006056953708189796
1981-06-02,2.036,-0.010449574726610011,-0.010504554880811564
1981-06-03,2.016,-0.00982318271119842,-0.009871748479154117
1981-06-04,1.94,-0.037698412698412787,-0.03842737713388551
1981-06-05,1.93,-0.005154639175257714,-0.005167970158442561
1981-06-08,1.94,0.005181347150259086,0.005167970158442598
1981-06-09,1.9405,0.0002577319587628857,0.0002576987515871796
1981-06-10,1.9705,0.015459933006956916,0.015341645826097329
1981-06-11,1.949,-0.010910936310581043,-0.010970897127497539
1981-06-12,1.957,0.004104669061056887,0.004096267888515355
1981-06-15,2.002,0.022994379151762834,0.022733992479089596
1981-06-16,1.9948,-0.0035964035964035634,-0.0036028862031983813
1981-06-17,1.997,0.0011028674553841267,0.0011022597438478635
1981-06-18,1.976,-0.010515773660490835,-0.010571455108002191
1981-06-19,1.972,-0.002024291497975672,-0.0020263431452323616
1981-06-22,1.9918,0.010040567951318469,0.009990496334958446
1981-06-23,1.9982,0.0032131740134551112,0.0032080228013790005
1981-06-24,1.979,-0.009608647783004631,-0.009655108696352417
1981-06-25,1.953,-0.01313794845881755,-0.013225014725886759
1981-06-26,1.949,-0.0020481310803891484,-0.0020502313691181263
1981-06-29,1.9435,-0.0028219599794766514,-0.002825949215282954
1981-06-30,1.93,-0.006946231026498606,-0.006970468393346639
1981-07-01,1.9025,-0.014248704663212375,-0.014351192163090273
1981-07-02,1.884,-0.009724047306176153,-0.009771634599532604
1981-07-03,1.893,0.004777070063694433,0.004765696073014645
1981-07-06,1.9,0.003697834125726329,0.0036910139452089484
1981-07-07,1.9025,0.0013157894736843812,0.0013149245813092439
1981-07-08,1.879,-0.012352168199737279,-0.012429090322375679
1981-07-09,1.877,-0.001064395955295394,-0.0010649628269565206
1981-07-10,1.8925,0.008257858284496544,0.00822394872509503
1981-07-13,1.8805,-0.006340819022457089,-0.006361007401212782
1981-07-14,1.862,-0.00983780909332621,-0.009886520073378669
1981-07-15,1.89,0.015037593984962294,0.014925650216675574
1981-07-16,1.8825,-0.003968253968253843,-0.0039761483796392945
1981-07-17,1.8815,-0.0005312084993360777,-0.0005313496405567851
1981-07-20,1.867,-0.007706617060855625,-0.007736466491769256
1981-07-21,1.845,-0.011783610069630468,-0.011853587067095097
1981-07-22,1.8607,0.008509485094851055,0.00847348351896824
1981-07-23,1.8545,-0.0033320793249852487,-0.003337643063950231
1981-07-24,1.8622,0.004152062550552671,0.004143466524783885
1981-07-27,1.86,-0.0011813983460422506,-0.0011820967471824217
1981-07-28,1.8635,0.0018817204301073698,0.0018799522120660171
1981-07-29,1.858,-0.002951435470888053,-0.002955799545529217
1981-07-30,1.857,-0.0005382131324005446,-0.0005383580210781471
1981-07-31,1.84,-0.00915455035002688,-0.009196710749674444
1981-08-03,1.8015,-0.020923913043478293,-0.02114592041488341
1981-08-04,1.7935,-0.004440743824590587,-0.004450633215810624
1981-08-05,1.8055,0.006690827989963788,0.006668543745175202
1981-08-06,1.798,-0.004153973968429869,-0.004162625685946928
1981-08-07,1.7905,-0.004171301446051157,-0.00418002559307818
1981-08-10,1.771,-0.010890812622172619,-0.010950551655653893
1981-08-11,1.776,0.0028232636928289256,0.0028192857692818487
1981-08-12,1.8115,0.019988738738738743,0.019791586783016554
1981-08-13,1.804,-0.004140215291195126,-0.00414880971256294
1981-08-14,1.802,-0.0011086474501108556,-0.0011092624542857338
1981-08-17,1.8225,0.011376248612652518,0.0113120257145299
1981-08-18,1.829,0.0035665294924553947,0.0035601845080524596
1981-08-19,1.8315,0.0013668671405138166,0.00136593382800324
1981-08-20,1.8595,0.015288015288015266,0.01517233114625565
1981-08-21,1.8765,0.009142242538316747,0.009100705209950783
1981-08-24,1.849,-0.014654942712496677,-0.014763387187950682
1981-08-25,1.8235,-0.01379123850730124,-0.01388722113838993
1981-08-26,1.845,0.011790512750205595,0.011721546225892594
1981-08-27,1.8425,-0.0013550135501354532,-0.0013559324111358441
1981-08-28,1.849,0.0035278154681139817,0.003521607323633184
1981-08-31,1.845,-0.0021633315305570333,-0.002165674912497261
1981-09-01,1.832,-0.007046070460704601,-0.007071011240551979
1981-09-02,1.8415,0.005185589519650646,0.005172190651044405
1981-09-03,1.8445,0.0016291067064893028,0.0016277811516103588
1981-09-04,1.843,-0.0008132285172133269,-0.0008135593669070297
1981-09-07,1.843,0.0,0.0
1981-09-08,1.7935,-0.026858383071079683,-0.027225660697485936
1981-09-09,1.781,-0.00696961248954564,-0.006994013682675674
1981-09-10,1.804,0.01291409320606407,0.012831417332907376
1981-09-11,1.779,-0.013858093126385862,-0.013955012956733875
1981-09-14,1.795,0.008993816750983763,0.008953613256544167
1981-09-15,1.833,0.02116991643454047,0.020948946917325843
1981-09-16,1.8475,0.00791052918712487,0.007879404982651765
1981-09-17,1.832,-0.008389715832205602,-0.00842510758828118
1981-09-18,1.834,0.0010917030567685337,0.001091107582334557
1981-09-21,1.854,0.010905125408942284,0.010846093309390384
1981-09-22,1.831,-0.01240560949298819,-0.012483201451289809
1981-09-23,1.8115,-0.010649918077553222,-0.010707034339378762
1981-09-24,1.7885,-0.012696660226331868,-0.012777951636059593
1981-09-25,1.7855,-0.0016773832820798917,-0.0016787916645692313
1981-09-28,1.779,-0.003640436852422435,-0.003647079368668136
1981-09-29,1.7945,0.008712759977515416,0.008675022921826772
1981-09-30,1.803,0.004736695458344986,0.004725512615655357
1981-10-01,1.831,0.015529672767609526,0.015410321471193427
1981-10-02,1.818,-0.007099945385035444,-0.007125269937086513
1981-10-05,1.8545,0.020077007700770144,0.019878122192221417
1981-10-06,1.847,-0.004044216770018871,-0.004052416730405531
1981-10-07,1.869,0.011911207363291876,0.011840827256322925
1981-10-08,1.8985,0.015783841626538342,0.015660572216294265
1981-10-09,1.901,0.0013168290755860568,0.0013159628165722137
1981-10-12,1.901,0.0,0.0
1981-10-13,1.855,-0.024197790636507177,-0.024495367446893724
1981-10-14,1.853,-0.0010781671159029171,-0.0010787487561756853
1981-10-15,1.847,-0.0032379924446842567,-0.00324324608611978
1981-10-16,1.831,-0.008662696264212233,-0.008700435524729247
1981-10-19,1.84,0.004915346805024701,0.004903305928520715
1981-10-20,1.819,-0.011413043478260887,-0.011478672084909066
1981-10-21,1.8212,0.0012094557449147114,0.001208724942504689
1981-10-22,1.8148,-0.0035141664836371156,-0.0035203556708181386
1981-10-23,1.8205,0.0031408419660567954,0.003135919825679231
1981-10-26,1.805,-0.008514144465806117,-0.00855059684850686
1981-10-27,1.8108,0.003213296398892007,0.0032081447948222696
1981-10-28,1.8245,0.007565716810249645,0.0075372403146988405
1981-10-29,1.8315,0.003836667580158881,0.003829326342366663
1981-10-30,1.862,0.016653016653016772,0.016515875618143435
1981-11-02,1.8725,0.005639097744360777,0.005623257554362039
1981-11-03,1.8725,0.0,0.0
1981-11-04,1.878,0.002937249666221442,0.0029329443768334874
1981-11-05,1.8725,-0.0029286474973374554,-0.0029329443768335356
1981-11-06,1.875,0.001335113484646211,0.0013342230131366622
1981-11-09,1.892,0.009066666666666556,0.009025811207312287
1981-11-10,1.867,-0.013213530655391104,-0.013301606070100955
1981-11-11,1.867,0.0,0.0
1981-11-12,1.8945,0.01472951258703814,0.014622086916932987
1981-11-13,1.907,0.006598046978094407,0.006576375141763499
1981-11-16,1.913,0.0031463030938647663,0.0031413638398338664
1981-11-17,1.893,-0.010454783063251427,-0.010509818230930017
1981-11-18,1.9115,0.00977284733227668,0.009725401927144507
1981-11-19,1.911,-0.0002615746795709972,-0.0002616088961944252
1981-11-20,1.897,-0.0073260073260073,-0.007352974305258806
1981-11-23,1.9037,0.0035318924617817604,0.0035256699767288306
1981-11-24,1.9185,0.007774334191311683,0.007744269775264062
1981-11-25,1.928,0.004951785248892282,0.00493956548348377
1981-11-26,1.928,0.0,0.0
1981-11-27,1.956,0.014522821576763434,0.01441837542427167
1981-11-30,1.955,-0.0005112474437627412,-0.0005113781752964586
1981-12-01,1.9455,-0.004859335038363222,-0.004871179994857932
1981-12-02,1.9525,0.0035980467746079547,0.003591589289232652
1981-12-03,1.933,-0.009987195902688817,-0.01003740250551009
1981-12-04,1.9415,0.004397309881013944,0.004387669963391082
1981-12-07,1.935,-0.0033479268606747548,-0.0033535437078398398
1981-12-08,1.9265,-0.004392764857881093,-0.004402441397669859
1981-12-09,1.9225,-0.002076304178562194,-0.0020784626864132722
1981-12-10,1.8928,-0.015448634590377153,-0.015569208155676749
1981-12-11,1.8775,-0.00808326289095529,-0.008116109585832613
1981-12-14,1.8655,-0.006391478029294295,-0.006411990977077295
1981-12-15,1.8855,0.010720986330742477,0.010663924037199317
1981-12-16,1.8865,0.0005303632988598039,0.0005302227059534305
1981-12-17,1.8865,0.0,0.0
1981-12-18,1.8775,-0.004770739464617035,-0.00478215576607536
1981-12-21,1.8715,-0.003195739014647092,-0.003200856293806107
1981-12-22,1.886,0.007747795885653108,0.007717935848919036
1981-12-23,1.8865,0.0002651113467657673,0.00026507621096247155
1981-12-24,1.893,0.0034455340577790317,0.0034396118049577745
1981-12-25,1.893,0.0,0.0
1981-12-28,1.89,-0.0015847860538827918,-0.0015860431556348514
1981-12-29,1.8905,0.00026455026455041164,0.00026451527729962976
1981-12-30,1.9125,0.011637133033588931,0.01156994236970329
1981-12-31,1.915,0.0013071895424836555,0.001306335914055457
1982-01-01,1.915,0.0,0.0
1982-01-04,1.926,0.005744125326370808,0.005727690743324552
1982-01-05,1.912,-0.007268951194184803,-0.007295498746724234
1982-01-06,1.9253,0.006956066945606798,0.0069319851239433425
1982-01-07,1.92,-0.0027528177426895395,-0.0027566137134626915
1982-01-08,1.92,0.0,0.0
1982-01-11,1.887,-0.01718749999999991,-0.017336919653276925
1982-01-12,1.873,-0.007419183889772141,-0.0074468429244617185
1982-01-13,1.868,-0.0026695141484249785,-0.002673083655300575
1982-01-14,1.8635,-0.0024089935760172043,-0.0024118998694748995
1982-01-15,1.87,0.0034880601019586788,0.0034819909293192027
1982-01-18,1.8835,0.007219251336898269,0.007193317283463325
1982-01-19,1.894,0.005574727900185872,0.005559246613927841
1982-01-20,1.8832,-0.005702217529038989,-0.0057185372400112
1982-01-21,1.88,-0.001699235344095218,-0.0017006806820174423
1982-01-22,1.8705,-0.005053191489361564,-0.005066002035793918
1982-01-25,1.8545,-0.00855386260358193,-0.008590656858555338
1982-01-26,1.8705,0.008627662442706852,0.008590656858555262
1982-01-27,1.866,-0.002405773857257376,-0.0024086723809116557
1982-01-28,1.8745,0.004555198285101758,0.004544854768677517
1982-01-29,1.879,0.002400640170712176,0.0023977632374985857
1982-02-01,1.8605,-0.009845662586482118,-0.009894451626788073
1982-02-02,1.8625,0.0010749798441278546,0.0010744024670373247
1982-02-03,1.8585,-0.0021476510067114374,-0.0021499605164077796
1982-02-04,1.87,0.0061877858488028625,0.006168720111325543
1982-02-05,1.8605,-0.005080213903743358,-0.005093162061955163
1982-02-08,1.8625,0.0010749798441278546,0.0010744024670373247
1982-02-09,1.842,-0.011006711409395908,-0.011067733438462362
1982-02-10,1.8475,0.0029858849077089022,0.0029814360071045757
1982-02-11,1.849,0.0008119079837618504,0.0008115785647680176
1982-02-12,1.849,0.0,0.0
1982-02-15,1.849,0.0,0.0
1982-02-16,1.8322,-0.009085992428339629,-0.009127521806016553
1982-02-17,1.8355,0.0018011134155659914,0.0017994933557807095
1982-02-18,1.8515,0.00871697085262868,0.008679197416778363
1982-02-19,1.8525,0.0005401026194977732,0.0005399568165746439
1982-02-22,1.8475,-0.0026990553306343035,-0.002702704347885139
1982-02-23,1.831,-0.008930987821380243,-0.008971108147846128
1982-02-24,1.8295,-0.0008192244675041538,-0.0008195602152492682
1982-02-25,1.8327,0.0017491117791745836,0.001747583864569397
1982-02-26,1.82,-0.00692966661210237,-0.006953788252989925
1982-03-01,1.8217,0.0009340659340659752,0.0009336299659422443
1982-03-02,1.8125,-0.005050227809189289,-0.005063023307953467
1982-03-03,1.823,0.0057931034482758825,0.0057763879498332164
1982-03-04,1.8275,0.0024684585847503104,0.0024654169452704303
1982-03-05,1.8375,0.00547195622435015,0.005457039463058117
1982-03-08,1.825,-0.006802721088435382,-0.006825965070399871
1982-03-09,1.8035,-0.01178082191780816,-0.011850765672998134
1982-03-10,1.81,0.003604103132797354,0.0035976239162777623
1982-03-11,1.805,-0.002762430939226568,-0.002766253492890185
1982-03-12,1.7975,-0.0041551246537395725,-0.004163781171779501
1982-03-15,1.807,0.0052851182197495294,0.005271200997026618
1982-03-16,1.802,-0.0027670171555063128,-0.0027708524239452178
1982-03-17,1.8092,0.00399556048834615,0.003987599435404735
1982-03-18,1.8095,0.00016581914658431174,0.00016580540010922295
1982-03-19,1.799,-0.005802707930367634,-0.005819609053264153
1982-03-22,1.7978,-0.0006670372429126159,-0.0006672598112340754
1982-03-23,1.802,0.002336188675047257,0.0023334640289842863
1982-03-24,1.8045,0.0013873473917869195,0.0013863859145600513
1982-03-25,1.7955,-0.004987531172069737,-0.0050000104167056405
1982-03-26,1.79,-0.0030632135895294343,-0.0030679148313369053
1982-03-29,1.7775,-0.006983240223463638,-0.007007737157404689
1982-03-30,1.7835,0.0033755274261604296,0.0033698431215503626
1982-03-31,1.781,-0.0014017381553126373,-0.0014027215092846114
1982-04-01,1.79,0.005053340819764163,0.005040615545139014
1982-04-02,1.7875,-0.0013966480446927498,-0.0013976242666379726
1982-04-05,1.7722,-0.008559440559440579,-0.008596282954960708
1982-04-06,1.7505,-0.012244667644735419,-0.012320251218481728
1982-04-07,1.763,0.0071408169094544505,0.00711544200314987
1982-04-08,1.753,-0.005672149744753274,-0.0056882974766357414
1982-04-09,1.754,0.0005704506560182399,0.0005702880108938365
1982-04-12,1.768,0.007981755986316896,0.007950070265460303
1982-04-13,1.769,0.0005656108597285048,0.0005654509621965294
1982-04-14,1.76,-0.005087620124364034,-0.005100606127587797
1982-04-15,1.7598,-0.00011363636363637131,-0.00011364282073712049
1982-04-16,1.76,0.00011364927832713256,0.00011364282073716276
1982-04-19,1.773,0.00738636363636358,0.007359218042010368
1982-04-20,1.7705,-0.0014100394811054073,-0.0014110345222494022
1982-04-21,1.777,0.003671279299632735,0.0036645566026927727
1982-04-22,1.7775,0.0002813731007316189,0.0002813335227446578
1982-04-23,1.772,-0.0030942334739803012,-0.003099030512369677
1982-04-26,1.7775,0.003103837471783333,0.003099030512369722
1982-04-27,1.7745,-0.0016877637130802148,-0.001689189590844829
1982-04-28,1.7855,0.006198929275852416,0.006179794947952039
1982-04-29,1.794,0.004760571268552116,0.004749275584238183
1982-04-30,1.7945,0.0002787068004459492,0.0002786679689205477
1982-05-03,1.8135,0.010587907495123838,0.010532248135294948
1982-05-04,1.7945,-0.01047697821891369,-0.010532248135295085
1982-05-05,1.805,0.005851212036779074,0.005834160179319365
1982-05-06,1.821,0.008864265927977844,0.008825208960626663
1982-05-07,1.8262,0.0028555738605162695,0.002851504454631845
1982-05-10,1.836,0.005366334465009226,0.005351986998195961
1982-05-11,1.833,-0.0016339869281046804,-0.0016353233407308645
1982-05-12,1.837,0.0021822149481725006,0.0021798373754207422
1982-05-13,1.824,-0.007076755579749516,-0.007101914580848877
1982-05-14,1.8235,-0.0002741228070176627,-0.00027416038554190354
1982-05-17,1.8165,-0.0038387715930902067,-0.0038461585874782754
1982-05-18,1.8135,-0.0016515276630884035,-0.0016528929382996255
1982-05-19,1.7965,-0.009374138406396448,-0.009418352169383613
1982-05-20,1.7795,-0.009462844419704908,-0.00950790160332598
1982-05-21,1.7975,0.010115200899128984,0.010064384644954403
1982-05-24,1.8045,0.003894297635604893,0.003886734487641392
1982-05-25,1.8048,0.00016625103906897643,0.00016623722089648314
1982-05-26,1.8,-0.0026595744680850686,-0.002663117419483662
1982-05-27,1.7895,-0.005833333333333357,-0.005850413678175589
1982-05-28,1.791,0.0008382229673091768,0.0008378718546311557
1982-05-31,1.791,0.0,0.0
1982-06-01,1.7875,-0.0019542155220546586,-0.0019561274925489988
1982-06-02,1.7915,0.0022377622377622863,0.002235262176845831
1982-06-03,1.7962,0.002623499860452183,0.002620064491840904
1982-06-04,1.795,-0.0006680770515533618,-0.0006683003144701934
1982-06-07,1.79,-0.0027855153203342198,-0.0027894020875785254
1982-06-08,1.782,-0.004469273743016755,-0.004479290804046057
1982-06-09,1.7745,-0.004208754208754217,-0.004217635944203469
1982-06-10,1.764,-0.005917159763313529,-0.005934735519814466
1982-06-11,1.7745,0.005952380952380931,0.0059347355198145265
1982-06-14,1.758,-0.009298393913778513,-0.009341893841428837
1982-06-15,1.7612,0.0018202502844142376,0.0018185956364765883
1982-06-16,1.748,-0.007494889847831088,-0.0075231176661180585
1982-06-17,1.743,-0.0028604118993134087,-0.002864510695459757
1982-06-18,1.7385,-0.002581755593803914,-0.002585094072104957
1982-06-21,1.727,-0.006614897900488859,-0.00663687330123742
1982-06-22,1.7365,0.005500868558193206,0.005485794037449917
1982-06-23,1.7295,-0.004031097034264297,-0.004039243806905274
1982-06-24,1.733,0.0020237062734895783,0.0020216613383828024
1982-06-25,1.719,-0.008078476630121179,-0.008111284332756825
1982-06-28,1.7185,-0.0002908667830134881,-0.0002909090929607895
1982-06-29,1.735,0.00960139656677339,0.009555596091071034
1982-06-30,1.7355,0.00028818443804023985,0.00028814292088128347
1982-07-01,1.735,-0.00028810141169688386,-0.00028814292088135595
1982-07-02,1.731,-0.002305475504322807,-0.0023081372047503547
1982-07-05,1.731,0.0,0.0
1982-07-06,1.7238,-0.004159445407279083,-0.004168119962910438
1982-07-07,1.7105,-0.007715512240399125,-0.007745430795639507
1982-07-08,1.7105,0.0,0.0
1982-07-09,1.7245,0.008184741303712384,0.008151427959236247
1982-07-12,1.7325,0.004639025804580976,0.004628298687162639
1982-07-13,1.7225,-0.005772005772005762,-0.005788728176244652
1982-07-14,1.723,0.0002902757619740459,0.0002902336401161569
1982-07-15,1.7215,-0.0008705745792223496,-0.0008709537493512332
1982-07-16,1.724,0.001452221899506112,0.0014511684450598228
1982-07-19,1.735,0.00638051044083543,0.006360241157321322
1982-07-20,1.739,0.002305475504322807,0.0023028219733235047
1982-07-21,1.756,0.009775733179988366,0.009728259840778805
1982-07-22,1.7475,-0.004840546697038706,-0.004852300087096628
1982-07-23,1.7665,0.010872675250357622,0.010813992691234555
1982-07-26,1.764,-0.001415227851684131,-0.0014162302324633065
1982-07-27,1.7562,-0.004421768707483009,-0.004431573640841462
1982-07-28,1.7435,-0.007231522605625762,-0.007257796810189296
1982-07-29,1.738,-0.003154574132492094,-0.0031595602903684815
1982-07-30,1.738,0.0,0.0
1982-08-02,1.7535,0.008918296892980404,0.008878763754895413
1982-08-03,1.7485,-0.002851439977188508,-0.0028555130768022894
1982-08-04,1.7278,-0.011838718901915901,-0.011909354578646713
1982-08-05,1.7155,-0.007118879499942055,-0.007144339626279318
1982-08-06,1.714,-0.0008743806470417059,-0.0008747631407793348
1982-08-09,1.7,-0.008168028004667427,-0.008201569113417633
1982-08-10,1.6975,-0.0014705882352941124,-0.0014716706114562507
1982-08-11,1.698,0.0002945508100147265,0.000294507438441432
1982-08-12,1.698,0.0,0.0
1982-08-13,1.702,0.002355712603062443,0.002352942262026836
1982-08-16,1.7025,0.00029377203290237297,0.0002937288903478923
1982-08-17,1.707,0.002643171806167466,0.0026396847707732454
1982-08-18,1.724,0.00995899238429998,0.009909728429197833
1982-08-19,1.7235,-0.0002900232018561155,-0.00029006526671831025
1982-08-20,1.7415,0.010443864229765065,0.010389703849135868
1982-08-23,1.744,0.0014355440712030543,0.0014345146628691266
1982-08-24,1.7665,0.012901376146788879,0.01281886233027486
1982-08-25,1.7605,-0.0033965468440418922,-0.0034023282040927076
1982-08-26,1.76,-0.0002840102243680809,-0.00028405056290973997
1982-08-27,1.736,-0.013636363636363669,-0.01373019281190202
1982-08-30,1.7085,-0.015841013824884786,-0.015967823664948953
1982-08-31,1.7205,0.0070237050043897575,0.0069991536821884925
1982-09-01,1.7205,0.0,0.0
1982-09-02,1.735,0.008427782621331037,0.008392467143424523
1982-09-03,1.7305,-0.002593659942363158,-0.0025970293055606695
1982-09-06,1.7305,0.0,0.0
1982-09-07,1.7278,-0.001560242704420678,-0.0015614611506151398
1982-09-08,1.721,-0.003935640699154974,-0.003943405713244355
1982-09-09,1.728,0.004067402672864651,0.004059153152461549
1982-09-10,1.7125,-0.00896990740740744,-0.009010379227620609
1982-09-13,1.7053,-0.00420437956204367,-0.0042132428175116485
1982-09-14,1.7075,0.0012900955843546669,0.0012892641260765563
1982-09-15,1.7065,-0.0005856515373353632,-0.0005858230981834746
1982-09-16,1.7075,0.0005859947260475895,0.0005858230981835206
1982-09-17,1.713,0.0032210834553441092,0.0032159068791748186
1982-09-20,1.7105,-0.0014594279042616787,-0.0014604939064606886
1982-09-21,1.71,-0.00029231218941827564,-0.0002923549209538189
1982-09-22,1.7215,0.006725146198830467,0.006702633281872982
1982-09-23,1.7105,-0.006389776357827559,-0.006410278360919166
1982-09-24,1.7085,-0.0011692487576732136,-0.0011699328623128655
1982-09-27,1.6958,-0.007433421129645845,-0.007461186685443847
1982-09-28,1.6905,-0.0031253685576130286,-0.0031302627219620513
1982-09-29,1.6955,0.0029577048210589485,0.0029533394177527106
1982-09-30,1.6945,-0.0005897965202006361,-0.0005899705185873822
1982-10-01,1.698,0.0020655060489820354,0.002063375824186633
1982-10-04,1.6833,-0.008657243816254434,-0.008694935446256642
1982-10-05,1.6865,0.0019010277431237288,0.0018992230766690368
1982-10-06,1.6925,0.003557663800770605,0.003551350284724903
1982-10-07,1.7035,0.006499261447562743,0.0064782323145911635
1982-10-08,1.7045,0.0005870267097152215,0.00058685447693646
1982-10-11,1.7045,0.0,0.0
1982-10-12,1.724,0.011440305074801982,0.011375359645680608
1982-10-13,1.7085,-0.008990719257540691,-0.009031379668291973
1982-10-14,1.706,-0.0014632718759145513,-0.001464343503722101
1982-10-15,1.704,-0.0011723329425556983,-0.0011730206623633988
1982-10-18,1.708,0.0023474178403755097,0.0023446669592540547
1982-10-19,1.707,-0.0005854800936767601,-0.0005856515540745054
1982-10-20,1.6973,-0.005682483889865253,-0.005698690626954905
1982-10-21,1.6957,-0.0009426736581630291,-0.0009431182544039963
1982-10-22,1.698,0.0013563719997640167,0.0013554529582107656
1982-10-25,1.6805,-0.010306242638398078,-0.010359719706132234
1982-10-26,1.686,0.00327283546563506,0.003267491396640246
1982-10-27,1.6848,-0.000711743772241924,-0.0007119971820896417
1982-10-28,1.678,-0.004036087369420738,-0.004044254352559604
1982-10-29,1.677,-0.0005959475566149619,-0.0005961252039425797
1982-11-01,1.6825,0.0032796660703637848,0.0032742996956740588
1982-11-02,1.6825,0.0,0.0
1982-11-03,1.6795,-0.0017830609212482473,-0.0017846524665355388
1982-11-04,1.6665,-0.007740398928252401,-0.007770511304553003
1982-11-05,1.6625,-0.002400240024002409,-0.002403125217785181
1982-11-08,1.6505,-0.007218045112782012,-0.007244221236761559
1982-11-09,1.6603,0.005937594668282253,0.005920036620492875
1982-11-10,1.6625,0.0013250617358309125,0.0013241846162685802
1982-11-11,1.6625,0.0,0.0
1982-11-12,1.6518,-0.006436090225564017,-0.006456891153392682
1982-11-15,1.6315,-0.012289623441094522,-0.012365765343241275
1982-11-16,1.6205,-0.0067422617223413805,-0.00676509345177322
1982-11-17,1.6015,-0.01172477630361013,-0.01179405353238937
1982-11-18,1.603,0.0009366219169528733,0.0009361835603401357
1982-11-19,1.6195,0.010293200249532175,0.010240586001831082
1982-11-22,1.594,-0.01574560049397955,-0.015870879261223565
1982-11-23,1.5972,0.002007528230865585,0.0020055158389057485
1982-11-24,1.5955,-0.0010643626346106272,-0.0010649294707681175
1982-11-25,1.5955,0.0,0.0
1982-11-26,1.5925,-0.0018802883108742785,-0.0018820582719797326
1982-11-29,1.6062,0.00860282574568294,0.008566032308043465
1982-11-30,1.632,0.016062756817332824,0.01593511576969048
1982-12-01,1.6285,-0.0021446078431371918,-0.002146910807764074
1982-12-02,1.6365,0.004912496162112312,0.004900469224946958
1982-12-03,1.641,0.00274977085242889,0.0027459971488556223
1982-12-06,1.62,-0.01279707495429605,-0.012879662863661026
1982-12-07,1.632,0.007407407407407307,0.00738010729762246
1982-12-08,1.627,-0.0030637254901960675,-0.003068428305014509
1982-12-09,1.612,-0.009219422249538978,-0.009262184152464147
1982-12-10,1.61,-0.001240694789081842,-0.001241465088064877
1982-12-13,1.607,-0.0018633540372671176,-0.0018650922409961304
1982-12-14,1.6165,0.0059116365899192225,0.005894231427975305
1982-12-15,1.614,-0.0015465511908443474,-0.0015477483355935968
1982-12-16,1.62,0.0037174721189590088,0.0037105793965355534
1982-12-17,1.6,-0.012345679012345734,-0.012422519998557209
1982-12-20,1.6105,0.006562500000000027,0.006541060543380937
1982-12-21,1.6045,-0.003725551071095956,-0.003732508221341979
1982-12-22,1.607,0.0015581177937051827,0.0015569051876010043
1982-12-23,1.595,-0.007467330429371533,-0.007495350518567674
1982-12-24,1.6,0.0031347962382446415,0.003129893008927787
1982-12-27,1.605,0.0031249999999998224,0.0031201273362434566
1982-12-28,1.619,0.008722741433021763,0.008684918113518849
1982-12-29,1.627,0.004941321803582532,0.0049291535414027424
1982-12-30,1.6165,-0.006453595574677284,-0.006474510053549989
1982-12-31,1.618,0.0009279307145066973,0.0009275004529492724
1983-01-03,1.6235,0.0033992583436339707,0.0033934939244634997
1983-01-04,1.621,-0.0015398829688942905,-0.0015410698072244676
1983-01-05,1.621,0.0,0.0
1983-01-06,1.6065,-0.008945095619987686,-0.008985343179762977
1983-01-07,1.61,0.002178649237472907,0.00217627942259567
1983-01-10,1.5895,-0.01273291925465847,-0.01281467762765137
1983-01-11,1.584,-0.0034602076124566894,-0.0034662079764861725
1983-01-12,1.575,-0.005681818181818232,-0.005698021114637779
1983-01-13,1.578,0.0019047619047620756,0.0019029501460862853
1983-01-14,1.581,0.001901140684410496,0.0018993358036523157
1983-01-17,1.589,0.005060088551549713,0.005047329327244023
1983-01-18,1.576,-0.008181246066708558,-0.008214896118891481
1983-01-19,1.574,-0.0012690355329949554,-0.00126984144047593
1983-01-20,1.572,-0.0012706480304955914,-0.001271455988196721
1983-01-21,1.5675,-0.002862595419847458,-0.002866700482076224
1983-01-24,1.5405,-0.017224880382775032,-0.01737495447035306
1983-01-25,1.5388,-0.0011035378123985806,-0.0011041471585825637
1983-01-26,1.548,0.005978684689368352,0.005960883271532381
1983-01-27,1.5365,-0.007428940568475539,-0.007456672579133167
1983-01-28,1.5362,-0.0001952489424015269,-0.00019526800595774787
1983-01-31,1.5202,-0.010415310506444508,-0.010469929432641531
1983-02-01,1.5235,0.0021707670043416005,0.002168414293823735
1983-02-02,1.5135,-0.006563833278634745,-0.006585469963990419
1983-02-03,1.5245,0.007267922035018026,0.0072416379665359906
1983-02-04,1.5245,0.0,0.0
1983-02-07,1.534,0.006231551328304441,0.006212215498892103
1983-02-08,1.5365,0.0016297262059974393,0.0016283996433378964
1983-02-09,1.541,0.0029287341360233476,0.002924453749576323
1983-02-10,1.549,0.005191434133679396,0.005178005096752847
1983-02-11,1.5405,-0.0054874112330535185,-0.005502522380145954
1983-02-14,1.5385,-0.0012982797792924217,-0.0012991232746260787
1983-02-15,1.541,0.001624959376015589,0.0016236405580192222
1983-02-16,1.551,0.006489292667099189,0.006468327856422975
1983-02-17,1.5435,-0.004835589941972862,-0.004847319234324775
1983-02-18,1.5435,0.0,0.0
1983-02-21,1.5435,0.0,0.0
1983-02-22,1.5215,-0.014253320375769318,-0.014355874605188184
1983-02-23,1.533,0.007558330594807705,0.007529909534788309
1983-02-24,1.5275,-0.0035877364644486542,-0.003594187826063598
1983-02-25,1.527,-0.0003273322422259195,-0.0003273858271180141
1983-02-28,1.5115,-0.010150622134904919,-0.010202490999119566
1983-03-01,1.5045,-0.004631161098246905,-0.004641918149412961
1983-03-02,1.505,0.0003323363243601385,0.0003322811128760763
1983-03-03,1.5125,0.004983388704318914,0.004971012722020402
1983-03-04,1.511,-0.0009917355371901193,-0.0009922276322569953
1983-03-07,1.5168,0.003838517538054198,0.0038311692280177186
1983-03-08,1.4995,-0.011405590717299519,-0.01147113331169352
1983-03-09,1.5025,0.002000666888962943,0.001998668220298821
1983-03-10,1.5117,0.006123128119800425,0.006104457945299546
1983-03-11,1.5027,-0.005953562214725205,-0.005971355322981353
1983-03-14,1.509,0.004192453583549582,0.004183689736168062
1983-03-15,1.514,0.0033134526176277213,0.0033079752295453405
1983-03-16,1.51,-0.0026420079260237594,-0.002645504188424054
1983-03-17,1.5023,-0.005099337748344368,-0.005112383740592023
1983-03-18,1.4875,-0.009851560939892146,-0.00990040864859314
1983-03-21,1.4705,-0.011428571428571566,-0.011494379425735246
1983-03-22,1.473,0.0017001020061204741,0.0016986584685806591
1983-03-23,1.458,-0.010183299389002087,-0.010235503894026863
1983-03-24,1.4618,0.002606310013717472,0.002602919477687927
1983-03-25,1.46,-0.0012313585989875975,-0.0012321173439092592
1983-03-28,1.4545,-0.003767123287671259,-0.003774236767125826
1983-03-29,1.4543,-0.00013750429700931655,-0.00013751375159187163
1983-03-30,1.4665,0.008388915629512494,0.008353924233841254
1983-03-31,1.4825,0.010910330719399841,0.010851242454374702
1983-04-01,1.478,-0.0030354131534570117,-0.0030400293637334475
1983-04-04,1.4885,0.007104194857916024,0.007079078947683913
1983-04-05,1.5063,0.011958347329526386,0.011887411252938447
1983-04-06,1.517,0.007103498639049244,0.0070783876397626615
1983-04-07,1.5035,-0.008899143045484448,-0.008938976919948428
1983-04-08,1.505,0.0009976720984368193,0.0009971747543921837
1983-04-11,1.5263,0.014152823920265956,0.014053607738100384
1983-04-12,1.5425,0.010613902902443906,0.010557970858466652
1983-04-13,1.5365,-0.0038897893030793718,-0.0038973742090034885
1983-04-14,1.5402,0.002408070289619202,0.0024051755346103177
1983-04-15,1.5488,0.005583690429814325,0.005568159417162859
1983-04-18,1.561,0.00787706611570238,0.007846203993119395
1983-04-19,1.5495,-0.007367072389493856,-0.007394343287629077
1983-04-20,1.542,-0.004840271055179146,-0.004852023104528186
1983-04-21,1.5475,0.003566796368352776,0.0035604504354763557
1983-04-22,1.543,-0.002907915993538124,-0.0029121521955904877
1983-04-25,1.568,0.01620220349967605,0.01607234854719241
1983-04-26,1.57,0.0012755102040815647,0.0012746974320005163
1983-04-27,1.568,-0.001273885350318471,-0.001274697432000584
1983-04-28,1.5592,-0.0056122448979593065,-0.0056280527170022255
1983-04-29,1.5573,-0.0012185736275013292,-0.0012193166920580712
1983-05-02,1.5707,0.008604636229371465,0.008567827347693728
1983-05-03,1.5782,0.004774941109059627,0.0047635772379479545
1983-05-04,1.5787,0.0003168166265365979,0.0003167664507465762
1983-05-05,1.578,-0.0004434027997719525,-0.00044350113186159885
1983-05-06,1.579,0.0006337135614702394,0.0006335128498225626
1983-05-09,1.568,-0.006966434452184811,-0.006990813345288816
1983-05-10,1.5645,-0.0022321428571429047,-0.002234637801416377
1983-05-11,1.568,0.0022371364653244186,0.0022346378014163628
1983-05-12,1.5681,6.377551020397831e-05,6.377347663258834e-05
1983-05-13,1.5665,-0.0010203430903641397,-0.0010208639947394316
1983-05-16,1.5605,-0.0038301947015639826,-0.0038375486814122882
1983-05-17,1.554,-0.004165331624479296,-0.0041740307832413325
1983-05-18,1.5585,0.0028957528957529455,0.002891568279799074
1983-05-19,1.5528,-0.0036573628488931753,-0.0036640673525912834
1983-05-20,1.5562,0.0021895929933024583,0.002187199328029294
1983-05-23,1.5562,0.0,0.0
1983-05-24,1.5677,0.0073897956560853295,0.007362624891655599
1983-05-25,1.5854,0.011290425464055565,0.011227164328570068
1983-05-26,1.602,0.010470543711366354,0.010416107225249178
1983-05-27,1.6018,-0.0001248439450688421,-0.00012485173872281937
1983-05-30,1.6018,0.0,0.0
1983-05-31,1.6005,-0.0008115869646646567,-0.0008119164796640454
1983-06-01,1.59,-0.006560449859418949,-0.006582064195640556
1983-06-02,1.5816,-0.005283018867924594,-0.00529702335787012
1983-06-03,1.565,-0.01049570055639859,-0.01055116888215357
1983-06-06,1.576,0.007028753993610248,0.007004167443570868
1983-06-07,1.572,-0.0025380710659898,-0.0025412974286725325
1983-06-08,1.5696,-0.0015267175572518665,-0.0015278841780531757
1983-06-09,1.5788,0.005861365953109043,0.005844254977593381
1983-06-10,1.5705,-0.00525715733468457,-0.0052710248099908106
1983-06-13,1.5522,-0.011652340019102203,-0.011720760558662795
1983-06-14,1.5225,-0.01913413219945892,-0.019319558835986447
1983-06-15,1.522,-0.0003284072249588599,-0.00032846116242085384
1983-06-16,1.527,0.003285151116951379,0.003279766797001288
1983-06-17,1.523,-0.0026195153896528822,-0.0026229523234705915
1983-06-20,1.532,0.00590938936309926,0.005891997405374911
1983-06-21,1.526,-0.003916449086161844,-0.003924138456134258
1983-06-22,1.5305,0.002948885976408855,0.002944546541064824
1983-06-23,1.541,0.0068605031035609,0.006837076934648526
1983-06-24,1.5455,0.0029201817001947017,0.002915926252055272
1983-06-27,1.5375,-0.0051763183435781235,-0.005189761891498058
1983-06-28,1.5325,-0.003252032520325243,-0.0032573318703065105
1983-06-29,1.5277,-0.003132137030995019,-0.0031370524386892507
1983-06-30,1.533,0.0034692675263467976,0.0034632635001370002
1983-07-01,1.531,-0.001304631441617743,-0.0013054832141303713
1983-07-04,1.531,0.0,0.0
1983-07-05,1.5285,-0.0016329196603527274,-0.0016342543267945755
1983-07-06,1.5395,0.007196597971868002,0.007170826033666025
1983-07-07,1.539,-0.0003247807729783725,-0.0003248335256759712
1983-07-08,1.5415,0.0016244314489930467,0.0016231134873260172
1983-07-11,1.534,-0.0048653908530652545,-0.004877265399003612
1983-07-12,1.5315,-0.0016297262059973283,-0.0016310556543714942
1983-07-13,1.5298,-0.001110022853411663,-0.0011106393850642555
1983-07-14,1.528,-0.0011766243953458266,-0.001177317161299886
1983-07-15,1.5165,-0.007526178010471285,-0.007554642597830084
1983-07-18,1.5197,0.0021101219914276825,0.0021078988109237196
1983-07-19,1.5179,-0.0011844442982167358,-0.00118514630674594
1983-07-20,1.524,0.004018710059951136,0.004010656613777965
1983-07-21,1.525,0.0006561679790024755,0.0006559527949202656
1983-07-22,1.5205,-0.0029508196721310664,-0.00295518192409258
1983-07-25,1.5215,0.0006576783952647602,0.000657462219606475
1983-07-26,1.525,0.0023003614853762677,0.002297719704486225
1983-07-27,1.5275,0.0016393442622952836,0.0016380020042385914
1983-07-28,1.5253,-0.0014402618657937127,-0.0014413000398628235
1983-07-29,1.52,-0.0034747262833541015,-0.0034807771655654316
1983-08-01,1.509,-0.007236842105263208,-0.007263155072473225
1983-08-02,1.5072,-0.0011928429423457843,-0.0011935549457501456
1983-08-03,1.5058,-0.0009288747346072324,-0.0009293064060767112
1983-08-04,1.4875,-0.012153008367645102,-0.012227459996237085
1983-08-05,1.485,-0.001680672268907557,-0.0016820861829848262
1983-08-08,1.491,0.004040404040404066,0.004032263527938451
1983-08-09,1.494,0.002012072434607548,0.0020100509280241
1983-08-10,1.481,-0.00870147255689413,-0.008739551424963719
1983-08-11,1.4792,-0.0012153950033760852,-0.0012161341948836793
1983-08-12,1.4815,0.0015548945375878365,0.0015536869407047917
1983-08-15,1.4925,0.007424907188660068,0.007397478253137147
1983-08-16,1.5075,0.01005025125628145,0.010000083334583399
1983-08-17,1.5145,0.004643449419568846,0.004632701865951507
1983-08-18,1.5233,0.0058104985143612176,0.005793682675363432
1983-08-19,1.517,-0.004135757894045966,-0.004144333794123279
1983-08-22,1.528,0.007251153592617188,0.007224990377933732
1983-08-23,1.5308,0.0018324607329842646,0.001830783825081367
1983-08-24,1.5198,-0.007185785210347517,-0.007211727315862645
1983-08-25,1.506,-0.009080142123963686,-0.009121617875845658
1983-08-26,1.5045,-0.0009960159362549792,-0.0009965122897389732
1983-08-29,1.501,-0.0023263542705218576,-0.0023290644366380482
1983-08-30,1.4988,-0.0014656895403064585,-0.0014667647139296484
1983-08-31,1.494,-0.0032025620496396456,-0.00320770122676962
1983-09-01,1.4974,0.0022757697456492476,0.0022731841038222066
1983-09-02,1.495,-0.001602778148791173,-0.0016040639717979717
1983-09-05,1.495,0.0,0.0
1983-09-06,1.4985,0.002341137123745618,0.002338400931930898
1983-09-07,1.4905,-0.005338672005338663,-0.005352973638591756
1983-09-08,1.4922,0.0011405568601141614,0.0011399069192879535
1983-09-09,1.494,0.0012062726176116367,0.0012055456553486893
1983-09-12,1.501,0.004685408299865967,0.004674465940699176
1983-09-13,1.4935,-0.00499666888740824,-0.00500919397729731
1983-09-14,1.49,-0.0023434884499498043,-0.0023462387166596856
1983-09-15,1.497,0.004697986577181235,0.004686985480123558
1983-09-16,1.502,0.0033400133600534065,0.0033344479044516632
1983-09-19,1.509,0.0046604527296936205,0.004649626443768724
1983-09-20,1.508,-0.000662690523525411,-0.0006629101999474131
1983-09-21,1.506,-0.0013262599469495706,-0.0013271402080624634
1983-09-22,1.4975,-0.005644090305444882,-0.005660078370234468
1983-09-23,1.5027,0.003472454090150068,0.0034664390420762114
1983-09-26,1.5032,0.00033273441139303195,0.00033267906757495757
1983-09-27,1.4975,-0.0037919105907398,-0.0037991181096511902
1983-09-28,1.4992,0.0011352253756260478,0.0011345814945533318
1983-09-29,1.4995,0.0002001067235859466,0.00020008670490607156
1983-09-30,1.4977,-0.0012004001333778547,-0.0012011211907139365
1983-10-03,1.4835,-0.009481204513587471,-0.009526437267473379
1983-10-04,1.475,-0.005729693292888416,-0.005746170956956273
1983-10-05,1.489,0.009491525423728886,0.009446763910088857
1983-10-06,1.4903,0.0008730691739422536,0.0008726882707381173
1983-10-07,1.509,0.012547809165939672,0.012469737813101735
1983-10-10,1.509,0.0,0.0
1983-10-11,1.508,-0.000662690523525411,-0.0006629101999474131
1983-10-12,1.504,-0.0026525198938992522,-0.0026560440581162963
1983-10-13,1.4995,-0.002992021276595702,-0.0029965063207213123
1983-10-14,1.4994,-6.668889629879438e-05,-6.669112010210836e-05
1983-10-17,1.5005,0.0007336267840469812,0.0007333578114601357
1983-10-18,1.5005,0.0,0.0
1983-10-19,1.5003,-0.00013328890369879165,-0.00013329778745412905
1983-10-20,1.4978,-0.0016663333999866747,-0.001667723277700994
1983-10-21,1.5018,0.0026705835224996033,0.0026670238505167566
1983-10-24,1.4975,-0.0028632307897189513,-0.0028673376761790643
1983-10-25,1.4997,0.0014691151919865586,0.0014680370980298676
1983-10-26,1.498,-0.0011335600453423744,-0.001134203010469552
1983-10-27,1.4942,-0.0025367156208278008,-0.0025399385354639517
1983-10-28,1.495,0.0005354035604336893,0.0005352602830859471
1983-10-31,1.4952,0.00013377926421398456,0.00013377031656621534
1983-11-01,1.4855,-0.006487426431246668,-0.0065085612386907585
1983-11-02,1.4871,0.0010770784247728926,0.0010764987919756547
1983-11-03,1.487,-6.724497343824076e-05,-6.724723448283028e-05
1983-11-04,1.488,0.0006724949562877391,0.000672268932882013
1983-11-07,1.4855,-0.0016801075268816357,-0.0016815204903747577
1983-11-08,1.4855,0.0,0.0
1983-11-09,1.4845,-0.0006731740154830579,-0.0006734006988478949
1983-11-10,1.491,0.004378578646008879,0.004369020560924046
1983-11-11,1.491,0.0,0.0
1983-11-14,1.484,-0.0046948356807512415,-0.004705891037412728
1983-11-15,1.4851,0.0007412398921833319,0.0007409653095737943
1983-11-16,1.483,-0.0014140461921755554,-0.001415046898967358
1983-11-17,1.4783,-0.0031692515171949376,-0.003174284230887951
1983-11-18,1.4695,-0.0059527836027869485,-0.0059705720480721265
1983-11-21,1.465,-0.003062266076896858,-0.003066964407804317
1983-11-22,1.474,0.006143344709897525,0.006124551298114147
1983-11-23,1.4675,-0.004409769335142477,-0.004419521047030407
1983-11-24,1.4675,0.0,0.0
1983-11-25,1.4595,-0.00545144804088582,-0.0054663614080820285
1983-11-28,1.4587,-0.0005481329222335463,-0.0005482832020017993
1983-11-29,1.46,0.0008912044971549626,0.0008908076102145346
1983-11-30,1.463,0.00205479452054802,0.0020526863177422615
1983-12-01,1.4578,-0.0035543403964457543,-0.0035606720720118275
1983-12-02,1.4572,-0.0004115790917821327,-0.0004116638137038407
1983-12-05,1.4455,-0.008029096898160892,-0.008061503678008015
1983-12-06,1.4505,0.003459010722933087,0.0034530421050578027
1983-12-07,1.439,-0.007928300586004688,-0.007959896674090753
1983-12-08,1.4415,0.0017373175816539632,0.0017358101910890937
1983-12-09,1.435,-0.004509191814082492,-0.0045193888847353285
1983-12-12,1.4307,-0.0029965156794424797,-0.003001014221433101
1983-12-13,1.4165,-0.009925211434961945,-0.00997479470171715
1983-12-14,1.415,-0.0010589481115426125,-0.001059509193233321
1983-12-15,1.4215,0.0045936395759715865,0.00458312101371633
1983-12-16,1.415,-0.0045726345409777824,-0.004583121013716416
1983-12-19,1.4182,0.002261484098939892,0.002258930792558275
1983-12-20,1.419,0.0005640953321113251,0.0005639362901465461
1983-12-21,1.4225,0.0024665257223397408,0.002463488840443392
1983-12-22,1.427,0.0031634446397188487,0.0031584514763504743
1983-12-23,1.4315,0.0031534688156973356,0.003148507061333393
1983-12-26,1.4315,0.0,0.0
1983-12-27,1.432,0.00034928396786582105,0.00034922298242112915
1983-12-28,1.436,0.0027932960893854997,0.0027894020875785922
1983-12-29,1.4475,0.008008356545960993,0.007976459838980807
1983-12-30,1.4515,0.002763385146804742,0.0027595740175341806
1984-01-02,1.4515,0.0,0.0
1984-01-03,1.4287,-0.015707888391319313,-0.015832564593572157
1984-01-04,1.4173,-0.00797928186463226,-0.008011286698252792
1984-01-05,1.4125,-0.003386721230508649,-0.003392469152263626
1984-01-06,1.407,-0.0038938053097345993,-0.0039014059062070384
1984-01-09,1.4028,-0.0029850746268657025,-0.0029895388483660483
1984-01-10,1.4024,-0.0002851439977188397,-0.00028518465899828743
1984-01-11,1.3963,-0.004349686252139162,-0.004359173658875683
1984-01-12,1.3981,0.001289121249015146,0.0012882910456297697
1984-01-13,1.41,0.008511551391173766,0.008475532378435083
1984-01-16,1.4195,0.006737588652482307,0.006714992540811953
1984-01-17,1.4105,-0.006340260655160246,-0.006360445470974878
1984-01-18,1.414,0.002481389578163684,0.0024783160144670005
1984-01-19,1.418,0.0028288543140029265,0.0028248606355548407
1984-01-20,1.4005,-0.012341325811001336,-0.012418112391909519
1984-01-23,1.4039,0.0024277043912888097,0.0024247622777422936
1984-01-24,1.399,-0.0034902770852623943,-0.0034963823124242598
1984-01-25,1.4007,0.0012151536812008423,0.0012144159795198397
1984-01-26,1.406,0.0037838223745270128,0.003776681725609174
1984-01-27,1.4035,-0.0017780938833570348,-0.0017796765686730258
1984-01-30,1.4074,0.0027787673672960977,0.002774913730511417
1984-01-31,1.4012,-0.004405286343612369,-0.004415018209116831
1984-02-01,1.41,0.006280331144733031,0.006260692048882159
1984-02-02,1.4225,0.00886524822695045,0.008826182628272118
1984-02-03,1.431,0.0059753954305798995,0.005957613555964857
1984-02-06,1.4225,-0.005939902166317235,-0.005957613555964896
1984-02-07,1.4107,-0.0082952548330405,-0.008329851920029413
1984-02-08,1.4128,0.0014886226695967064,0.001487515769238968
1984-02-09,1.421,0.005804077010192588,0.005787298247405132
1984-02-10,1.4143,-0.0047149894440535745,-0.004726140070646588
1984-02-13,1.4143,0.0,0.0
1984-02-14,1.428,0.009686770840698689,0.009640154873075664
1984-02-15,1.4445,0.011554621848739455,0.011488377006760201
1984-02-16,1.446,0.0010384215991692258,0.0010378828124200214
1984-02-17,1.451,0.003457814661134151,0.003451850165477838
1984-02-20,1.451,0.0,0.0
1984-02-21,1.441,-0.006891798759476209,-0.0069156568846657435
1984-02-22,1.4515,0.007286606523247752,0.007260187465162502
1984-02-23,1.4575,0.004133654839820977,0.004125134759962962
1984-02-24,1.4725,0.010291595197255532,0.010238997301094286
1984-02-27,1.473,0.00033955857385414845,0.0003395009368886576
1984-02-28,1.4915,0.012559402579769063,0.012481187492172825
1984-02-29,1.4905,-0.000670465973851897,-0.0006706908366771433
1984-03-01,1.478,-0.008386447500838612,-0.008421811609979018
1984-03-02,1.481,0.002029769959404737,0.0020277127596518346
1984-03-05,1.4845,0.002363268062120172,0.0023604799360156933
1984-03-06,1.484,-0.0003368137420006745,-0.00033687047648873586
1984-03-07,1.4755,-0.005727762803234504,-0.0057442293443316595
1984-03-08,1.458,-0.011860386309725524,-0.01193128181439065
1984-03-09,1.4625,0.0030864197530864335,0.0030816665374081144
1984-03-12,1.4532,-0.0063589743589742564,-0.006379278758964577
1984-03-13,1.4675,0.009840352325901414,0.00979225135520459
1984-03-14,1.4665,-0.0006814310051107553,-0.0006816632847458095
1984-03-15,1.461,-0.0037504261847935982,-0.0037574766668061156
1984-03-16,1.445,-0.010951403148528382,-0.011011811204166925
1984-03-19,1.443,-0.0013840830449827202,-0.0013850417726616845
1984-03-20,1.439,-0.002772002772002735,-0.002775851886503018
1984-03-21,1.4313,-0.005350938151494122,-0.005365305697196831
1984-03-22,1.4303,-0.0006986655488018245,-0.0006989097293166657
1984-03-23,1.436,0.003985177934699102,0.003977258147315194
1984-03-26,1.4475,0.008008356545960993,0.007976459838980807
1984-03-27,1.447,-0.0003454231433506205,-0.0003454828156664632
1984-03-28,1.4465,-0.00034554250172780243,-0.0003456022152941655
1984-03-29,1.451,0.003110957483581256,0.0031061284679982583
1984-03-30,1.4375,-0.00930392832529292,-0.009347480212682361
1984-04-02,1.433,-0.00313043478260866,-0.003135344843333619
1984-04-03,1.4315,-0.0010467550593161734,-0.0010473032900021621
1984-04-04,1.4325,0.0006985679357318642,0.0006983240507250022
1984-04-05,1.426,-0.0045375218150088825,-0.0045478476146535406
1984-04-06,1.43,0.0028050490883591017,0.0028011222797117733
1984-04-09,1.425,-0.0034965034965034336,-0.0035026305512020003
1984-04-10,1.437,0.008421052631578885,0.008385793376273964
1984-04-11,1.436,-0.0006958942240780086,-0.0006961364708555031
1984-04-12,1.429,-0.004874651810584885,-0.004886571678302011
1984-04-13,1.429,0.0,0.0
1984-04-16,1.4215,-0.005248425472358376,-0.005262246838813016
1984-04-17,1.4211,-0.0002813928948294242,-0.0002814324932387027
1984-04-18,1.4192,-0.0013369924706213565,-0.0013378870425007521
1984-04-19,1.4177,-0.0010569334836527666,-0.0010574924317292003
1984-04-20,1.416,-0.0011991253438669025,-0.001199844869920854
1984-04-23,1.4155,-0.0003531073446326749,-0.0003531697017106852
1984-04-24,1.4072,-0.005863652419639709,-0.005880911128605884
1984-04-25,1.4115,0.003055713473564481,0.0030510542701955587
1984-04-26,1.4038,-0.005455189514700698,-0.005470123397222935
1984-04-27,1.4015,-0.0016384100299188242,-0.0016397536914781697
1984-04-30,1.398,-0.0024973242953978403,-0.0025004478110874557
1984-05-01,1.3975,-0.0003576537911301747,-0.0003577177645013301
1984-05-02,1.399,0.0010733452593918447,0.0010727696362270243
1984-05-03,1.413,0.010007147962830532,0.009957408019046203
1984-05-04,1.408,-0.0035385704175513455,-0.0035448459665397667
1984-05-07,1.3855,-0.015980113636363646,-0.016109172414954614
1984-05-08,1.3825,-0.0021652832912305575,-0.0021676309065431954
1984-05-09,1.389,0.004701627486437543,0.004690609357853831
1984-05-10,1.383,-0.004319654427645814,-0.004329011089585581
1984-05-11,1.3835,0.00036153289949392153,0.0003614675622224544
1984-05-14,1.388,0.003252620166245057,0.003247341839769241
1984-05-15,1.3875,-0.00036023054755041084,-0.0003602954461602142
1984-05-16,1.394,0.004684684684684637,0.00467374569987957
1984-05-17,1.394,0.0,0.0
1984-05-18,1.3867,-0.005236728837876514,-0.005250488560650543
1984-05-21,1.3905,0.0027403187423380437,0.0027365709142011035
1984-05-22,1.389,-0.0010787486515642097,-0.0010793309196757944
1984-05-23,1.3765,-0.008999280057595316,-0.009040018171681683
1984-05-24,1.382,0.0039956411187793694,0.0039876797449530585
1984-05-25,1.383,0.0007235890014472002,0.0007233273371430259
1984-05-28,1.383,0.0,0.0
1984-05-29,1.3855,0.0018076644974691636,0.001806032638274789
1984-05-30,1.384,-0.0010826416456153343,-0.0010832281254182627
1984-05-31,1.3855,0.0010838150289018689,0.0010832281254183644
1984-06-01,1.4035,0.012991699747383567,0.012908031498904028
1984-06-04,1.4,-0.0024937655860349794,-0.002496880198587266
1984-06-05,1.3945,-0.003928571428571281,-0.003936308535806191
1984-06-06,1.4015,0.005019720329867194,0.0050071635372991845
1984-06-07,1.3968,-0.003353549768105535,-0.0033591855195051444
1984-06-08,1.3935,-0.002362542955326563,-0.002365338163334962
1984-06-11,1.388,-0.00394689630426992,-0.0039547058552531844
1984-06-12,1.3835,-0.0032420749279538086,-0.003247341839769132
1984-06-13,1.3855,0.0014456089627756796,0.0014445650760526185
1984-06-14,1.385,-0.00036088054853844476,-0.0003609456815942414
1984-06-15,1.3785,-0.004693140794223782,-0.004704188157587399
1984-06-18,1.3748,-0.002684076895175913,-0.00268768548817261
1984-06-19,1.378,0.002327611288914566,0.002324906597924876
1984-06-20,1.366,-0.008708272859216049,-0.008746411442868298
1984-06-21,1.362,-0.002928257686676483,-0.0029325534212777528
1984-06-22,1.3633,0.0009544787077826467,0.0009540234826262923
1984-06-25,1.351,-0.009022225482285595,-0.009063172231885101
1984-06-26,1.3532,0.0016284233900814016,0.001627098946354534
1984-06-27,1.349,-0.0031037540644398565,-0.0031085806987975395
1984-06-28,1.3525,0.0025945144551520194,0.0025911545128807605
1984-06-29,1.3575,0.003696857670979492,0.003690041087453742
1984-07-02,1.3508,-0.004935543278084653,-0.004947763296677809
1984-07-03,1.337,-0.010216168196624298,-0.010268711409469531
1984-07-04,1.337,0.0,0.0
1984-07-05,1.318,-0.01421091997008217,-0.014312862039490544
1984-07-06,1.3162,-0.0013657056145675028,-0.001366639040433756
1984-07-09,1.306,-0.007749582130375354,-0.00777976618564241
1984-07-10,1.3095,0.0026799387442573153,0.002676354111390257
1984-07-11,1.312,0.0019091256204657459,0.0019073055562676834
1984-07-12,1.3065,-0.00419207317073178,-0.004200884543367246
1984-07-13,1.3235,0.013011863758132236,0.012927936706488605
1984-07-16,1.3265,0.002266717038156507,0.0022641519106384876
1984-07-17,1.3175,-0.006784771956276026,-0.006807893162277065
1984-07-18,1.314,-0.0026565464895634827,-0.0026600813709614854
1984-07-19,1.328,0.010654490106544845,0.010598130991823284
1984-07-20,1.3232,-0.0036144578313254128,-0.003621005766952405
1984-07-23,1.3185,-0.003551995163240562,-0.003558318476085422
1984-07-24,1.324,0.004171406901782415,0.0041627307036122265
1984-07-25,1.3325,0.006419939577039235,0.0063994195430460464
1984-07-26,1.3308,-0.0012757973733583672,-0.0012766118956779623
1984-07-27,1.311,-0.014878268710550091,-0.014990060380621865
1984-07-30,1.3075,-0.002669717772692426,-0.0026732878246217007
1984-07-31,1.3073,-0.00015296367112827003,-0.0001529753712637582
1984-08-01,1.301,-0.004819092786659485,-0.004830742055309053
1984-08-02,1.3095,0.006533435818601108,0.006512185435261344
1984-08-03,1.327,0.013363879343260665,0.013275370384440802
1984-08-06,1.317,-0.007535795026375247,-0.007564332588926432
1984-08-07,1.306,-0.008352315869400107,-0.008387391906904625
1984-08-08,1.3145,0.006508422664624813,0.006487334333559536
1984-08-09,1.3115,-0.0022822365918598875,-0.0022848448630074032
1984-08-10,1.3125,0.0007624857033929899,0.0007621951588503767
1984-08-13,1.305,-0.005714285714285783,-0.005730674708985095
1984-08-14,1.319,0.01072796934865905,0.010670832960520859
1984-08-15,1.3203,0.0009855951478392466,0.0009851097678407915
1984-08-16,1.3275,0.005453306066802943,0.005438490630938427
1984-08-17,1.322,-0.004143126177024392,-0.004151732704462213
1984-08-20,1.319,-0.0022692889561272134,-0.00227186769431713
1984-08-21,1.3135,-0.004169825625473855,-0.004178543591720054
1984-08-22,1.3095,-0.003045298819946529,-0.0030499451778277908
1984-08-23,1.3125,0.002290950744558984,0.002288330518012216
1984-08-24,1.305,-0.005714285714285783,-0.005730674708985095
1984-08-27,1.3075,0.0019157088122607746,0.0019138761822844192
1984-08-28,1.3105,0.002294455066921497,0.002291826824382957
1984-08-29,1.315,0.0034338038916443825,0.003427921848403866
1984-08-30,1.311,-0.003041825095057016,-0.003046460848165065
1984-08-31,1.3075,-0.002669717772692426,-0.0026732878246217007
1984-09-03,1.3075,0.0,0.0
1984-09-04,1.292,-0.011854684512428326,-0.011925511596530835
1984-09-05,1.281,-0.00851393188854499,-0.008550382445813014
1984-09-06,1.285,0.0031225604996096834,0.0031176954325859312
1984-09-07,1.273,-0.009338521400778177,-0.00938239877191362
1984-09-10,1.276,0.002356637863315081,0.002353865347328747
1984-09-11,1.275,-0.0007836990595612159,-0.0007840063122087566
1984-09-12,1.2795,0.003529411764706003,0.003523198007317099
1984-09-13,1.2675,-0.009378663540445475,-0.00942292013450526
1984-09-14,1.266,-0.0011834319526627946,-0.001184132761216805
1984-09-17,1.242,-0.018957345971563955,-0.019139340210697395
1984-09-18,1.232,-0.008051529790660261,-0.008084118399959024
1984-09-19,1.237,0.0040584415584417055,0.004050228299022959
1984-09-20,1.221,-0.012934518997574806,-0.013018898281783249
1984-09-21,1.245,0.019656019656019597,0.01946533478810325
1984-09-24,1.2455,0.00040160642570286065,0.00040152580342717143
1984-09-25,1.2315,-0.011240465676435218,-0.011304117141642561
1984-09-26,1.241,0.007714169711733776,0.007684567644014722
1984-09-27,1.246,0.0040290088638195165,0.004020914142791259
1984-09-28,1.234,-0.009630818619582704,-0.009677494882065369
1984-10-01,1.2375,0.002836304700162051,0.00283228997751222
1984-10-02,1.24,0.002020202020202033,0.0020181641562371953
1984-10-03,1.2495,0.007661290322580783,0.0076320916759246606
1984-10-04,1.247,-0.00200080032012806,-0.0020028045949706304
1984-10-05,1.2375,-0.0076182838813152465,-0.007647451237191175
1984-10-08,1.2375,0.0,0.0
1984-10-09,1.228,-0.007676767676767726,-0.007706385735757644
1984-10-10,1.233,0.004071661237785129,0.004063394457256638
1984-10-11,1.225,-0.006488240064882356,-0.006509380185516894
1984-10-12,1.223,-0.0016326530612245094,-0.0016339872916550239
1984-10-15,1.2095,-0.011038430089942763,-0.01109980563709041
1984-10-16,1.2035,-0.004960727573377399,-0.0049730728269552745
1984-10-17,1.2004,-0.002575820523473271,-0.00257914365691466
1984-10-18,1.187,-0.011162945684771608,-0.011225718956543876
1984-10-19,1.1915,0.0037910699241785473,0.0037839019291287224
1984-10-22,1.199,0.006294586655476442,0.0062748584887175815
1984-10-23,1.2085,0.00792326939115906,0.00789204511602322
1984-10-24,1.222,0.011170872983036872,0.01110893958800298
1984-10-25,1.2275,0.0045008183306056715,0.0044907199371351176
1984-10-26,1.222,-0.004480651731160967,-0.004490719937135083
1984-10-29,1.2085,-0.01104746317512284,-0.011108939588003021
1984-10-30,1.2125,0.003309888291270102,0.0033044226681004925
1984-10-31,1.2185,0.004948453608247361,0.004936250253622592
1984-11-01,1.235,0.013541239228559876,0.013450375996816824
1984-11-02,1.251,0.012955465587044301,0.01287226140483334
1984-11-05,1.2685,0.013988808952837717,0.013891868572425413
1984-11-06,1.2685,0.0,0.0
1984-11-07,1.272,0.0027591643673630095,0.0027553648607308713
1984-11-08,1.2697,-0.0018081761006288888,-0.0018098128243216878
1984-11-09,1.2605,-0.007245806095928287,-0.007272184447771324
1984-11-12,1.2605,0.0,0.0
1984-11-13,1.2715,0.008726695755652658,0.008688838234199948
1984-11-14,1.2605,-0.008651199370821927,-0.008688838234199876
1984-11-15,1.261,0.00039666798889315125,0.0003965893369448977
1984-11-16,1.254,-0.0055511498810466575,-0.005566614772053422
1984-11-19,1.2487,-0.0042264752791069116,-0.0042354320717666255
1984-11-20,1.2375,-0.008969328101225194,-0.009009794678253984
1984-11-21,1.2272,-0.008323232323232288,-0.008358063829853591
1984-11-22,1.2272,0.0,0.0
1984-11-23,1.22,-0.005867014341590648,-0.005884292885689534
1984-11-26,1.1995,-0.016803278688524603,-0.016946055447552993
1984-11-27,1.2087,0.0076698624426845274,0.007640598585662084
1984-11-28,1.201,-0.006370480681724189,-0.006390858785427755
1984-11-29,1.2015,0.00041631973355538143,0.000416233096540073
1984-11-30,1.197,-0.0037453183520599342,-0.003752349618550464
1984-12-03,1.1943,-0.0022556390977445107,-0.00225818688359209
1984-12-04,1.2085,0.011889809930503148,0.011819681469156419
1984-12-05,1.208,-0.00041373603640870726,-0.00041382164877738125
1984-12-06,1.207,-0.0008278145695362893,-0.0008281573972286208
1984-12-07,1.2035,-0.0028997514498757537,-0.002903963874404889
1984-12-10,1.203,-0.0004154549231407678,-0.00041554124844769255
1984-12-11,1.199,-0.0033250207813798616,-0.003330560947164611
1984-12-12,1.1987,-0.0002502085070892335,-0.0002502398144600993
1984-12-13,1.1895,-0.0076749812296655895,-0.00770458547004189
1984-12-14,1.1935,0.0033627574611181377,0.00335711603587244
1984-12-17,1.191,-0.0020946795140343033,-0.0020968764235846315
1984-12-18,1.186,-0.004198152812762479,-0.004206989797629438
1984-12-19,1.1748,-0.00944350758853274,-0.009488380233205609
1984-12-20,1.1645,-0.00876744977868571,-0.008806110000069298
1984-12-21,1.173,0.007299270072992581,0.007272759329079657
1984-12-24,1.173,0.0,0.0
1984-12-25,1.173,0.0,0.0
1984-12-26,1.171,-0.0017050298380221207,-0.0017064850557580759
1984-12-27,1.1625,-0.0072587532023911105,-0.007285226136205957
1984-12-28,1.163,0.00043010752688177334,0.00043001505715310057
1984-12-31,1.158,-0.004299226139295009,-0.004308494385723955
1985-01-01,1.158,0.0,0.0
1985-01-02,1.148,-0.008635578583765069,-0.00867308125342878
1985-01-03,1.1505,0.002177700348432232,0.002175332595909017
1985-01-04,1.1535,0.0026075619295957697,0.0026041681383877297
1985-01-07,1.1415,-0.01040312093628093,-0.010457611643958184
1985-01-08,1.1475,0.005256241787122251,0.005242475964850044
1985-01-09,1.141,-0.005664488017429137,-0.005680592072624523
1985-01-10,1.134,-0.00613496932515345,-0.006153865574378335
1985-01-11,1.1245,-0.008377425044091558,-0.008412712888326852
1985-01-14,1.111,-0.012005335704757703,-0.012077981759740411
1985-01-15,1.1195,0.007650765076507637,0.007621646399179509
1985-01-16,1.117,-0.0022331397945510867,-0.0022356369696087566
1985-01-17,1.1187,0.0015219337511191977,0.0015207767836842314
1985-01-18,1.1195,0.0007151157593634494,0.0007148601859246087
1985-01-21,1.1195,0.0,0.0
1985-01-22,1.1235,0.003573023671281872,0.003566655586574392
1985-01-23,1.11,-0.012016021361815565,-0.01208879731900385
1985-01-24,1.118,0.007207207207207134,0.007181359408664576
1985-01-25,1.11,-0.007155635062611854,-0.007181359408664697
1985-01-28,1.111,0.0009009009009008917,0.0009004953332501659
1985-01-29,1.1138,0.002520252025202341,0.0025170815159380575
1985-01-30,1.126,0.010953492548033683,0.010893937544067386
1985-01-31,1.1305,0.003996447602131692,0.003988483018389097
1985-02-01,1.124,-0.005749668288367982,-0.0057662612643881546
1985-02-04,1.114,-0.008896797153024938,-0.00893660996640708
1985-02-05,1.1112,-0.0025134649910234508,-0.0025166290470954333
1985-02-06,1.1135,0.0020698344132468183,0.0020676952572881834
1985-02-07,1.116,0.0022451728783117186,0.002242656243834021
1985-02-08,1.109,-0.006272401433691899,-0.006292155590889356
1985-02-11,1.097,-0.010820559062218238,-0.010879527075136813
1985-02-12,1.097,0.0,0.0
1985-02-13,1.0875,-0.008659981768459502,-0.008697697312391155
1985-02-14,1.092,0.0041379310344829,0.004129393342011334
1985-02-15,1.102,0.009157509157509125,0.009115833408009413
1985-02-18,1.102,0.0,0.0
1985-02-19,1.0929,-0.008257713248638887,-0.008291997030232041
1985-02-20,1.0865,-0.0058559795040716844,-0.005873192986143423
1985-02-21,1.0815,-0.0046019328117810065,-0.0046125543033709296
1985-02-22,1.0765,-0.004623208506703502,-0.004633928588695586
1985-02-25,1.0545,-0.02043660009289361,-0.020648316885588405
1985-02-26,1.052,-0.0023707918444759724,-0.0023736066211740335
1985-02-27,1.0875,0.03374524714828886,0.033188369665183876
1985-02-28,1.079,-0.007816091954022997,-0.007846797704704507
1985-03-01,1.072,-0.006487488415199194,-0.006508623627387297
1985-03-04,1.0677,-0.004011194029850729,-0.004019260446490596
1985-03-05,1.0545,-0.012363023321157685,-0.012440081265427453
1985-03-06,1.072,0.016595542911332473,0.016459341711918096
1985-03-07,1.0674,-0.004291044776119524,-0.004300277730902958
1985-03-08,1.064,-0.0031853100993065597,-0.0031903939982545998
1985-03-11,1.0885,0.023026315789473673,0.022765210773012426
1985-03-12,1.0885,0.0,0.0
1985-03-13,1.086,-0.0022967386311437687,-0.002299380180721375
1985-03-14,1.0805,-0.005064456721915356,-0.005077324546940153
1985-03-15,1.084,0.003239241092086953,0.00323400605265081
1985-03-18,1.106,0.02029520295202958,0.020092000082688646
1985-03-19,1.1355,0.02667269439421327,0.02632317946333294
1985-03-20,1.151,0.013650374284456257,0.013558047176269555
1985-03-21,1.187,0.0312771503040834,0.030797985887785387
1985-03-22,1.1725,-0.012215669755686553,-0.012290894289233556
1985-03-25,1.171,-0.0012793176972282216,-0.0012801367227171648
1985-03-26,1.182,0.009393680614858901,0.009349834368325973
1985-03-27,1.2375,0.04695431472081224,0.045885296476801916
1985-03-28,1.227,-0.008484848484848428,-0.008521049731933872
1985-03-29,1.236,0.007334963325183352,0.007308193306724622
1985-04-01,1.2215,-0.011731391585760531,-0.011800747319840935
1985-04-02,1.205,-0.01350798198935732,-0.013600044773039761
1985-04-03,1.2165,0.009543568464730257,0.0094983162988219
1985-04-04,1.1935,-0.018906699547883155,-0.0190877164446924
1985-04-05,1.1985,0.004189359028068607,0.004180608095554165
1985-04-08,1.201,0.0020859407592825896,0.002083768205544645
1985-04-09,1.21,0.007493755203996644,0.007465816510803205
1985-04-10,1.215,0.004132231404958775,0.004123717183862156
1985-04-11,1.251,0.02962962962962945,0.029199154692262135
1985-04-12,1.2545,0.0027977617905676766,0.0027938553395659687
1985-04-15,1.2755,0.016739736946991046,0.016601171775389317
1985-04-16,1.2775,0.0015680125441004389,0.0015667844959934998
1985-04-17,1.2738,-0.002896281800391365,-0.002900484140594062
1985-04-18,1.2935,0.015465536190924833,0.01534716368881845
1985-04-19,1.293,-0.000386548125241748,-0.0003866228542264984
1985-04-22,1.278,-0.011600928074245842,-0.011668743834377267
1985-04-23,1.252,-0.020344287949921824,-0.020554083277436352
1985-04-24,1.23,-0.01757188498402562,-0.01772810329358072
1985-04-25,1.2035,-0.021544715447154417,-0.021780191143336482
1985-04-26,1.216,0.010386373078520972,0.010332805302985667
1985-04-29,1.23,0.011513157894736947,0.011447385840350967
1985-04-30,1.241,0.008943089430894391,0.008903336838144111
1985-05-01,1.2235,-0.014101531023368308,-0.014201902321880913
1985-05-02,1.2205,-0.002451982018798593,-0.002454993049711658
1985-05-03,1.207,-0.011061040557148627,-0.011122668735483175
1985-05-06,1.188,-0.015741507870754012,-0.015866721174941343
1985-05-07,1.218,0.025252525252525304,0.024938948347252146
1985-05-08,1.2075,-0.008620689655172376,-0.008658062743114541
1985-05-09,1.2378,0.025093167701863317,0.02478350377853335
1985-05-10,1.2335,-0.003473905315882986,-0.0034799533358497183
1985-05-13,1.2535,0.016214025131738863,0.0160839816289366
1985-05-14,1.2735,0.015955325089748618,0.015829376821163532
1985-05-15,1.2625,-0.008637612877895662,-0.008675133269996907
1985-05-16,1.259,-0.0027722772277227747,-0.0027761271051677267
1985-05-17,1.265,0.004765687053216894,0.004754367117273498
1985-05-20,1.2825,0.013833992094861802,0.01373917588330413
1985-05-21,1.2715,-0.008576998050682128,-0.008613992182750137
1985-05-22,1.2635,-0.006291781360597715,-0.006311658033925406
1985-05-23,1.259,-0.0035615354174912683,-0.003567892783901922
1985-05-24,1.2585,-0.0003971405877680745,-0.00039721946897661186
1985-05-27,1.2585,0.0,0.0
1985-05-28,1.2515,-0.005562177195073459,-0.005577703703541613
1985-05-29,1.2665,0.011985617259288706,0.01191435856990086
1985-05-30,1.2735,0.005527043031978041,0.005511824977781934
1985-05-31,1.286,0.009815469179426772,0.009767610378052995
1985-06-03,1.2945,0.006609642301710794,0.006587894394027694
1985-06-04,1.276,-0.014291232135959842,-0.014394335286857149
1985-06-05,1.2565,-0.0152821316614421,-0.015400106921088416
1985-06-06,1.271,0.011539992041384783,0.011473914205807166
1985-06-07,1.268,-0.002360346184106965,-0.002363136192282779
1985-06-10,1.257,-0.00867507886435337,-0.008712926406923869
1985-06-11,1.2623,0.004216388225934731,0.004207524168568506
1985-06-12,1.2665,0.0033272597639228962,0.0033217366829138475
1985-06-13,1.265,-0.0011843663639953261,-0.001185068280109366
1985-06-14,1.28,0.011857707509881577,0.011787955752042393
1985-06-17,1.279,-0.0007812500000000666,-0.0007815553348202265
1985-06-18,1.299,0.015637216575449475,0.015516215091756755
1985-06-19,1.3065,0.005773672055427337,0.005757068290067724
1985-06-20,1.2769,-0.02265595101416007,-0.022916540530031827
1985-06-21,1.287,0.007909781502075441,0.007878663165491311
1985-06-24,1.287,0.0,0.0
1985-06-25,1.285,-0.0015540015540015384,-0.0015552102668064743
1985-06-26,1.298,0.010116731517509914,0.010065899934715315
1985-06-27,1.292,-0.0046224961479198745,-0.004633212921488143
1985-06-28,1.3095,0.013544891640866918,0.013453979605219473
1985-07-01,1.305,-0.003436426116838587,-0.0034423441909729015
1985-07-02,1.304,-0.0007662835249041544,-0.0007665772701954621
1985-07-03,1.3127,0.006671779141104173,0.006649621322763347
1985-07-04,1.3127,0.0,0.0
1985-07-05,1.327,0.010893578121428993,0.010834670522845657
1985-07-08,1.3435,0.012434061793519247,0.012357393723338437
1985-07-09,1.365,0.016002977298102072,0.01587627956351429
1985-07-10,1.386,0.01538461538461533,0.01526747213078838
1985-07-11,1.381,-0.003607503607503504,-0.003614026340556319
1985-07-12,1.385,0.002896451846488013,0.002892265212146717
1985-07-15,1.389,0.002888086642599319,0.002883924132904932
1985-07-16,1.387,-0.0014398848092153083,-0.0014409224395122218
1985-07-17,1.4112,0.017447728911319293,0.017297264937695168
1985-07-18,1.4045,-0.004747732426303775,-0.004759038708228416
1985-07-19,1.399,-0.003915984336062661,-0.003923671878817189
1985-07-22,1.3885,-0.007505360972122954,-0.007533667918626946
1985-07-23,1.41,0.015484335613971778,0.015365676625359592
1985-07-24,1.3978,-0.008652482269503547,-0.008690132329185316
1985-07-25,1.4105,0.009085706109601022,0.009044679399022548
1985-07-26,1.409,-0.0010634526763559915,-0.0010640185433708502
1985-07-29,1.4278,0.013342796309439242,0.013254565169679872
1985-07-30,1.4215,-0.004412382686650784,-0.004422145977305683
1985-07-31,1.411,-0.007386563489271913,-0.0074139792382404875
1985-08-01,1.381,-0.021261516654854762,-0.021490798443521936
1985-08-02,1.371,-0.007241129616220143,-0.0072674738469777405
1985-08-05,1.3675,-0.0025528811086797942,-0.0025561452661781183
1985-08-06,1.346,-0.015722120658135164,-0.015847024091463036
1985-08-07,1.338,-0.005943536404160454,-0.005961269516499334
1985-08-08,1.3555,0.013079222720478123,0.012994428250546256
1985-08-09,1.3575,0.0014754703061601315,0.00147438286937033
1985-08-12,1.3835,0.019152854511970574,0.01897174741889013
1985-08-13,1.388,0.003252620166245057,0.003247341839769241
1985-08-14,1.384,-0.0028818443804035088,-0.0028860048891349867
1985-08-15,1.3965,0.009031791907514686,0.008991249207616809
1985-08-16,1.3995,0.002148227712137407,0.0021459235702766762
1985-08-19,1.399,-0.00035727045373346034,-0.00035733429002701624
1985-08-20,1.389,-0.0071479628305932685,-0.007173631911137397
1985-08-21,1.3923,0.002375809935205142,0.002372992160896013
1985-08-22,1.4075,0.010917187387775584,0.01085802509860559
1985-08-23,1.401,-0.004618117229129637,-0.0046288136768384185
1985-08-26,1.4073,0.0044967880085653444,0.004486707665515067
1985-08-27,1.393,-0.01016130178355712,-0.010213280222716288
1985-08-28,1.4015,0.006101938262742301,0.006083396825037287
1985-08-29,1.3995,-0.0014270424545129723,-0.0014280616493347125
1985-08-30,1.391,-0.006073597713469048,-0.00609211703206525
1985-09-02,1.391,0.0,0.0
1985-09-03,1.369,-0.01581595974119343,-0.015942366634994067
1985-09-04,1.3728,0.0027757487216946153,0.002771903445248894
1985-09-05,1.365,-0.005681818181818232,-0.005698021114637779
1985-09-06,1.325,-0.02930402930402931,-0.02974196919873753
1985-09-09,1.3045,-0.015471698113207477,-0.01559263384353939
1985-09-10,1.313,0.006515906477577493,0.0064947697260129425
1985-09-11,1.3085,-0.0034272658035033876,-0.003433152332595599
1985-09-12,1.3185,0.007642338555597927,0.007613283823140747
1985-09-13,1.34,0.01630640879787637,0.01617488715161567
1985-09-16,1.342,0.0014925373134329067,0.00149142458667012
1985-09-17,1.3395,-0.0018628912071536607,-0.0018646285469638322
1985-09-18,1.335,-0.0033594624860021627,-0.0033651181503134473
1985-09-19,1.34,0.0037453183520599342,0.003738322110607158
1985-09-20,1.367,0.020149253731343242,0.019948943778992468
1985-09-23,1.427,0.043891733723482096,0.04295578075288688
1985-09-24,1.4315,0.0031534688156973356,0.003148507061333393
1985-09-25,1.4375,0.004191407614390519,0.004182648133335783
1985-09-26,1.437,-0.0003478260869564931,-0.00034788659248055
1985-09-27,1.4025,-0.024008350730688965,-0.024301248682173576
1985-09-30,1.4085,0.004278074866310266,0.0042689499195760145
1985-10-01,1.4105,0.0014199503017393589,0.0014189431256236074
1985-10-02,1.4135,0.002126905352711761,0.002124646691594012
1985-10-03,1.425,0.008135833038556806,0.008102915569105898
1985-10-04,1.4155,-0.00666666666666671,-0.006688988150796652
1985-10-07,1.4125,-0.0021193924408335896,-0.0021216415313582452
1985-10-08,1.413,0.000353982300884903,0.0003539196639313791
1985-10-09,1.414,0.0007077140835101137,0.0007074637719904772
1985-10-10,1.411,-0.0021216407355020284,-0.002123894603703968
1985-10-11,1.4115,0.0003543586109142627,0.00035429584073003054
1985-10-14,1.4115,0.0,0.0
1985-10-15,1.4128,0.0009210060219624339,0.000920582156151533
1985-10-16,1.4075,-0.00375141562853909,-0.0037584698358501386
1985-10-17,1.414,0.004618117229129526,0.004607486442672482
1985-10-18,1.428,0.00990099009900991,0.00985229644301164
1985-10-21,1.4335,0.003851540616246485,0.003844142423894817
1985-10-22,1.4305,-0.002092779909312781,-0.0020949728332594858
1985-10-23,1.4335,0.002097168822090101,0.002094972833259499
1985-10-24,1.421,-0.008719916288803642,-0.008758157226323903
1985-10-25,1.422,0.0007037297677690013,0.0007034822660853737
1985-10-28,1.4275,0.003867791842475432,0.003860331166979141
1985-10-29,1.4352,0.005394045534150571,0.005379549774366348
1985-10-30,1.441,0.004041248606466041,0.004033104694990459
1985-10-31,1.4405,-0.000346981263011914,-0.00034704147493903116
1985-11-01,1.441,0.00034710170079854663,0.0003470414749391271
1985-11-04,1.4405,-0.000346981263011914,-0.00034704147493903116
1985-11-05,1.4325,-0.005553627212773193,-0.005569105935688394
1985-11-06,1.4353,0.001954624781849823,0.0019527169884399171
1985-11-07,1.4165,-0.013098306974151708,-0.013184846306763356
1985-11-08,1.4167,0.00014119308153892618,0.00014118311473394052
1985-11-11,1.4167,0.0,0.0
1985-11-12,1.411,-0.00402343474271194,-0.004031550532491261
1985-11-13,1.4235,0.008858965272856123,0.008819954865278236
1985-11-14,1.4273,0.0026694766420793936,0.0026659199176305615
1985-11-15,1.4217,-0.003923491907797949,-0.0039312089940705
1985-11-18,1.4255,0.002672856439473792,0.0026692907110743005
1985-11-19,1.4345,0.006313574184496851,0.006293727068692978
1985-11-20,1.434,-0.00034855350296281173,-0.0003486142618539186
1985-11-21,1.4415,0.0052301255230124966,0.0052164959188911505
1985-11-22,1.455,0.009365244536940764,0.009321662527136091
1985-11-25,1.4628,0.005360824742268067,0.005346506669633288
1985-11-26,1.4705,0.005263877495214508,0.005250071718823419
1985-11-27,1.4738,0.0022441346480790436,0.002241620338849368
1985-11-28,1.4738,0.0,0.0
1985-11-29,1.489,0.010313475369792435,0.01026065435111012
1985-12-02,1.4875,-0.001007387508394908,-0.0010078952642241718
1985-12-03,1.479,-0.005714285714285672,-0.005730674708984983
1985-12-04,1.486,0.0047329276538201626,0.004721762566904689
1985-12-05,1.4795,-0.004374158815612317,-0.0043837534374400675
1985-12-06,1.4785,-0.0006759040216289813,-0.0006761325477324855
1985-12-09,1.4575,-0.014203584714237327,-0.014305421067884388
1985-12-10,1.435,-0.015437392795883298,-0.015557790030925896
1985-12-11,1.415,-0.013937282229965153,-0.01403531811638348
1985-12-12,1.4395,0.017314487632508868,0.017166299974892597
1985-12-13,1.4365,-0.002084056964223646,-0.002086231632886277
1985-12-16,1.4375,0.0006961364427426897,0.0006958942521611744
1985-12-17,1.437,-0.0003478260869564931,-0.00034788659248055
1985-12-18,1.4195,-0.01217814892136404,-0.012252910165999137
1985-12-19,1.421,0.0010567101091933928,0.0010561521840747742
1985-12-20,1.425,0.0028149190710766714,0.0028109646056502283
1985-12-23,1.429,0.0028070175438597023,0.002803085227116559
1985-12-24,1.427,-0.0013995801259621965,-0.0014005604530309746
1985-12-25,1.427,0.0,0.0
1985-12-26,1.429,0.0014015416958654825,0.00140056045303102
1985-12-27,1.436,0.004898530440867743,0.004886571678302089
1985-12-30,1.439,0.002089136490250665,0.002086957279198294
1985-12-31,1.445,0.004169562195969423,0.004160893659164718
1986-01-01,1.445,0.0,0.0
1986-01-02,1.4505,0.0038062283737023694,0.0037990030149261203
1986-01-03,1.438,-0.008617718028266053,-0.008655065280466646
1986-01-06,1.4355,-0.00173852573018074,-0.0017400387198732866
1986-01-07,1.4395,0.0027864855451062986,0.002782610491111982
1986-01-08,1.4433,0.0026398054880167887,0.002636327321287266
1986-01-09,1.45,0.004642139541328749,0.004631398041102224
1986-01-10,1.4545,0.003103448275862064,0.003098642520636232
1986-01-13,1.442,-0.008594018563080064,-0.008631160090361904
1986-01-14,1.4398,-0.0015256588072122268,-0.001526823809691874
1986-01-15,1.442,0.0015279899986109235,0.0015268238096918577
1986-01-16,1.438,-0.00277392510402219,-0.002777779563902386
1986-01-17,1.4367,-0.0009040333796939137,-0.0009044422643185209
1986-01-20,1.4367,0.0,0.0
1986-01-21,1.4075,-0.02032435442333136,-0.02053373600282804
1986-01-22,1.3943,-0.009378330373001731,-0.009422583812870084
1986-01-23,1.3835,-0.007745822276411185,-0.0077759769739948045
1986-01-24,1.394,0.007589447054571652,0.007560792093488511
1986-01-27,1.3915,-0.0017934002869439691,-0.001795010354523647
1986-01-28,1.408,0.011857707509881354,0.011787955752042173
1986-01-29,1.4025,-0.003906249999999889,-0.003913899321136218
1986-01-30,1.409,0.004634581105169344,0.00462387450182884
1986-01-31,1.412,0.002129169623846572,0.0021269061545070417
1986-02-03,1.386,-0.018413597733711096,-0.018585238303338893
1986-02-04,1.377,-0.00649350649350644,-0.006514681021193642
1986-02-05,1.3905,0.009803921568627416,0.009756174945364656
1986-02-06,1.3975,0.00503416037396609,0.0050215313552345806
1986-02-07,1.399,0.0010733452593918447,0.0010727696362270243
1986-02-10,1.4085,0.006790564689063583,0.006767612650946081
1986-02-11,1.412,0.002484913028043989,0.002481830736760067
1986-02-12,1.4095,-0.001770538243626052,-0.001772107499020136
1986-02-13,1.4175,0.005675771550195163,0.005659725047739954
1986-02-14,1.4183,0.0005643738977072488,0.0005642146986547524
1986-02-17,1.4183,0.0,0.0
1986-02-18,1.4283,0.007050694493407672,0.007025954568020972
1986-02-19,1.45,0.015192886648463189,0.015078630546037294
1986-02-20,1.4515,0.001034482758620836,0.0010339480500646432
1986-02-21,1.4465,-0.003444712366517444,-0.0034506590484948453
1986-02-24,1.463,0.011406844106464087,0.01134227660393473
1986-02-25,1.492,0.01982228298017774,0.019628379743581875
1986-02-26,1.489,-0.002010723860589758,-0.002012748079697121
1986-02-27,1.4815,-0.00503693754197454,-0.005049665670389114
1986-02-28,1.446,-0.0239622004724942,-0.024253964294910044
1986-03-03,1.4415,-0.003112033195020736,-0.003116885640253111
1986-03-04,1.463,0.014915019077349934,0.014804883941667388
1986-03-05,1.451,-0.008202323991797655,-0.008236148135936441
1986-03-06,1.4575,0.004479669193659497,0.004469665340459549
1986-03-07,1.4525,-0.0034305317324185847,-0.0034364294985812097
1986-03-10,1.443,-0.0065404475043028265,-0.006561929952195322
1986-03-11,1.4555,0.008662508662508728,0.008625204411807108
1986-03-12,1.467,0.007901064926142176,0.007870014957303759
1986-03-13,1.4593,-0.005248807089297869,-0.005262630469281633
1986-03-14,1.461,0.001164942095525312,0.0011642640769994768
1986-03-17,1.464,0.002053388090349051,0.002051282770557361
1986-03-18,1.4767,0.008674863387978071,0.00863745295847131
1986-03-19,1.479,0.0015575269181284934,0.0015563152310717851
1986-03-20,1.4875,0.005747126436781658,0.0057306747089850745
1986-03-21,1.5015,0.009411764705882453,0.009367750003600241
1986-03-24,1.4875,-0.009324009324009341,-0.00936775000360016
1986-03-25,1.4618,-0.017277310924369793,-0.017428305373493536
1986-03-26,1.475,0.009029963059242085,0.00898943672762892
1986-03-27,1.4837,0.0058983050847456475,0.005880978182827632
1986-03-28,1.474,-0.006537709779605105,-0.006559174207466097
1986-03-31,1.4735,-0.00033921302578010515,-0.00033927057153241506
1986-04-01,1.471,-0.0016966406515099841,-0.001698081576311869
1986-04-02,1.4645,-0.00441876274643116,-0.00442855433364951
1986-04-03,1.4595,-0.0034141345168998694,-0.0034199759736186276
1986-04-04,1.451,-0.005823912298732359,-0.005840937409981513
1986-04-07,1.4555,0.003101309441764233,0.0030965103014900016
1986-04-08,1.4605,0.0034352456200617,0.0034293586421176047
1986-04-09,1.461,0.000342348510784074,0.0003422899229039236
1986-04-10,1.4615,0.00034223134839139746,0.00034217280060103183
1986-04-11,1.476,0.009921313718782132,0.009872420609117234
1986-04-14,1.4822,0.004200542005420083,0.004191744356840717
1986-04-15,1.48,-0.001484280124139814,-0.0014853827590977696
1986-04-16,1.5065,0.017905405405405306,0.017746991812195082
1986-04-17,1.5285,0.014603385330235641,0.014497782760533266
1986-04-18,1.518,-0.006869479882237406,-0.006893183375313877
1986-04-21,1.5112,-0.004479578392621808,-0.004489641768275376
1986-04-22,1.5215,0.006815775542615032,0.006792653149725864
1986-04-23,1.5235,0.0013144922773578038,0.001313629088737901
1986-04-24,1.5338,0.0067607482769938,0.00673799690499517
1986-04-25,1.544,0.006650149954361639,0.0066281352539625344
1986-04-28,1.555,0.007124352331606243,0.007099094028613054
1986-04-29,1.552,-0.0019292604501607302,-0.0019311238701704074
1986-04-30,1.551,-0.0006443298969073252,-0.0006445375666253463
1986-05-01,1.5292,-0.0140554480980013,-0.014155161354281106
1986-05-02,1.522,-0.004708344232278283,-0.004719463400626549
1986-05-05,1.541,0.012483574244415152,0.012406296898484515
1986-05-06,1.534,-0.004542504866969388,-0.004552853392914141
1986-05-07,1.5415,0.004889178617992318,0.0048772653990036925
1986-05-08,1.543,0.0009730781706129843,0.0009726050369557355
1986-05-09,1.5425,-0.0003240440699935343,-0.0003240965836179754
1986-05-12,1.546,0.0022690437601295965,0.002266473367824329
1986-05-13,1.5348,-0.007244501940491643,-0.0072708707745700075
1986-05-14,1.5395,0.003062288246025613,0.0030576089917578194
1986-05-15,1.535,-0.002923026956804242,-0.0029273073432576208
1986-05-16,1.5255,-0.006188925081433094,-0.006208155864573063
1986-05-19,1.5177,-0.0051130776794493515,-0.005126194190724223
1986-05-20,1.5182,0.00032944587204308817,0.00032939161666759763
1986-05-21,1.5165,-0.001119747068897392,-0.0011203744540320495
1986-05-22,1.4928,-0.01562809099901097,-0.01575149703555651
1986-05-23,1.494,0.00080385852090048,0.0008035355996833948
1986-05-26,1.494,0.0,0.0
1986-05-27,1.5055,0.007697456492637311,0.007667982229026
1986-05-28,1.502,-0.0023248090335437066,-0.002327515597708501
1986-05-29,1.491,-0.007323568575232975,-0.007350517559341588
1986-05-30,1.4723,-0.012541918175721145,-0.012621231893375712
1986-06-02,1.474,0.0011546559804387346,0.0011539898779190183
1986-06-03,1.493,0.012890094979647326,0.012807724789908579
1986-06-04,1.4835,-0.006363027461486981,-0.0063833578083139315
1986-06-05,1.4955,0.008088978766430666,0.008056438339126145
1986-06-06,1.5045,0.006018054162487463,0.006000018000097201
1986-06-09,1.498,-0.004320372216683244,-0.004329731992935085
1986-06-10,1.5165,0.01234979973297734,0.012274163051471047
1986-06-11,1.527,0.006923837784371889,0.006899978089996616
1986-06-12,1.523,-0.0026195153896528822,-0.0026229523234705915
1986-06-13,1.5235,0.0003282994090612057,0.0003282455306020657
1986-06-16,1.523,-0.00032819166393183163,-0.00032824553060201926
1986-06-17,1.5015,-0.014116874589625628,-0.01421746547177673
1986-06-18,1.5,-0.0009990009990010762,-0.0009995003330836103
1986-06-19,1.5035,0.0023333333333332984,0.0023306153382822896
1986-06-20,1.499,-0.002993016295310902,-0.0029975043259860153
1986-06-23,1.4995,0.00033355570380244615,0.00033350008646598604
1986-06-24,1.5165,0.011337112370790159,0.011273328939571916
1986-06-25,1.5165,0.0,0.0
1986-06-26,1.5195,0.001978239366963397,0.001976285228211959
1986-06-27,1.529,0.006252056597564781,0.006232593572214333
1986-06-30,1.532,0.0019620667102682177,0.001960144371474376
1986-07-01,1.5495,0.011422976501305637,0.011358226927266473
1986-07-02,1.537,-0.008067118425298614,-0.008099833689207199
1986-07-03,1.5455,0.005530253741054203,0.005515018033575339
1986-07-04,1.5455,0.0,0.0
1986-07-07,1.5342,-0.0073115496603041175,-0.007338410046975072
1986-07-08,1.531,-0.0020857776039630016,-0.002087955867512206
1986-07-09,1.524,-0.004572175048987548,-0.004582659411092128
1986-07-10,1.5155,-0.005577427821522263,-0.005593039748733693
1986-07-11,1.504,-0.007588254701418662,-0.007617191988072696
1986-07-14,1.4805,-0.015625,-0.015748356968139168
1986-07-15,1.494,0.00911854103343468,0.00907721815111668
1986-07-16,1.514,0.01338688085676032,0.013298068304631415
1986-07-17,1.515,0.0006605019815058011,0.0006602839460752879
1986-07-18,1.5045,-0.006930693069306937,-0.00695482187336961
1986-07-21,1.499,-0.0036556995679626336,-0.0036623979675020637
1986-07-22,1.49,-0.006004002668445696,-0.006022099163092945
1986-07-23,1.492,0.0013422818791946067,0.0013413818242013111
1986-07-24,1.4935,0.00100536193029499,0.0010048568924584122
1986-07-25,1.4825,-0.007365249414127972,-0.007392506784284056
1986-07-28,1.4805,-0.0013490725126475978,-0.0013499833302345954
1986-07-29,1.488,0.005065856129685908,0.005053067851391201
1986-07-30,1.4895,0.0010080645161290036,0.0010075567602997706
1986-07-31,1.4915,0.0013427324605572721,0.001341831801466272
1986-08-01,1.485,-0.004358028830036886,-0.004367552718003226
1986-08-04,1.47,-0.010101010101010166,-0.010152371464018073
1986-08-05,1.485,0.010204081632653184,0.010152371464018128
1986-08-06,1.479,-0.004040404040404066,-0.0040485885260002205
1986-08-07,1.4765,-0.0016903313049358992,-0.0016917615268225714
1986-08-08,1.473,-0.002370470707754757,-0.0023732847213470206
1986-08-11,1.4857,0.008621860149355065,0.008584904180676972
1986-08-12,1.4845,-0.000807700074039186,-0.0008080264394927551
1986-08-13,1.486,0.0010104412260021345,0.0010099310738900947
1986-08-14,1.493,0.004710632570659623,0.0046995722614860454
1986-08-15,1.494,0.0006697923643670389,0.0006695681535722229
1986-08-18,1.493,-0.000669344042837916,-0.0006695681535721274
1986-08-19,1.5015,0.005693235097119942,0.0056770898841946305
1986-08-20,1.504,0.0016650016650017196,0.0016636170864002212
1986-08-21,1.4981,-0.003922872340425543,-0.003930586986448912
1986-08-22,1.4865,-0.007743141312329005,-0.007773275085183917
1986-08-25,1.4778,-0.005852674066599395,-0.005869868083605142
1986-08-26,1.4835,0.003857084855866777,0.0038496653763292147
1986-08-27,1.484,0.0003370407819345278,0.00033698399644917557
1986-08-28,1.4805,-0.002358490566037763,-0.00236127618567982
1986-08-29,1.488,0.005065856129685908,0.005053067851391201
1986-09-01,1.488,0.0,0.0
1986-09-02,1.4892,0.0008064516129033805,0.0008061266055248152
1986-09-03,1.4995,0.006916465216223466,0.006892656190501934
1986-09-04,1.504,0.0030010003334444146,0.0029965063207212884
1986-09-05,1.495,-0.005984042553191404,-0.006002018684998247
1986-09-08,1.4865,-0.005685618729097119,-0.00570184338663456
1986-09-09,1.484,-0.0016818028927009232,-0.0016832187108265615
1986-09-10,1.4815,-0.0016846361185983705,-0.001686056713705814
1986-09-11,1.4695,-0.0080998987512656,-0.00813288115464788
1986-09-12,1.476,0.004423273222184276,0.004413519301445622
1986-09-15,1.4808,0.003252032520325132,0.003246756098869873
1986-09-16,1.4755,-0.0035791464073472445,-0.0035855668762935122
1986-09-17,1.475,-0.0003388681802778404,-0.0003389256090738703
1986-09-18,1.472,-0.0020338983050848247,-0.0020359694850987315
1986-09-19,1.4755,0.0023777173913044347,0.002374895094172641
1986-09-22,1.456,-0.013215859030837107,-0.013303965626362928
1986-09-23,1.4487,-0.005013736263736135,-0.005026347209025248
1986-09-24,1.4465,-0.0015186028853456657,-0.0015197571314162996
1986-09-25,1.4345,-0.00829588662288272,-0.008330488994770204
1986-09-26,1.4365,0.0013942140118508028,0.0013932429979247472
1986-09-29,1.433,-0.002436477549599747,-0.0024394505911724184
1986-09-30,1.4468,0.009630146545708262,0.009584072249770991
1986-10-01,1.444,-0.0019353055017972132,-0.0019371806251714872
1986-10-02,1.434,-0.006925207756232732,-0.006949298293205917
1986-10-03,1.4425,0.005927475592747422,0.0059099772226888225
1986-10-06,1.4385,-0.002772963604852685,-0.002776815390652023
1986-10-07,1.432,-0.004518595759471666,-0.0045288354710116725
1986-10-08,1.4202,-0.008240223463687135,-0.008274361772597659
1986-10-09,1.4215,0.0009153640332348889,0.0009149453430613558
1986-10-10,1.4335,0.008441786844882282,0.008406354232370168
1986-10-13,1.4335,0.0,0.0
1986-10-14,1.437,0.0024415765608649664,0.0024386007556003514
1986-10-15,1.4395,0.0017397355601949105,0.001738223973205696
1986-10-16,1.4375,-0.0013893713094824678,-0.001390337380725066
1986-10-17,1.4315,-0.00417391304347825,-0.004182648133335753
1986-10-20,1.4298,-0.001187565490743947,-0.0011882712054182738
1986-10-21,1.436,0.004336270807105969,0.004326896275418131
1986-10-22,1.431,-0.0034818941504177747,-0.003487970051718531
1986-10-23,1.424,-0.004891684136967278,-0.004903687584529955
1986-10-24,1.4125,-0.008075842696629087,-0.00810862895132494
1986-10-27,1.4065,-0.004247787610619502,-0.004256835090684502
1986-10-28,1.4155,0.006398862424457752,0.00637847662204263
1986-10-29,1.4115,-0.0028258565877781194,-0.002829856858410224
1986-10-30,1.3973,-0.010060219624512978,-0.010111165607141854
1986-10-31,1.4055,0.005868460602590719,0.005851308260184367
1986-11-03,1.4113,0.004126645321949507,0.004118154073374741
1986-11-04,1.4148,0.002479982994402441,0.002476912911364382
1986-11-05,1.423,0.005795872208085973,0.00577914075852684
1986-11-06,1.431,0.005621925509486925,0.005606181466598465
1986-11-07,1.4258,-0.0036338225017470416,-0.0036404408729228317
1986-11-10,1.4354,0.0067330621405528035,0.00671049631244356
1986-11-11,1.4354,0.0,0.0
1986-11-12,1.4265,-0.006200362268357185,-0.006219664342416762
1986-11-13,1.4245,-0.001402032947774301,-0.0014030167155917317
1986-11-14,1.4303,0.004071604071604007,0.004063337522891337
1986-11-17,1.428,-0.0016080542543521759,-0.0016093485613246318
1986-11-18,1.4225,-0.003851540616246374,-0.0038589768990435844
1986-11-19,1.418,-0.0031634446397189597,-0.0031684589084133327
1986-11-20,1.4107,-0.005148095909731865,-0.005161393011616004
1986-11-21,1.423,0.008719075636208995,0.008681284009395739
1986-11-24,1.4165,-0.004567814476458154,-0.004578278819281094
1986-11-25,1.4222,0.0040240028238613945,0.004015928178846089
1986-11-26,1.4315,0.00653916467444815,0.006517877088752286
1986-11-27,1.4315,0.0,0.0
1986-11-28,1.4335,0.0013971358714635063,0.0013961607852547911
1986-12-01,1.4375,0.002790373212417263,0.002786487348081081
1986-12-02,1.4343,-0.002226086956521822,-0.0022285683713382126
1986-12-03,1.432,-0.0016035696855608572,-0.0016048567795764078
1986-12-04,1.429,-0.0020949720670390137,-0.0020971695907234253
1986-12-05,1.4285,-0.00034989503149052137,-0.00034995625903961225
1986-12-08,1.4195,-0.006300315015750901,-0.0063202457578019995
1986-12-09,1.4235,0.002817893624515566,0.002813930805066261
1986-12-10,1.4252,0.001194239550403875,0.0011935270135886766
1986-12-11,1.423,-0.001543642997474004,-0.0015448356418285788
1986-12-12,1.4273,0.0030217849613491943,0.00301722854587036
1986-12-15,1.432,0.003292930708330255,0.0032875208848679688
1986-12-16,1.4295,-0.0017458100558659373,-0.0017473357582244457
1986-12-17,1.4298,0.00020986358866736943,0.00020984157038494855
1986-12-18,1.4307,0.0006294586655477552,0.0006292606395370401
1986-12-19,1.4325,0.0012581253931642777,0.001257334616606368
1986-12-22,1.4415,0.006282722513089034,0.006263068489562273
1986-12-23,1.4525,0.007630939993062746,0.007601971647609384
1986-12-24,1.4585,0.004130808950085996,0.004122300581709753
1986-12-25,1.4585,0.0,0.0
1986-12-26,1.458,-0.0003428179636613127,-0.0003428767391726684
1986-12-29,1.4683,0.007064471879286716,0.007039635400288445
1986-12-30,1.4685,0.0001362119457877231,0.000136202669782961
1986-12-31,1.4825,0.009533537623425348,0.009488380233205836
1987-01-01,1.4825,0.0,0.0
1987-01-02,1.49,0.005059021922428464,0.0050462680676244395
1987-01-05,1.4728,-0.011543624161073796,-0.011610769020636694
1987-01-06,1.4762,0.0023085279739269993,0.002305867417083648
1987-01-07,1.4705,-0.0038612654111909173,-0.0038687393419022664
1987-01-08,1.475,0.003060183611016676,0.0030555107798704967
1987-01-09,1.478,0.0020338983050847137,0.002031832734226852
1987-01-12,1.4918,0.009336941813261168,0.009293622012915791
1987-01-13,1.4903,-0.0010054967153774186,-0.001006002566315802
1987-01-14,1.5055,0.01019928873381204,0.010147626967041483
1987-01-15,1.5042,-0.0008635004981734085,-0.000863873529485857
1987-01-16,1.5155,0.007512298896423353,0.007484222105555139
1987-01-19,1.5155,0.0,0.0
1987-01-20,1.52,0.0029693170570768146,0.002964917342464172
1987-01-21,1.517,-0.0019736842105263497,-0.001975634491789858
1987-01-22,1.532,0.009887936717205115,0.009839370952004465
1987-01-23,1.5205,-0.007506527415143682,-0.007534843183117352
1987-01-26,1.527,0.0042749095692207195,0.004265798101213166
1987-01-27,1.5357,0.005697445972495219,0.0056812769130149526
1987-01-28,1.536,0.00019535065442477517,0.00019533157597030168
1987-01-29,1.5368,0.0005208333333333037,0.0005206977467293873
1987-01-30,1.514,-0.014836022904737067,-0.014947177456952758
1987-02-02,1.5241,0.00667107001320999,0.006648916894409795
1987-02-03,1.5275,0.0022308247490323563,0.002228340153946598
1987-02-04,1.5228,-0.0030769230769231992,-0.0030816665374082237
1987-02-05,1.515,-0.005122143420015823,-0.0051353065648728335
1987-02-06,1.5065,-0.0056105610561055785,-0.005626359373113559
1987-02-09,1.519,0.008297378028542912,0.008263144025416863
1987-02-10,1.535,0.010533245556286985,0.010478157425524628
1987-02-11,1.523,-0.007817589576547213,-0.007848307126135698
1987-02-12,1.519,-0.0026263952724885353,-0.0026298502993889806
1987-02-13,1.52,0.0006583278472680476,0.0006581112445493242
1987-02-16,1.52,0.0,0.0
1987-02-17,1.5305,0.006907894736842168,0.006884144545145187
1987-02-18,1.5312,0.00045736687357078587,0.0004572623132226774
1987-02-19,1.526,-0.003396029258098121,-0.0034018088542873983
1987-02-20,1.5283,0.0015072083879423825,0.001506073689388404
1987-02-23,1.542,0.008964208597788348,0.008924268589484086
1987-02-24,1.5395,-0.001621271076523989,-0.0016225867587197295
1987-02-25,1.537,-0.0016239038648913073,-0.0016252238259593117
1987-02-26,1.5395,0.0016265452179571316,0.0016252238259592748
1987-02-27,1.546,0.004222150048717177,0.0042132617828122675
1987-03-02,1.5638,0.011513583441138397,0.011447806543046344
1987-03-03,1.56,-0.002429978258089327,-0.002432935446830966
1987-03-04,1.5642,0.0026923076923077716,0.0026886899239283953
1987-03-05,1.5778,0.008694540340109969,0.008656960493478194
1987-03-06,1.589,0.00709849157054121,0.007073415875726699
1987-03-09,1.588,-0.0006293266205159576,-0.0006295247296348579
1987-03-10,1.5842,-0.002392947103274534,-0.002395814776901705
1987-03-11,1.591,0.004292387324832614,0.004283201307607457
1987-03-12,1.5885,-0.001571338780641085,-0.0015725746282160059
1987-03-13,1.575,-0.008498583569405138,-0.008534902449837444
1987-03-16,1.583,0.005079365079365017,0.005066508621278649
1987-03-17,1.5975,0.009159823120656885,0.009118126370677626
1987-03-18,1.6058,0.005195618153364556,0.005182167498893676
1987-03-19,1.6033,-0.0015568563955660197,-0.0015580695557918928
1987-03-20,1.6022,-0.0006860849497909438,-0.0006863204137751322
1987-03-23,1.617,0.009237298714267927,0.00919489579609046
1987-03-24,1.61,-0.0043290043290042934,-0.00433840159859813
1987-03-25,1.6058,-0.002608695652174031,-0.0026121042279251775
1987-03-26,1.606,0.00012454851164545033,0.00012454075612352626
1987-03-27,1.603,-0.0018679950186800687,-0.0018697418971541477
1987-03-30,1.6075,0.002807236431690452,0.002803303502221371
1987-03-31,1.607,-0.0003110419906686701,-0.00031109037426179585
1987-04-01,1.602,-0.0031113876789047312,-0.0031162381092079954
1987-04-02,1.607,0.003121098626716501,0.003116238109207953
1987-04-03,1.6095,0.00155569383945231,0.0015544850013501817
1987-04-06,1.617,0.004659832246039164,0.004649008838244014
1987-04-07,1.6183,0.0008039579468150926,0.0008036349457329002
1987-04-08,1.6128,-0.0033986281900760806,-0.0034044166457903387
1987-04-09,1.6177,0.0030381944444444198,0.003033588458598844
1987-04-10,1.625,0.004512579588304533,0.004502428428189661
1987-04-13,1.6235,-0.0009230769230769154,-0.0009235032209372084
1987-04-14,1.633,0.005851555281798593,0.0058345014275644775
1987-04-15,1.633,0.0,0.0
1987-04-16,1.631,-0.0012247397428046813,-0.001225490349451269
1987-04-17,1.63,-0.0006131207847946962,-0.0006133088202059441
1987-04-20,1.6317,0.001042944785276001,0.0010424012962166626
1987-04-21,1.6332,0.0009192866335723249,0.0009188643483959217
1987-04-22,1.6275,-0.0034900808229243463,-0.0034961853626964165
1987-04-23,1.637,0.005837173579109178,0.005820203288410711
1987-04-24,1.657,0.01221747098350634,0.012143440055427935
1987-04-27,1.6675,0.006336753168376452,0.00631676036321574
1987-04-28,1.6545,-0.007796101949025469,-0.007826650428111911
1987-04-29,1.6597,0.0031429434874583606,0.0031380147650061628
1987-04-30,1.6605,0.0004820148219557563,0.00048189869012814
1987-05-01,1.6685,0.004817825956037414,0.004806257374627514
1987-05-04,1.68,0.006892418339826012,0.006868774205875732
1987-05-05,1.6885,0.0050595238095236805,0.005046767428317651
1987-05-06,1.6843,-0.0024874148652650474,-0.0024905136212821054
1987-05-07,1.679,-0.0031467078311463448,-0.0031516691267993563
1987-05-08,1.6745,-0.0026801667659320794,-0.002683764843281519
1987-05-11,1.658,-0.009853687667960687,-0.009902556539019097
1987-05-12,1.6692,0.006755126658624988,0.006732413022157389
1987-05-13,1.6715,0.0013779055835130283,0.0013769571427557328
1987-05-14,1.6778,0.0037690696978760485,0.0037619845520408097
1987-05-15,1.6783,0.00029800929789014496,0.0002979649019393822
1987-05-18,1.6838,0.0032771256628731926,0.0032717675894301094
1987-05-19,1.6825,-0.0007720631904025721,-0.0007723613846806554
1987-05-20,1.683,0.0002971768202080227,0.0002971326719231363
1987-05-21,1.679,-0.002376708259061222,-0.002379537113265209
1987-05-22,1.673,-0.003573555687909513,-0.003579956090716891
1987-05-25,1.673,0.0,0.0
1987-05-26,1.634,-0.023311416616855984,-0.023587425566875816
1987-05-27,1.613,-0.012851897184822492,-0.012935197294739301
1987-05-28,1.6255,0.007749535027898213,0.007719661618751058
1987-05-29,1.6295,0.0024607812980621535,0.00245775853365622
1987-06-01,1.6242,-0.0032525314513653925,-0.0032578324293056756
1987-06-02,1.6435,0.01188277305750507,0.011812727255963437
1987-06-03,1.643,-0.00030422878004254805,-0.0003042750670059735
1987-06-04,1.6232,-0.012051125989044453,-0.012124329525663115
1987-06-05,1.631,0.004805322819122715,0.004793814109408877
1987-06-08,1.6385,0.004598405885959611,0.004587865517855493
1987-06-09,1.661,0.013732072017088814,0.0136386414744256
1987-06-10,1.6585,-0.001505117399157152,-0.0015062512261877809
1987-06-11,1.6613,0.001688272535423474,0.0016868490053258424
1987-06-12,1.652,-0.005598025642569171,-0.005613753311509778
1987-06-15,1.632,-0.01210653753026636,-0.012180418556871072
1987-06-16,1.634,0.001225490196078427,0.0012247398958958697
1987-06-17,1.6342,0.0001223990208079062,0.00012239153065894388
1987-06-18,1.6298,-0.002692448904662914,-0.002696080064487729
1987-06-19,1.616,-0.008467296600809804,-0.008503347805078616
1987-06-22,1.595,-0.012995049504950562,-0.01308022386209581
1987-06-23,1.599,0.0025078369905955356,0.00250469761500921
1987-06-24,1.622,0.014383989993746127,0.014281521841404035
1987-06-25,1.6121,-0.006103575832305808,-0.006122278793405425
1987-06-26,1.6105,-0.0009924942621425403,-0.000992987110699295
1987-06-29,1.6008,-0.006022974231605138,-0.0060411855017299095
1987-06-30,1.6128,0.007496251874062887,0.0074682946075257444
1987-07-01,1.6155,0.0016741071428572063,0.0016727073875035306
1987-07-02,1.6155,0.0,0.0
1987-07-03,1.61,-0.003404518724852923,-0.0034103272860442025
1987-07-06,1.6185,0.005279503105590111,0.00526561538779041
1987-07-07,1.62,0.000926784059314123,0.0009263548601306608
1987-07-08,1.6178,-0.0013580246913581506,-0.001358947642577648
1987-07-09,1.6175,-0.00018543701322781825,-0.00018545420879658513
1987-07-10,1.6135,-0.002472952086553293,-0.0024760148830390853
1987-07-13,1.6175,0.0024790827393863513,0.0024760148830390402
1987-07-14,1.6108,-0.00414219474497679,-0.0041507973977565026
1987-07-15,1.6315,0.012850757387633527,0.012768887056076263
1987-07-16,1.6305,-0.0006129328838491155,-0.0006131208040013847
1987-07-17,1.6075,-0.014106102422569822,-0.01420653911759943
1987-07-20,1.6018,-0.003545878693623661,-0.003552180222192585
1987-07-21,1.5955,-0.0039330752902984045,-0.003940830171283679
1987-07-22,1.595,-0.0003133813851456946,-0.0003134304993532261
1987-07-23,1.6037,0.005454545454545379,0.005439723295818121
1987-07-24,1.603,-0.0004364906154517012,-0.00043658590521012227
1987-07-27,1.5975,-0.0034310667498440584,-0.0034369663578631003
1987-07-28,1.5985,0.000625978090766921,0.0006257822482063671
1987-07-29,1.6,0.0009383797309978625,0.0009379397279765192
1987-07-30,1.594,-0.003750000000000031,-0.003757048877712288
1987-07-31,1.591,-0.0018820577164366803,-0.001883831012373524
1987-08-03,1.5835,-0.004714016341923366,-0.004725162359092429
1987-08-04,1.57,-0.008525418377012817,-0.008561967636340614
1987-08-05,1.5783,0.005286624203821644,0.00527269906251748
1987-08-06,1.576,-0.0014572641449660528,-0.001458326987046749
1987-08-07,1.5667,-0.005901015228426454,-0.005918495018383102
1987-08-10,1.5667,0.0,0.0
1987-08-11,1.5697,0.001914852875470885,0.0019130218817200353
1987-08-12,1.579,0.0059246989870676,0.005907216974480821
1987-08-13,1.5797,0.0004433185560481778,0.0004432203194094537
1987-08-14,1.589,0.005887193770969024,0.005869931961664335
1987-08-17,1.5908,0.0011327879169289456,0.00113214679681964
1987-08-18,1.617,0.016469700779482066,0.01633554624357133
1987-08-19,1.615,-0.0012368583797155441,-0.0012376239203499525
1987-08-20,1.622,0.004334365325077583,0.004324999018601498
1987-08-21,1.629,0.004315659679408057,0.004306373926686818
1987-08-24,1.63,0.000613873542050225,0.000613685198762776
1987-08-25,1.6182,-0.007239263803680895,-0.00726559442706865
1987-08-26,1.6165,-0.001050549993820371,-0.0010511022082515848
1987-08-27,1.629,0.007732755954221959,0.007703011436557231
1987-08-28,1.6325,0.0021485573971762317,0.0021462525485410468
1987-08-31,1.6328,0.0001837672281777003,0.00018375034504896975
1987-09-01,1.6401,0.004470847623713858,0.004460883073428233
1987-09-02,1.6497,0.005853301627949614,0.005836237612815534
1987-09-03,1.657,0.004425046978238534,0.004415285244684265
1987-09-04,1.6538,-0.0019312009656005102,-0.0019330681384966157
1987-09-07,1.6538,0.0,0.0
1987-09-08,1.6595,0.0034466078123109867,0.0034406818719629243
1987-09-09,1.651,-0.005122024706236794,-0.005135187239901269
1987-09-10,1.6447,-0.003815869170199826,-0.0038231681729046056
1987-09-11,1.65,0.003222472183376901,0.003217291147402937
1987-09-14,1.637,-0.007878787878787818,-0.00790998952349133
1987-09-15,1.6423,0.003237629810629361,0.003232399972380503
1987-09-16,1.6452,0.0017658162333311633,0.001764259012753631
1987-09-17,1.6462,0.0006078288354001149,0.0006076441822747503
1987-09-18,1.6553,0.0055278823958206935,0.005512659727576224
1987-09-21,1.6478,-0.004530900743067723,-0.004541196384630165
1987-09-22,1.641,-0.004126714407088228,-0.00413525279139874
1987-09-23,1.6422,0.000731261425959806,0.0007309941845975213
1987-09-24,1.637,-0.003166483984898383,-0.0031715079035535654
1987-09-25,1.6417,0.00287110568112392,0.0028669919293375316
1987-09-28,1.642,0.00018273740634699998,0.00018272071190092963
1987-09-29,1.628,-0.008526187576126665,-0.008562743449887915
1987-09-30,1.6248,-0.0019656019656019152,-0.001967536296310628
1987-10-01,1.6165,-0.005108321024126061,-0.00512141310068717
1987-10-02,1.6212,0.0029075162387874887,0.0029032975886656947
1987-10-05,1.6238,0.0016037503084134208,0.0016024656741925006
1987-10-06,1.632,0.005049882990516119,0.00503717509570628
1987-10-07,1.6403,0.005085784313725528,0.005072895394387785
1987-10-08,1.6425,0.0013412180698653131,0.0013403194403255555
1987-10-09,1.6507,0.0049923896499239895,0.004979968994729823
1987-10-12,1.6507,0.0,0.0
1987-10-13,1.647,-0.0022414733143515386,-0.002243989175855036
1987-10-14,1.653,0.0036429872495447047,0.0036363676433839335
1987-10-15,1.664,0.006654567453115545,0.006632523560129721
1987-10-16,1.6645,0.00030048076923083755,0.00030043563392579987
1987-10-19,1.68,0.009312105737458554,0.009269015382224834
1987-10-20,1.6545,-0.015178571428571375,-0.015294945035637702
1987-10-21,1.6515,-0.0018132366273799772,-0.0018148825308226119
1987-10-22,1.6495,-0.0012110202845897478,-0.0012117541622082121
1987-10-23,1.675,0.015459230069718055,0.015340953590530655
1987-10-26,1.688,0.00776119402985076,0.007731230896735629
1987-10-27,1.6965,0.005035545023696741,0.0050229090683824714
1987-10-28,1.71,0.007957559681697646,0.007926065272420723
1987-10-29,1.719,0.0052631578947368585,0.005249355886143745
1987-10-30,1.7215,0.0014543339150667745,0.001453277395729071
1987-11-02,1.739,0.010165553296543672,0.010114231575704541
1987-11-03,1.74,0.0005750431282345314,0.0005748778542915947
1987-11-04,1.7482,0.004712643678160822,0.004701573937812751
1987-11-05,1.783,0.019906189223200865,0.01971065171675271
1987-11-06,1.7825,-0.0002804262478968145,-0.00028046557468941767
1987-11-09,1.793,0.0058906030855538916,0.005873321316681771
1987-11-10,1.7865,-0.0036252091466815184,-0.0036317961416683707
1987-11-11,1.7865,0.0,0.0
1987-11-12,1.7575,-0.016232857542681223,-0.01636605377864452
1987-11-13,1.768,0.005974395448079539,0.005956619512768656
1987-11-16,1.75,-0.010180995475113086,-0.010233176280028969
1987-11-17,1.764,0.008000000000000007,0.007968169649176881
1987-11-18,1.77,0.00340136054421758,0.0033955890011381075
1987-11-19,1.7802,0.0057627118644068,0.005746170956956316
1987-11-20,1.779,-0.0006740815638692776,-0.000674308858996028
1987-11-23,1.7905,0.006464305789769531,0.006443501772652245
1987-11-24,1.7725,-0.010053057805082366,-0.010103931032204813
1987-11-25,1.7925,0.01128349788434413,0.011220314067492842
1987-11-26,1.7925,0.0,0.0
1987-11-27,1.8105,0.010041841004184038,0.009991756731920398
1987-11-30,1.8256,0.00834023750345203,0.008305649902115256
1987-12-01,1.818,-0.004163014899211115,-0.004171704370386946
1987-12-02,1.812,-0.0033003300330033403,-0.003305788134499544
1987-12-03,1.8065,-0.0030353200883002085,-0.003039936015229712
1987-12-04,1.798,-0.00470523110988097,-0.0047163355561293165
1987-12-07,1.794,-0.0022246941045606095,-0.0022271724128241415
1987-12-08,1.7962,0.0012263099219620432,0.001225558618107878
1987-12-09,1.802,0.003229039082507601,0.0032238369314339503
1987-12-10,1.83,0.015538290788013276,0.015418807667183359
1987-12-11,1.838,0.004371584699453646,0.004362057080165828
1987-12-14,1.837,-0.0005440696409141355,-0.0005442177005068062
1987-12-15,1.8315,-0.0029940119760479833,-0.002998502996256669
1987-12-16,1.8315,0.0,0.0
1987-12-17,1.8355,0.002184002184002276,0.0021816207180200137
1987-12-18,1.8258,-0.005284663579406046,-0.005298676805908479
1987-12-21,1.827,0.0006572461386789019,0.0006570302470262885
1987-12-22,1.8305,0.0019157088122605526,0.0019138761822841976
1987-12-23,1.8232,-0.003987981425840004,-0.0039959546288164645
1987-12-24,1.8315,0.0045524352786310285,0.00454210428739461
1987-12-25,1.8315,0.0,0.0
1987-12-28,1.86,0.015561015561015745,0.01544118448837805
1987-12-29,1.861,0.0005376344086021057,0.0005374899350037816
1987-12-30,1.858,-0.001612036539494821,-0.0016133372684668562
1987-12-31,1.886,0.015069967707211918,0.014957543819618842
1988-01-01,1.886,0.0,0.0
1988-01-04,1.8773,-0.004612937433722153,-0.004623609863086323
1988-01-05,1.8305,-0.024929419911575157,-0.025245420770025596
1988-01-06,1.806,-0.013384321223709361,-0.013474698583360159
1988-01-07,1.816,0.005537098560354448,0.005521825184307947
1988-01-08,1.806,-0.005506607929515406,-0.005521825184307861
1988-01-11,1.8219,0.008803986710963496,0.008765457594708662
1988-01-12,1.821,-0.0004939897908776691,-0.0004941118440314112
1988-01-13,1.825,0.0021965952773201902,0.002194186288983961
1988-01-14,1.8125,-0.006849315068493178,-0.006872879287762064
1988-01-15,1.7755,-0.020413793103448263,-0.020625034345687243
1988-01-18,1.7755,0.0,0.0
1988-01-19,1.7785,0.001689664883131492,0.0016882390053672848
1988-01-20,1.7923,0.007759347764970448,0.007729398849041718
1988-01-21,1.796,0.0020643865424314622,0.002062258624593222
1988-01-22,1.7823,-0.007628062360801824,-0.007657304832339512
1988-01-25,1.772,-0.005779049542725678,-0.005795812864779173
1988-01-26,1.774,0.0011286681715576563,0.001128031704498637
1988-01-27,1.7798,0.0032694475760992603,0.0032641145532371083
1988-01-28,1.782,0.0012360939431397266,0.0012353306079928082
1988-01-29,1.7691,-0.007239057239057267,-0.007265386356186506
1988-02-01,1.758,-0.00627437680176357,-0.006294143429445796
1988-02-02,1.77,0.006825938566553003,0.00680274732275262
1988-02-03,1.767,-0.0016949152542373724,-0.0016963532481785132
1988-02-04,1.7628,-0.002376910016977929,-0.002379739351864467
1988-02-05,1.755,-0.004424778761061954,-0.004434597067865753
1988-02-08,1.754,-0.0005698005698004938,-0.0005699629678377592
1988-02-09,1.7462,-0.0044469783352337755,-0.004456895555421098
1988-02-10,1.7608,0.008361012484251473,0.008326252835544591
1988-02-11,1.7585,-0.0013062244434347559,-0.001307078298214719
1988-02-12,1.7395,-0.010804663065112297,-0.010863457322040408
1988-02-15,1.7395,0.0,0.0
1988-02-16,1.7475,0.004599022707674649,0.00458847951596863
1988-02-17,1.748,0.00028612303290409535,0.0002860821075153944
1988-02-18,1.7435,-0.0025743707093821566,-0.0025776900997749263
1988-02-19,1.749,0.003154574132492094,0.0031496089028962013
1988-02-22,1.764,0.00857632933104635,0.008539761548134581
1988-02-23,1.7663,0.0013038548752835055,0.001303005594661236
1988-02-24,1.764,-0.0013021570514635261,-0.0013030055946611921
1988-02-25,1.7635,-0.00028344671201807614,-0.0002834868906298627
1988-02-26,1.7732,0.0055004252906152296,0.005485353194791752
1988-02-29,1.7735,0.0001691856530565694,0.00016917134277800913
1988-03-01,1.7775,0.0022554271215111665,0.002252887463719451
1988-03-02,1.7705,-0.003938115330520464,-0.003945890125437589
1988-03-03,1.768,-0.0014120304998587185,-0.0014130283543696007
1988-03-04,1.774,0.0033936651583710287,0.0033879196719360434
1988-03-07,1.818,0.024802705749718212,0.024500111867899403
1988-03-08,1.8415,0.012926292629262814,0.012843461147695738
1988-03-09,1.8475,0.0032582134129786056,0.0032529169372369038
1988-03-10,1.8422,-0.002868741542625064,-0.002872864268221531
1988-03-11,1.8525,0.005591141027032842,0.005575568616106696
1988-03-14,1.8528,0.00016194331983809818,0.00016193020843419516
1988-03-15,1.8542,0.000755613126079524,0.0007553277942059978
1988-03-16,1.8475,-0.003613418185740569,-0.0036199623505252763
1988-03-17,1.8325,-0.008119079837618393,-0.00815221906155027
1988-03-18,1.8205,-0.0065484311050477695,-0.006569966145318443
1988-03-21,1.8263,0.003185937929140348,0.0031808735825079194
1988-03-22,1.8294,0.001697421015167233,0.0016959820242680001
1988-03-23,1.835,0.0030611129332021036,0.0030564372664065092
1988-03-24,1.843,0.004359673024523225,0.0043501971811527
1988-03-25,1.836,-0.0037981551817688475,-0.003805386489387501
1988-03-28,1.8588,0.012418300653594727,0.012341826030387441
1988-03-29,1.868,0.004949429739617095,0.00493722157796481
1988-03-30,1.877,0.004817987152034187,0.004806417797720814
1988-03-31,1.8865,0.005061267980820405,0.005048502817856278
1988-04-01,1.89,0.0018552875695732052,0.0018535686493228347
1988-04-04,1.888,-0.0010582010582010914,-0.0010587613482420989
1988-04-05,1.879,-0.004766949152542277,-0.004778347291980586
1988-04-06,1.875,-0.002128791910590788,-0.002131061008954174
1988-04-07,1.871,-0.0021333333333333204,-0.002135612130421561
1988-04-08,1.8752,0.0022447888829502105,0.0022422731086037795
1988-04-11,1.8544,-0.011092150170648463,-0.011154126797206215
1988-04-12,1.8505,-0.002103106125970644,-0.002105320759276576
1988-04-13,1.839,-0.006214536611726551,-0.006233927221889566
1988-04-14,1.8756,0.019902120717781413,0.019706662611110155
1988-04-15,1.8885,0.006877799104286764,0.006854254937080447
1988-04-18,1.905,0.008737092930897417,0.008699145408289671
1988-04-19,1.8925,-0.006561679790026198,-0.006583302249197448
1988-04-20,1.893,0.00026420079260236484,0.00026416589771899426
1988-04-21,1.898,0.002641310089804394,0.0026378279605501773
1988-04-22,1.889,-0.004741833508956739,-0.004753111668363564
1988-04-25,1.8748,-0.007517204870301719,-0.007545601452958466
1988-04-26,1.875,0.00010667804565822614,0.00010667235596015373
1988-04-27,1.877,0.0010666666666667712,0.0010660981819977334
1988-04-28,1.874,-0.0015982951518379584,-0.0015995737881412404
1988-04-29,1.8785,0.0024012806830309152,0.0023984022156560555
1988-05-02,1.8715,-0.0037263774287996654,-0.0037333376695400213
1988-05-03,1.8712,-0.00016029922522042828,-0.00016031207451440432
1988-05-04,1.8645,-0.0035805899957246368,-0.0035870156510937434
1988-05-05,1.8665,0.0010726736390453961,0.001072098735763113
1988-05-06,1.862,-0.002410929547280949,-0.002413840517626094
1988-05-09,1.8797,0.009505907626208288,0.00946101078553725
1988-05-10,1.8813,0.0008511996595201854,0.0008508375945351624
1988-05-11,1.886,0.0024982724711635207,0.002495156976317934
1988-05-12,1.8845,-0.0007953340402968578,-0.0007956504862126164
1988-05-13,1.891,0.003449190766781518,0.0034432559512672526
1988-05-16,1.889,-0.0010576414595452333,-0.0010582011569479615
1988-05-17,1.8638,-0.01334039174166235,-0.013430174149954534
1988-05-18,1.864,0.00010730765103561524,0.0001073018939814768
1988-05-19,1.8668,0.0015021459227466671,0.0015010188301239366
1988-05-20,1.8618,-0.0026783801157060916,-0.0026819733932710974
1988-05-23,1.869,0.0038672252658717987,0.0038597667731733788
1988-05-24,1.867,-0.0010700909577313622,-0.0010706639138401758
1988-05-25,1.863,-0.002142474558114671,-0.0021447729401342062
1988-05-26,1.8625,-0.00026838432635534204,-0.0002684203478738768
1988-05-27,1.8555,-0.0037583892617449877,-0.003765469753062321
1988-05-30,1.8555,0.0,0.0
1988-05-31,1.8382,-0.009323632444085073,-0.009367369576643084
1988-06-01,1.8235,-0.00799695354150809,-0.008029100675274297
1988-06-02,1.7995,-0.013161502604880582,-0.013248882729649379
1988-06-03,1.794,-0.003056404556821324,-0.003061084900343947
1988-06-06,1.8017,0.004292084726867262,0.00428290000291297
1988-06-07,1.8112,0.005272797913081995,0.005258945387209233
1988-06-08,1.8171,0.0032575088339221736,0.00325221464614731
1988-06-09,1.8145,-0.0014308513565570724,-0.001431876001886092
1988-06-10,1.817,0.0013777900248002073,0.0013768417430461484
1988-06-13,1.8165,-0.00027517886626304833,-0.00027521673491452827
1988-06-14,1.785,-0.017341040462427793,-0.01749315744751723
1988-06-15,1.786,0.0005602240896358524,0.0005600672227049029
1988-06-16,1.786,0.0,0.0
1988-06-17,1.7825,-0.0019596864501679745,-0.001961609147993356
1988-06-20,1.7845,0.0011220196353436407,0.0011213906417640578
1988-06-21,1.7855,0.000560381059120374,0.0005602241042882694
1988-06-22,1.7677,-0.009969196303556416,-0.010019221492665677
1988-06-23,1.7566,-0.006279346042880607,-0.006299144058820452
1988-06-24,1.725,-0.017989297506546653,-0.018153072017556806
1988-06-27,1.7029,-0.012811594202898569,-0.012894370432901195
1988-06-28,1.718,0.008867226495977487,0.008828143511641762
1988-06-29,1.7063,-0.006810244470314308,-0.006833540010981457
1988-06-30,1.7085,0.001289339506534537,0.0012885090221272386
1988-07-01,1.701,-0.004389815627743543,-0.004399479159484667
1988-07-04,1.701,0.0,0.0
1988-07-05,1.707,0.003527336860670305,0.0035211303985789606
1988-07-06,1.7115,0.002636203866432263,0.0026327351757993345
1988-07-07,1.7173,0.003388840198656151,0.0033831110195763512
1988-07-08,1.7015,-0.009200489139928991,-0.009243075048855987
1988-07-11,1.689,-0.007346459006758677,-0.007373577133160278
1988-07-12,1.6955,0.00384843102427479,0.003841044757893301
1988-07-13,1.6917,-0.002241226776762084,-0.0022437420844472434
1988-07-14,1.689,-0.0015960276644795268,-0.0015973026734460633
1988-07-15,1.663,-0.015393724097098938,-0.015513437614872462
1988-07-18,1.67,0.004209260372820101,0.004200426217873012
1988-07-19,1.6935,0.014071856287425133,0.01397376684702559
1988-07-20,1.7095,0.00944788898730442,0.0094035368215296
1988-07-21,1.7265,0.009944428195378663,0.009895307750690946
1988-07-22,1.74,0.007819287576020795,0.00778887537852763
1988-07-25,1.725,-0.008620689655172376,-0.008658062743114541
1988-07-26,1.7133,-0.00678260869565217,-0.006805715126533203
1988-07-27,1.726,0.007412595575789327,0.007385257304446245
1988-07-28,1.722,-0.002317497103128674,-0.002320186655697198
1988-07-29,1.71,-0.006968641114982632,-0.006993035490970637
1988-08-01,1.713,0.0017543859649122862,0.0017528488274143868
1988-08-02,1.71,-0.0017513134851139256,-0.0017528488274144718
1988-08-03,1.7105,0.00029239766081867735,0.00029235492095380593
1988-08-04,1.709,-0.0008769365682548269,-0.0008773213020684097
1988-08-05,1.6928,-0.009479227618490293,-0.009524441451610592
1988-08-08,1.697,0.002481096408317507,0.0024780235702459973
1988-08-09,1.6863,-0.006305244549204558,-0.00632520655808741
1988-08-10,1.6905,0.00249066002490661,0.0024875634718017074
1988-08-11,1.691,0.0002957704821060503,0.0002957267506397797
1988-08-12,1.7155,0.014488468361915974,0.014384513399924057
1988-08-15,1.7138,-0.0009909647333139482,-0.0009914560634860187
1988-08-16,1.719,0.003034193021356213,0.003029599147830984
1988-08-17,1.6898,-0.016986620127981467,-0.017132547664104908
1988-08-18,1.6985,0.0051485382885547715,0.005135329881894089
1988-08-19,1.7025,0.0023550191345305116,0.002352250423028867
1988-08-22,1.6763,-0.015389133627019103,-0.015508775386435289
1988-08-23,1.679,0.0016106902105830212,0.0016093944403088533
1988-08-24,1.6785,-0.00029779630732573725,-0.00029784065745115326
1988-08-25,1.699,0.012213285671730745,0.01213930525184244
1988-08-26,1.6908,-0.004826368452030549,-0.004838052979297123
1988-08-29,1.685,-0.0034303288384196495,-0.0034362259061727104
1988-08-30,1.69,0.0029673590504450953,0.0029629651306570487
1988-08-31,1.6825,-0.004437869822485063,-0.004447746398236142
1988-09-01,1.669,-0.008023774145616724,-0.008056137857047877
1988-09-02,1.683,0.008388256440982733,0.008353270528971038
1988-09-05,1.683,0.0,0.0
1988-09-06,1.7033,0.01206179441473565,0.011989630675725603
1988-09-07,1.708,0.0027593494980331368,0.0027555494819835272
1988-09-08,1.697,-0.0064402810304449165,-0.006461109114288809
1988-09-09,1.6968,-0.00011785503830286093,-0.00011786198375359721
1988-09-12,1.6957,-0.0006482791136257493,-0.0006484893373910252
1988-09-13,1.696,0.00017691808692577027,0.00017690243876663058
1988-09-14,1.6745,-0.012676886792452713,-0.012757924117588984
1988-09-15,1.68,0.0032845625559867475,0.003279180163045217
1988-09-16,1.6754,-0.002738095238095206,-0.002741850677595451
1988-09-19,1.6788,0.0020293661215231573,0.002027309739726615
1988-09-20,1.6865,0.004586609482964077,0.004576123042269188
1988-09-21,1.675,-0.006818855618144104,-0.0068422102425381446
1988-09-22,1.6675,-0.004477611940298498,-0.004487666469388017
1988-09-23,1.6715,0.0023988005997002126,0.0023959280703745797
1988-09-26,1.6665,-0.0029913251570444777,-0.00299580811235883
1988-09-27,1.6788,0.007380738073807347,0.007353633711641391
1988-09-28,1.6868,0.00476530855372892,0.004753990412969059
1988-09-29,1.6822,-0.002727057149632506,-0.002730782344067935
1988-09-30,1.691,0.005231244798478363,0.005217609370243551
1988-10-03,1.6985,0.004435245416912981,0.004425438702058222
1988-10-04,1.6945,-0.0023550191345305116,-0.002357796553532625
1988-10-05,1.6955,0.0005901445854235021,0.0005899705185873501
1988-10-06,1.694,-0.0008846947803008431,-0.000885086353693648
1988-10-07,1.698,0.0023612750885477762,0.002358491659292883
1988-10-10,1.698,0.0,0.0
1988-10-11,1.716,0.010600706713780994,0.01054491317661504
1988-10-12,1.731,0.00874125874125875,0.008703275128301671
1988-10-13,1.7455,0.00837666088965916,0.008341771368881474
1988-10-14,1.7555,0.005729017473503406,0.00571266906339632
1988-10-17,1.748,-0.004272287097693006,-0.0042814393930062054
1988-10-18,1.752,0.0022883295194509046,0.0022857152808560825
1988-10-19,1.7505,-0.0008561643835617305,-0.0008565311016164693
1988-10-20,1.763,0.0071408169094544505,0.00711544200314987
1988-10-21,1.762,-0.0005672149744753163,-0.0005673759017453998
1988-10-24,1.7515,-0.005959137343927279,-0.005976963858583236
1988-10-25,1.7535,0.0011418783899515006,0.0011412269426913197
1988-10-26,1.761,0.004277159965782706,0.004268038915973332
1988-10-27,1.768,0.003975014196479387,0.003967134701382718
1988-10-28,1.768,0.0,0.0
1988-10-31,1.769,0.0005656108597285048,0.0005654509621965294
1988-11-01,1.7668,-0.0012436404748444874,-0.001244414437413821
1988-11-02,1.777,0.005773149196287131,0.005756548432279993
1988-11-03,1.782,0.002813731007315745,0.00280977987610333
1988-11-04,1.765,-0.00953984287317633,-0.009585638663357602
1988-11-07,1.775,0.0056657223796034994,0.0056497325421191276
1988-11-08,1.7702,-0.002704225352112677,-0.0027078883747396047
1988-11-09,1.7908,0.011637103152186246,0.011569912832033952
1988-11-10,1.7955,0.002624525351798246,0.002621087299327229
1988-11-11,1.7955,0.0,0.0
1988-11-14,1.808,0.006961849067112169,0.006937727285984221
1988-11-15,1.807,-0.0005530973451327581,-0.0005532503598933277
1988-11-16,1.822,0.00830105146651916,0.008266787227675204
1988-11-17,1.821,-0.0005488474204171645,-0.0005489980922957173
1988-11-18,1.816,-0.0027457440966501823,-0.0027495205663693404
1988-11-21,1.8235,0.004129955947136388,0.004121451087496135
1988-11-22,1.8318,0.004551686317521453,0.0045413587201524495
1988-11-23,1.837,0.0028387378534773244,0.0028347162462383606
1988-11-24,1.837,0.0,0.0
1988-11-25,1.844,0.003810560696788201,0.0038033189014134456
1988-11-28,1.837,-0.00379609544468551,-0.0038033189014135297
1988-11-29,1.8516,0.007947740881872667,0.007916323941989862
1988-11-30,1.8493,-0.0012421689349750853,-0.00124294106628451
1988-12-01,1.8525,0.0017303844697993398,0.0017288890794110248
1988-12-02,1.856,0.0018893387314440346,0.001887556175903971
1988-12-05,1.87,0.007543103448275801,0.007514796502486364
1988-12-06,1.8654,-0.0024598930481284365,-0.0024629235558692748
1988-12-07,1.841,-0.013080304492334105,-0.013166605059685293
1988-12-08,1.85,0.004888647474198926,0.004876736839292768
1988-12-09,1.849,-0.000540540540540646,-0.0005406866852457616
1988-12-12,1.842,-0.0037858301784747805,-0.0037930145718726217
1988-12-13,1.828,-0.007600434310532034,-0.0076294648011568395
1988-12-14,1.8295,0.0008205689277898109,0.0008202324451660597
1988-12-15,1.8278,-0.000929215632686442,-0.0009296476211601507
1988-12-16,1.811,-0.009191377612430274,-0.009233878954687915
1988-12-19,1.8226,0.006405300938707947,0.00638487417861312
1988-12-20,1.8015,-0.011576868210249058,-0.011644401873878493
1988-12-21,1.807,0.0030530113794060565,0.0030483604040805762
1988-12-22,1.798,-0.004980630879911407,-0.004993075560662862
1988-12-23,1.8,0.0011123470522802492,0.0011117288526904154
1988-12-26,1.8,0.0,0.0
1988-12-27,1.804,0.0022222222222221255,0.00221975673831281
1988-12-28,1.789,-0.008314855875831584,-0.008349617113849905
1988-12-29,1.7895,0.00027948574622693734,0.0002794466973613301
1988-12-30,1.8085,0.010617490919251127,0.010561521186072082
1989-01-02,1.8085,0.0,0.0
1989-01-03,1.8225,0.0077412220071881865,0.007711412490660485
1989-01-04,1.807,-0.00850480109739371,-0.008541173290584741
1989-01-05,1.797,-0.005534034311012737,-0.005549403808669462
1989-01-06,1.78,-0.009460211463550361,-0.009505243497428208
1989-01-09,1.7636,-0.009213483146067403,-0.009256189802348255
1989-01-10,1.7637,5.6702200045277706e-05,5.670059253629863e-05
1989-01-11,1.781,0.00980892442025283,0.009761129213342658
1989-01-12,1.784,0.0016844469399215356,0.0016830298502931785
1989-01-13,1.7787,-0.002970852017937231,-0.0029752737585229927
1989-01-16,1.7787,0.0,0.0
1989-01-17,1.768,-0.006015629392252753,-0.0060337961838429445
1989-01-18,1.7545,-0.0076357466063349255,-0.0076650481743190235
1989-01-19,1.75,-0.002564833285836343,-0.00256812810570999
1989-01-20,1.7685,0.010571428571428454,0.010515941727975455
1989-01-23,1.774,0.0031099802092169337,0.003105154223989574
1989-01-24,1.7677,-0.0035512965050732426,-0.003557617327687315
1989-01-25,1.771,0.0018668326073427721,0.001865092240995991
1989-01-26,1.7735,0.0014116318464145738,0.0014106364308431
1989-01-27,1.758,-0.008739780095855743,-0.008778195968554305
1989-01-30,1.7618,0.0021615472127418656,0.0021592144305731128
1989-01-31,1.75,-0.006697695538653625,-0.006720225758135543
1989-02-01,1.7535,0.0020000000000000018,0.001998002662673058
1989-02-02,1.7508,-0.0015397775876818676,-0.0015409642634926105
1989-02-03,1.7415,-0.005311857436600342,-0.005326015510684324
1989-02-06,1.7327,-0.005053115130634556,-0.005065925289254882
1989-02-07,1.7425,0.005655912737346336,0.005639978117877904
1989-02-08,1.7433,0.0004591104734577023,0.00045900511449065303
1989-02-09,1.7548,0.006596684449033274,0.006575021542889169
1989-02-10,1.7543,-0.00028493275586960465,-0.00028497335691985093
1989-02-13,1.7495,-0.002736134070569385,-0.0027398841273962604
1989-02-14,1.7685,0.010860245784509726,0.010801696837792458
1989-02-15,1.7733,0.002714164546225639,0.002710487852898212
1989-02-16,1.7708,-0.0014098009361078745,-0.0014107956404475893
1989-02-17,1.776,0.0029365258640163816,0.0029322226941295307
1989-02-20,1.776,0.0,0.0
1989-02-21,1.7502,-0.014527027027027017,-0.014633577450384629
1989-02-22,1.7505,0.00017140898183054532,0.0001713942929895281
1989-02-23,1.76,0.005427020851185516,0.005412347637477239
1989-02-24,1.753,-0.003977272727272774,-0.003985203110963014
1989-02-27,1.7448,-0.0046776953793497,-0.004688670033815211
1989-02-28,1.744,-0.00045850527281054987,-0.000458610418494276
1989-03-01,1.724,-0.011467889908256867,-0.011534153245286519
1989-03-02,1.7238,-0.0001160092807424018,-0.00011601601033947982
1989-03-03,1.723,-0.0004640909618284228,-0.0004641986853691519
1989-03-06,1.722,-0.0005803830528149367,-0.0005805515402535908
1989-03-07,1.7217,-0.00017421602787459634,-0.00017423120524956746
1989-03-08,1.7197,-0.0011616425625834426,-0.0011623177922727278
1989-03-09,1.7175,-0.0012792928999243447,-0.00128011189364933
1989-03-10,1.7155,-0.001164483260553184,-0.001165161798000053
1989-03-13,1.7115,-0.002331681725444512,-0.002334404328264421
1989-03-14,1.7272,0.0091732398480866,0.009131421230357702
1989-03-15,1.719,-0.004747568318666073,-0.004758873817748366
1989-03-16,1.7179,-0.0006399069226294962,-0.0006401117504494653
1989-03-17,1.713,-0.0028523196926479866,-0.0028563953082799288
1989-03-20,1.7103,-0.0015761821366024886,-0.0015774256184740722
1989-03-21,1.72,0.005671519616441634,0.005655497101852927
1989-03-22,1.7228,0.0016279069767441978,0.0016265833724568
1989-03-23,1.7218,-0.0005804504295333635,-0.0005806189561013041
1989-03-24,1.719,-0.0016262051341618955,-0.0016275288410049723
1989-03-27,1.71,-0.005235602094240899,-0.00524935588614379
1989-03-28,1.688,-0.012865497076023358,-0.012948974340803068
1989-03-29,1.6886,0.00035545023696692546,0.00035538707949722735
1989-03-30,1.6875,-0.0006514272178136382,-0.0006516394887147269
1989-03-31,1.6852,-0.0013629629629628992,-0.0013638926418233558
1989-04-03,1.686,0.0004747211013529373,0.0004746084569392792
1989-04-04,1.7068,0.012336892052194681,0.012261412752044272
1989-04-05,1.6997,-0.004159831263182645,-0.004168507430539202
1989-04-06,1.704,0.0025298582102724065,0.0025266635059552653
1989-04-07,1.697,-0.004107981220657253,-0.004116442155034702
1989-04-10,1.6975,0.0002946375957570968,0.0002945941986247553
1989-04-11,1.689,-0.00500736377025035,-0.0050199426250511015
1989-04-12,1.6905,0.000888099467140302,0.0008877053401405918
1989-04-13,1.6975,0.0041407867494824835,0.004132237284910591
1989-04-14,1.6988,0.0007658321060384221,0.000765539006265034
1989-04-17,1.716,0.010124793972215551,0.010073881608791364
1989-04-18,1.718,0.0011655011655011815,0.0011648224962931065
1989-04-19,1.71,-0.00465657741559955,-0.0046674530474951695
1989-04-20,1.717,0.004093567251462149,0.0040852114007701645
1989-04-21,1.714,-0.0017472335468842193,-0.0017487617397505515
1989-04-24,1.7049,-0.005309218203033761,-0.005323362186539521
1989-04-25,1.701,-0.002287524194967472,-0.002290144575323762
1989-04-26,1.6885,-0.007348618459729672,-0.007375752570239476
1989-04-27,1.6905,0.0011844832691738638,0.0011837823223183356
1989-04-28,1.689,-0.0008873114463175957,-0.0008877053401405478
1989-05-01,1.68,-0.005328596802842034,-0.0053428444104955805
1989-05-02,1.685,0.0029761904761904656,0.00297177038915748
1989-05-03,1.683,-0.001186943620178016,-0.0011876485956560663
1989-05-04,1.6833,0.00017825311942964994,0.00017823723423005295
1989-05-05,1.6732,-0.006000118814233901,-0.006018191856992596
1989-05-08,1.6692,-0.0023906287353574474,-0.002393490850645873
1989-05-09,1.6605,-0.00521207764198417,-0.005225707900596261
1989-05-10,1.6715,0.006624510689551277,0.006602665043351978
1989-05-11,1.667,-0.00269219264134013,-0.0026958231093593145
1989-05-12,1.6593,-0.0046190761847630935,-0.004629777082052022
1989-05-15,1.6394,-0.011993009100223051,-0.01206550544981182
1989-05-16,1.6393,-6.099792607050514e-05,-6.099978651965367e-05
1989-05-17,1.6125,-0.016348441407918024,-0.016483551762483065
1989-05-18,1.6175,0.0031007751937983663,0.003095977705127992
1989-05-19,1.619,0.0009273570324574987,0.0009269273025795029
1989-05-22,1.5806,-0.0237183446571958,-0.02400415290676018
1989-05-23,1.5678,-0.008098190560546614,-0.00813115901625313
1989-05-24,1.5695,0.001084321979844205,0.0010837345273862764
1989-05-25,1.5803,0.006881172347881659,0.006857605133049994
1989-05-26,1.588,0.004872492564703013,0.0048606603920230695
1989-05-29,1.588,0.0,0.0
1989-05-30,1.558,-0.018891687657430767,-0.019072415376387496
1989-05-31,1.5715,0.008664955070603275,0.008627629806928654
1989-06-01,1.573,0.0009545020680878924,0.0009540468206556134
1989-06-02,1.592,0.012078830260648488,0.012006463346050544
1989-06-05,1.5807,-0.007097989949748751,-0.007123300520978544
1989-06-06,1.571,-0.006136521794141814,-0.006155427627728608
1989-06-07,1.5815,0.006683640992998008,0.0066614044900822926
1989-06-08,1.573,-0.0053746443250078935,-0.0053891396874256965
1989-06-09,1.554,-0.012078830260648377,-0.012152372130685008
1989-06-12,1.5251,-0.018597168597168645,-0.018772270265454704
1989-06-13,1.5155,-0.006294669202019376,-0.006314564164280089
1989-06-14,1.5145,-0.0006598482349060575,-0.0006600660305659363
1989-06-15,1.5195,0.003301419610432621,0.003295981889555905
1989-06-16,1.534,0.009542612701546549,0.009497369570353721
1989-06-19,1.548,0.009126466753585305,0.009085072222470836
1989-06-20,1.5495,0.0009689922480620172,0.0009685230781305052
1989-06-21,1.547,-0.0016134236850597894,-0.0016147266547369
1989-06-22,1.553,0.003878474466709747,0.0038709725756209345
1989-06-23,1.567,0.009014810045073984,0.008974419207333693
1989-06-26,1.5448,-0.014167198468410969,-0.014268511241716134
1989-06-27,1.566,0.01372345934748842,0.013630145436443796
1989-06-28,1.5555,-0.006704980842911823,-0.006727560213056645
1989-06-29,1.552,-0.0022500803600128405,-0.002252615594527634
1989-06-30,1.549,-0.0019329896907217536,-0.001934860326295533
1989-07-03,1.5774,0.018334409296320242,0.018168360547021933
1989-07-04,1.5774,0.0,0.0
1989-07-05,1.619,0.026372511728160353,0.02603075271374469
1989-07-06,1.6215,0.0015441630636194859,0.0015429720697374971
1989-07-07,1.6235,0.0012334258402713072,0.0012326657955279376
1989-07-10,1.6405,0.010471204188481797,0.0104167608582558
1989-07-11,1.6265,-0.008533983541603174,-0.00857060648775018
1989-07-12,1.625,-0.0009222256378728089,-0.0009226511495683624
1989-07-13,1.6235,-0.0009230769230769154,-0.0009235032209372084
1989-07-14,1.6125,-0.006775485063135189,-0.006798542872973076
1989-07-17,1.6138,0.0008062015503875752,0.0008058767444786132
1989-07-18,1.625,0.006940141281447598,0.006916169349431753
1989-07-19,1.619,-0.0036923076923076614,-0.0036991410862026986
1989-07-20,1.6265,0.00463248919085868,0.00462179223577114
1989-07-21,1.62,-0.003996311097448468,-0.004004317686976346
1989-07-24,1.6173,-0.0016666666666667052,-0.0016680571006970587
1989-07-25,1.6258,0.005255673035305719,0.005241910186739167
1989-07-26,1.6495,0.014577438799360243,0.0144722093561641
1989-07-27,1.6598,0.006244316459533161,0.006224901495711457
1989-07-28,1.6445,-0.00921797806964686,-0.009260726535235853
1989-07-31,1.666,0.01307388263909992,0.01298915709767623
1989-08-01,1.6545,-0.006902761104441657,-0.006926695365121027
1989-08-02,1.6628,0.0050166213357509815,0.005004080016815523
1989-08-03,1.6415,-0.01280971854702917,-0.012892470436835078
1989-08-04,1.6145,-0.01644837039293323,-0.016585146743317392
1989-08-07,1.6073,-0.004459585010839318,-0.0044695586232346264
1989-08-08,1.6255,0.011323337273688727,0.011259708168864636
1989-08-09,1.6177,-0.004798523531221233,-0.004810073408311754
1989-08-10,1.6275,0.0060579835569019025,0.006039707747076088
1989-08-11,1.585,-0.02611367127496156,-0.026460687771343278
1989-08-14,1.5835,-0.0009463722397476948,-0.000946820332686563
1989-08-15,1.5725,-0.006946637196084571,-0.006970877404098844
1989-08-16,1.5785,0.003815580286168574,0.0038083194234508062
1989-08-17,1.559,-0.012353500158378217,-0.012430438940269834
1989-08-18,1.5685,0.00609364977549709,0.006075158572956297
1989-08-21,1.578,0.006056742110296609,0.006038473775086859
1989-08-22,1.5845,0.004119138149556445,0.0041106777251559284
1989-08-23,1.5705,-0.008835594824865844,-0.008874860152274155
1989-08-24,1.5697,-0.0005093919134032676,-0.0005095216975398525
1989-08-25,1.572,0.001465248136586661,0.0014641757079906295
1989-08-28,1.5665,-0.003498727735368967,-0.0035048625969054427
1989-08-29,1.5835,0.01085221832109795,0.010793755586448026
1989-08-30,1.5822,-0.0008209662140826746,-0.0008213033913984275
1989-08-31,1.573,-0.0058146884085451545,-0.005831659529018272
1989-09-01,1.557,-0.010171646535282908,-0.010223731224279503
1989-09-04,1.557,0.0,0.0
1989-09-05,1.5375,-0.01252408477841993,-0.012603172153325286
1989-09-06,1.553,0.010081300813008065,0.01003082346801407
1989-09-07,1.546,-0.004507405022536992,-0.004517594001319765
1989-09-08,1.548,0.001293661060802087,0.0012928250023051713
1989-09-11,1.546,-0.0012919896640827266,-0.0012928250023051934
1989-09-12,1.547,0.0006468305304010435,0.000646621425698859
1989-09-13,1.553,0.003878474466709747,0.0038709725756209345
1989-09-14,1.5595,0.00418544752092731,0.004176712899170953
1989-09-15,1.538,-0.013786470022443154,-0.01388238598226873
1989-09-18,1.5685,0.01983094928478546,0.01963687756514358
1989-09-19,1.5735,0.003187759005419233,0.00318268887372876
1989-09-20,1.5815,0.005084207181442757,0.005071326241242086
1989-09-21,1.5805,-0.0006323110970596346,-0.0006325110900309942
1989-09-22,1.5755,-0.0031635558367606453,-0.0031685704583432482
1989-09-25,1.608,0.020628371945414337,0.020418488541582562
1989-09-26,1.6215,0.008395522388059629,0.008360476008460908
1989-09-27,1.613,-0.005242059821153222,-0.005255847622163767
1989-09-28,1.6077,-0.0032858028518288895,-0.0032912129562945973
1989-09-29,1.6145,0.00422964483423538,0.004220725029415779
1989-10-02,1.6178,0.0020439764633013446,0.0020418903855223443
1989-10-03,1.6055,-0.007602917542341436,-0.007631967054283599
1989-10-04,1.604,-0.0009342883836810367,-0.0009347251031087585
1989-10-05,1.61,0.0037406483790523026,0.0037336695520488092
1989-10-06,1.6025,-0.004658385093167738,-0.004669269183683612
1989-10-09,1.6025,0.0,0.0
1989-10-10,1.5575,-0.02808112324492973,-0.028482938133216826
1989-10-11,1.5445,-0.008346709470305025,-0.00838173830297186
1989-10-12,1.5515,0.004532211071544223,0.0045219715297985285
1989-10-13,1.564,0.008056719303899396,0.008024437216821443
1989-10-16,1.5745,0.006713554987212156,0.006691119435822827
1989-10-17,1.5815,0.004445855827246659,0.004436002204624108
1989-10-18,1.5878,0.003983559911476586,0.003975646545309625
1989-10-19,1.594,0.0039047739009949733,0.0038971700591472177
1989-10-20,1.59,-0.0025094102885822034,-0.0025125641358831594
1989-10-23,1.5935,0.002201257861635053,0.0021988386431137257
1989-10-24,1.606,0.007844367743959912,0.007813760649315956
1989-10-25,1.6088,0.0017434620174345827,0.001741943951735271
1989-10-26,1.612,0.0019890601690701892,0.0019870846081313847
1989-10-27,1.575,-0.02295285359801502,-0.0232203718068403
1989-10-30,1.5783,0.00209523809523815,0.0020930461451378517
1989-10-31,1.5775,-0.0005068744852056994,-0.0005070029895031101
1989-11-01,1.5818,0.0027258320126783975,0.0027221236699487444
1989-11-02,1.564,-0.011253002908079401,-0.011316796980060466
1989-11-03,1.5705,0.004156010230178975,0.004147397873444794
1989-11-06,1.5785,0.005093919134033786,0.005080989019345146
1989-11-07,1.5812,0.001710484637313936,0.0017090234244841317
1989-11-08,1.5865,0.0033518846445736994,0.003346279600719771
1989-11-09,1.5862,-0.00018909549322410069,-0.00018911337403103504
1989-11-10,1.5763,-0.006241331484049928,-0.006260890016722532
1989-11-13,1.58,0.002347268920890766,0.00234451838851585
1989-11-14,1.5815,0.0009493670886076,0.0009489167246910487
1989-11-15,1.5816,6.323110970596346e-05,6.322911070361179e-05
1989-11-16,1.577,-0.0029084471421345626,-0.0029126848933687865
1989-11-17,1.5675,-0.006024096385542244,-0.006042314455962698
1989-11-20,1.559,-0.005422647527910662,-0.005437403449299218
1989-11-21,1.567,0.005131494547786941,0.005118373298244207
1989-11-22,1.565,-0.0012763241863433805,-0.001277139381767286
1989-11-23,1.565,0.0,0.0
1989-11-24,1.562,-0.001916932907348179,-0.0019187725746222524
1989-11-27,1.56,-0.001280409731113985,-0.001281230156048573
1989-11-28,1.562,0.0012820512820512775,0.00128123015604854
1989-11-29,1.5665,0.0028809218950063276,0.002876779992615073
1989-11-30,1.5695,0.0019150973507819913,0.0019132658897618143
1989-12-01,1.566,-0.0022300095571836653,-0.002232499731259681
1989-12-04,1.5635,-0.0015964240102172012,-0.001597699652852523
1989-12-05,1.5706,0.004541093700032084,0.004530814042878387
1989-12-06,1.5765,0.0037565261683432105,0.003749488044341152
1989-12-07,1.575,-0.0009514747859181716,-0.000951927725382069
1989-12-08,1.5742,-0.0005079365079364573,-0.0005080655513836067
1989-12-11,1.5892,0.009528649472748008,0.009483538232094043
1989-12-12,1.603,0.008683614397180905,0.00864612866910901
1989-12-13,1.5945,-0.005302557704304434,-0.005316666159440648
1989-12-14,1.5975,0.0018814675446847673,0.0018796998015774722
1989-12-15,1.6045,0.004381846635367781,0.00437227429822171
1989-12-18,1.6018,-0.0016827672172017305,-0.001684184660329782
1989-12-19,1.6,-0.0011237357972280204,-0.0011243676617091853
1989-12-20,1.603,0.001874999999999849,0.001873244381680197
1989-12-21,1.6125,0.00592638802245804,0.005908896060374749
1989-12-22,1.621,0.005271317829457445,0.005257473065748628
1989-12-25,1.621,0.0,0.0
1989-12-26,1.6255,0.002776064157927083,0.0027722180082838067
1989-12-27,1.6245,-0.0006151953245154829,-0.0006153846348049874
1989-12-28,1.6133,-0.006894429055093965,-0.006918305437056823
1989-12-29,1.6145,0.0007438170210127826,0.0007435405262315962
1990-01-01,1.6145,0.0,0.0
1990-01-02,1.611,-0.002167853824713517,-0.00217020702135551
1990-01-03,1.61,-0.0006207324643078271,-0.0006209251984656428
1990-01-04,1.6293,0.011987577639751557,0.011916295730400607
1990-01-05,1.637,0.004725955931995429,0.004714823662225713
1990-01-08,1.653,0.00977397678680525,0.009726520449889392
1990-01-09,1.6537,0.0004234724742890883,0.00042338283512643386
1990-01-10,1.662,0.005019048194956799,0.005006494759242841
1990-01-11,1.6568,-0.0031287605294825216,-0.003133665334019066
1990-01-12,1.6695,0.007665379043940046,0.007636149302334729
1990-01-15,1.6695,0.0,0.0
1990-01-16,1.657,-0.007487271638215054,-0.00751544195714632
1990-01-17,1.6495,-0.004526252263126196,-0.004536526757926863
1990-01-18,1.6445,-0.0030312215822976274,-0.0030358250395244135
1990-01-19,1.6465,0.0012161751292185663,0.0012154361873072707
1990-01-22,1.639,-0.004555116914667479,-0.004565523072589291
1990-01-23,1.649,0.006101281269066616,0.006082743815769329
1990-01-24,1.655,0.0036385688295936802,0.00363196525156436
1990-01-25,1.6572,0.0013293051359517527,0.0013284223920835602
1990-01-26,1.657,-0.0001206854936036672,-0.00012069277668383102
1990-01-29,1.678,0.012673506336753126,0.012593869600588533
1990-01-30,1.6818,0.0022646007151370107,0.002262040371646052
1990-01-31,1.6794,-0.0014270424545129723,-0.0014280616493347125
1990-02-01,1.6815,0.0012504465880671667,0.0012496654308614588
1990-02-02,1.6817,0.00011894142135004948,0.00011893434838003361
1990-02-05,1.695,0.007908663852054465,0.00787755428584637
1990-02-06,1.702,0.004129793510324387,0.004121289318768713
1990-02-07,1.699,-0.001762632197414793,-0.0017641874613874078
1990-02-08,1.687,-0.007062978222483807,-0.007088039125963716
1990-02-09,1.6925,0.003260225251926485,0.0032549222404617464
1990-02-12,1.695,0.001477104874446189,0.0014760150281206794
1990-02-13,1.6905,-0.0026548672566372167,-0.00265839766661
1990-02-14,1.696,0.0032534753031647767,0.003248194203907731
1990-02-15,1.693,-0.001768867924528239,-0.0017704342187130028
1990-02-16,1.6955,0.001476668635558065,0.0014755794325578724
1990-02-19,1.6955,0.0,0.0
1990-02-20,1.704,0.005013270421704519,0.005000745823567744
1990-02-21,1.715,0.006455399061032985,0.006434652210779369
1990-02-22,1.7147,-0.0001749271137027053,-0.00017494241523472072
1990-02-23,1.71,-0.0027410042573043913,-0.00274476768810003
1990-02-26,1.693,-0.009941520467836251,-0.009991267363570205
1990-02-27,1.692,-0.0005906674542233148,-0.0005908419669667696
1990-02-28,1.6892,-0.0016548463356973464,-0.0016562171063800259
1990-03-01,1.665,-0.014326308311626845,-0.014429920645244348
1990-03-02,1.651,-0.008408408408408397,-0.008443958494416181
1990-03-05,1.6388,-0.007389460932768044,-0.007416898247412023
1990-03-06,1.649,0.006224066390041472,0.00620477688688287
1990-03-07,1.639,-0.006064281382656134,-0.006082743815769196
1990-03-08,1.6425,0.002135448444173349,0.0021331716149359647
1990-03-09,1.6181,-0.014855403348554064,-0.01496684995300323
1990-03-12,1.6103,-0.004820468450651982,-0.004832124381812039
1990-03-13,1.6003,-0.006210022977085061,-0.006229385372005806
1990-03-14,1.609,0.0054364806598761195,0.005421756340438494
1990-03-15,1.6175,0.005282784338098256,0.005268879382672479
1990-03-16,1.6235,0.0037094281298299947,0.003702565167845024
1990-03-19,1.6103,-0.008130582075762116,-0.008163815518950195
1990-03-20,1.6105,0.00012420045954164571,0.00012419274730313964
1990-03-21,1.5945,-0.009934802856255809,-0.009984482321141193
1990-03-22,1.601,0.0040765130134838845,0.0040682265466024095
1990-03-23,1.604,0.0018738288569644101,0.0018720754297451314
1990-03-26,1.618,0.008728179551122262,0.00869030919197726
1990-03-27,1.6261,0.005006180469715682,0.004993691213239748
1990-03-28,1.6275,0.0008609556607834801,0.0008605852510475552
1990-03-29,1.634,0.0039938556067589115,0.003985901337223964
1990-03-30,1.648,0.008567931456548328,0.008531435049468796
1990-04-02,1.6315,-0.010012135922330079,-0.010062594436041678
1990-04-03,1.6355,0.002451731535396906,0.00244873094506332
1990-04-04,1.6415,0.0036686028737389353,0.0036618899632087773
1990-04-05,1.6415,0.0,0.0
1990-04-06,1.6385,-0.0018275967103258406,-0.0018292688027779932
1990-04-09,1.6385,0.0,0.0
1990-04-10,1.6343,-0.002563320109856604,-0.0025666110398570477
1990-04-11,1.6425,0.005017438658752926,0.005004893259753254
1990-04-12,1.642,-0.00030441400304426214,-0.0003044603463921682
1990-04-13,1.6385,-0.0021315468940316107,-0.0021338218735041867
1990-04-16,1.631,-0.004577357339029642,-0.004587865517855457
1990-04-17,1.6338,0.0017167381974247942,0.001715266286754946
1990-04-18,1.638,0.0025706940874035134,0.0025673955052457334
1990-04-19,1.6435,0.003357753357753346,0.003352128691259352
1990-04-20,1.6353,-0.004989351992698454,-0.005001840365929158
1990-04-23,1.6357,0.0002446034366783145,0.0002445735261350788
1990-04-24,1.6341,-0.0009781744818730953,-0.00097865320674135
1990-04-25,1.637,0.0017746771923381477,0.0017731043133962865
1990-04-26,1.6335,-0.002138057422113704,-0.002140346330010132
1990-04-27,1.636,0.0015304560759106245,0.0015292861215675149
1990-04-30,1.6389,0.0017726161369193694,0.0017710469070893417
1990-05-01,1.6405,0.0009762645676978376,0.0009757883313746619
1990-05-02,1.643,0.0015239256324290906,0.0015227656361117105
1990-05-03,1.6422,-0.00048691418137547515,-0.0004870327625796297
1990-05-04,1.66,0.010839118255997926,0.0107807960759004
1990-05-07,1.668,0.004819277108433662,0.004807701568103078
1990-05-08,1.6695,0.0008992805755396738,0.0008988764650172506
1990-05-09,1.678,0.005091344713986201,0.005078427643442252
1990-05-10,1.6763,-0.0010131108462455574,-0.0010136243899193573
1990-05-11,1.6813,0.002982759649227562,0.002978320047650451
1990-05-14,1.684,0.0016059001962767105,0.0016046121173895458
1990-05-15,1.677,-0.004156769596199483,-0.004165432979063144
1990-05-16,1.68,0.0017889087656528524,0.0017873105740956587
1990-05-17,1.6917,0.006964285714285756,0.00694014708394156
1990-05-18,1.6908,-0.0005320092214931016,-0.0005321507886112133
1990-05-21,1.6912,0.00023657440264956975,0.00023654642333828082
1990-05-22,1.6915,0.00017738883632922864,0.00017737310478997364
1990-05-23,1.694,0.0014779781259237623,0.0014768869912365624
1990-05-24,1.6895,-0.002656434474616276,-0.002659969057655049
1990-05-25,1.6892,-0.00017756732761164962,-0.0001775830945560576
1990-05-28,1.6892,0.0,0.0
1990-05-29,1.6946,0.003196779540610928,0.0031916807045751965
1990-05-30,1.693,-0.0009441756166647108,-0.0009446216312284138
1990-05-31,1.6765,-0.009746012994683917,-0.009793816226852008
1990-06-01,1.6838,0.004354309573516124,0.004344856997280253
1990-06-04,1.675,-0.0052262739042641115,-0.005239978644396752
1990-06-05,1.683,0.004776119402985168,0.004764749931639291
1990-06-06,1.6882,0.0030897207367794888,0.0030849573588135094
1990-06-07,1.6883,5.923468783319841e-05,5.9232933528353854e-05
1990-06-08,1.6848,-0.002073091275247241,-0.002075243103436834
1990-06-11,1.6858,0.0005935422602088014,0.0005933661836706072
1990-06-12,1.7025,0.009906275952070276,0.009857530460285686
1990-06-13,1.707,0.002643171806167466,0.0026396847707732454
1990-06-14,1.7052,-0.0010544815465729496,-0.0010550379033853635
1990-06-15,1.7055,0.00017593244194236135,0.00017591696764522477
1990-06-18,1.713,0.004397537379067673,0.004387896465419438
1990-06-19,1.7205,0.004378283712784592,0.004368726913415168
1990-06-20,1.723,0.0014530659691951442,0.0014520112903946918
1990-06-21,1.725,0.0011607661056296514,0.0011600929375304458
1990-06-22,1.733,0.004637681159420204,0.004626960250145863
1990-06-25,1.7305,-0.0014425851125217104,-0.0014436266402072086
1990-06-26,1.7355,0.0028893383415198315,0.0028851722264420527
1990-06-27,1.7428,0.004206280610774993,0.004197458941446092
1990-06-28,1.7393,-0.00200826256598563,-0.002010281829179314
1990-06-29,1.745,0.0032771804749036626,0.003271822222419909
1990-07-02,1.7634,0.010544412607449871,0.010489208016399146
1990-07-03,1.7795,0.009130089599637126,0.009088662297320757
1990-07-04,1.7795,0.0,0.0
1990-07-05,1.7805,0.0005619556055072028,0.0005617977675850907
1990-07-06,1.7865,0.0033698399326032025,0.0033641747456320684
1990-07-09,1.8058,0.010803246571508662,0.010745308409914445
1990-07-10,1.815,0.005094694872078698,0.00508176082557219
1990-07-11,1.798,-0.009366391184572942,-0.00941053166738551
1990-07-12,1.7985,0.0002780867630700623,0.00027804810411302834
1990-07-13,1.806,0.00417014178482078,0.0041614708412521986
1990-07-16,1.804,-0.001107419712070845,-0.001108033354361733
1990-07-17,1.8112,0.003991130820399036,0.003983187386294753
1990-07-18,1.8205,0.00513471731448778,0.005121579606624485
1990-07-19,1.8146,-0.003240867893435917,-0.003246130879959639
1990-07-20,1.8143,-0.00016532569161242794,-0.00016533935941102776
1990-07-23,1.8205,0.0034172959268037317,0.003411470239370673
1990-07-24,1.8248,0.0023619884647074763,0.002359203354690118
1990-07-25,1.812,-0.007014467338886443,-0.0070391843672536255
1990-07-26,1.8135,0.0008278145695364003,0.0008274721200323929
1990-07-27,1.8335,0.011028398125172423,0.01096802878842375
1990-07-30,1.8438,0.005617671120807355,0.005601950853113424
1990-07-31,1.86,0.008786202408070265,0.008747828342752935
1990-08-01,1.855,-0.0026881720430108613,-0.0026917916657115256
1990-08-02,1.8492,-0.0031266846361186484,-0.0031315829274651875
1990-08-03,1.8565,0.00394765303915201,0.003939881503064339
1990-08-06,1.872,0.008349043899811504,0.008314383420402615
1990-08-07,1.877,0.0026709401709401615,0.002667379548971453
1990-08-08,1.8655,-0.006126798082045859,-0.006145643925296325
1990-08-09,1.8717,0.0033235057625300435,0.003317995123637715
1990-08-10,1.8713,-0.00021370946198639995,-0.0002137323011074867
1990-08-13,1.884,0.0067867258055895885,0.006763799652565417
1990-08-14,1.8925,0.004511677282378113,0.004501530175295666
1990-08-15,1.8998,0.0038573315719947487,0.0038499111444782633
1990-08-16,1.898,-0.0009474681545426078,-0.0009479172862089217
1990-08-17,1.919,0.011064278187565835,0.011003516837826712
1990-08-20,1.9198,0.0004168837936424641,0.00041679692173658445
1990-08-21,1.921,0.0006250651109491745,0.0006248698391202127
1990-08-22,1.9275,0.003383654346694298,0.003377942668927775
1990-08-23,1.9515,0.012451361867704236,0.012374481183185059
1990-08-24,1.9453,-0.0031770433000256615,-0.0031821008168983578
1990-08-27,1.9443,-0.000514059528093358,-0.0005141917019913452
1990-08-28,1.9483,0.00205729568482238,0.0020551823500615965
1990-08-29,1.9465,-0.0009238823589796663,-0.0009243094013311402
1990-08-30,1.9225,-0.012329822758797793,-0.012406465670711329
1990-08-31,1.892,-0.0158647594278285,-0.015991951767975607
1990-09-03,1.892,0.0,0.0
1990-09-04,1.8758,-0.008562367864693443,-0.008599235536985467
1990-09-05,1.899,0.012368056295980479,0.012292196737447856
1990-09-06,1.908,0.004739336492890933,0.004728141195945896
1990-09-07,1.894,-0.007337526205450695,-0.007364578262208243
1990-09-10,1.8555,-0.020327349524815186,-0.020536793245371252
1990-09-11,1.8485,-0.0037725680409592677,-0.0037797021239656344
1990-09-12,1.864,0.008385177170678881,0.008350216868849842
1990-09-13,1.8767,0.0068133047210299225,0.006790199051690303
1990-09-14,1.8985,0.011616134704534486,0.011549185374630032
1990-09-17,1.9025,0.002106926520937691,0.0021047100639839944
1990-09-18,1.918,0.008147174770039234,0.008114165707542443
1990-09-19,1.8847,-0.017361835245046864,-0.01751431942080138
1990-09-20,1.8683,-0.008701650129994132,-0.008739730556790297
1990-09-21,1.846,-0.011935984584916737,-0.012007790402994259
1990-09-24,1.884,0.02058504875406264,0.020376040073510706
1990-09-25,1.8768,-0.003821656050955302,-0.0038289772370972393
1990-09-26,1.864,-0.006820119352088594,-0.0068434826536744545
1990-09-27,1.871,0.00375536480686689,0.0037483310285530594
1990-09-28,1.8735,0.0013361838588989983,0.0013352919596524555
1990-10-01,1.889,0.008273285294902566,0.008239249267767472
1990-10-02,1.8885,-0.000264690312334559,-0.0002647253489979942
1990-10-03,1.898,0.005030447445062203,0.00501783701736161
1990-10-04,1.9118,0.0072708113804005325,0.007244506459789144
1990-10-05,1.9465,0.018150434145831174,0.01798768142084823
1990-10-08,1.9465,0.0,0.0
1990-10-09,1.97,0.012072951451322922,0.012000654681523806
1990-10-10,1.9675,-0.0012690355329948444,-0.0012698414404758189
1990-10-11,1.964,-0.0017789072426938057,-0.0017804913771471266
1990-10-12,1.9732,0.004684317718941067,0.004673380445172117
1990-10-15,1.9535,-0.009983782688019471,-0.01003395486445792
1990-10-16,1.957,0.0017916560020476702,0.0017900529009510183
1990-10-17,1.965,0.004087889626980035,0.004079556907285343
1990-10-18,1.9535,-0.005852417302799062,-0.005869609808236415
1990-10-19,1.9595,0.003071410289224419,0.0030667031445608247
1990-10-22,1.948,-0.005868844092880909,-0.005886133437205814
1990-10-23,1.9464,-0.000821355236139687,-0.0008216927331676094
1990-10-24,1.9565,0.0051890669954788304,0.005175650181154296
1990-10-25,1.954,-0.0012777919754664024,-0.0012786090477391139
1990-10-26,1.956,0.0010235414534287557,0.0010230179920344864
1990-10-29,1.953,-0.0015337423312883347,-0.0015349197180837017
1990-10-30,1.9475,-0.002816180235535093,-0.0028201531317756236
1990-10-31,1.944,-0.0017971758664955262,-0.001798792724518963
1990-11-01,1.95,0.0030864197530864335,0.0030816665374081144
1990-11-02,1.9515,0.0007692307692308553,0.0007689350628772567
1990-11-05,1.9695,0.009223674096848544,0.009181395790290878
1990-11-06,1.973,0.001777100787001773,0.001775523611654773
1990-11-07,1.976,0.001520527116066761,0.0015193722851976363
1990-11-08,1.967,-0.0045546558704453455,-0.004565059918754055
1990-11-09,1.9665,-0.00025419420437222673,-0.00025422651719493247
1990-11-12,1.9665,0.0,0.0
1990-11-13,1.9642,-0.0011695906432748204,-0.0011702751481903206
1990-11-14,1.961,-0.0016291619997962359,-0.0016304905273274726
1990-11-15,1.9595,-0.0007649158592555327,-0.000765208556660179
1990-11-16,1.966,0.0033171727481500213,0.003311683067425694
1990-11-19,1.9707,0.0023906408952187874,0.002387787859425159
1990-11-20,1.9698,-0.0004566905160602319,-0.0004567948309349132
1990-11-21,1.9685,-0.0006599654787288189,-0.0006601833518097911
1990-11-22,1.9685,0.0,0.0
1990-11-23,1.967,-0.0007620015240029643,-0.0007622919947330556
1990-11-26,1.9658,-0.0006100660904931887,-0.0006102522565301483
1990-11-27,1.976,0.005188727235730939,0.00517531217528409
1990-11-28,1.972,-0.002024291497975672,-0.0020263431452323616
1990-11-29,1.9515,-0.010395537525354936,-0.010449948541911036
1990-11-30,1.9392,-0.006302843966179861,-0.006322790745674341
1990-12-03,1.9195,-0.010158828382838325,-0.010210781434142958
1990-12-04,1.926,0.0033862985152384173,0.003380577917218541
1990-12-05,1.922,-0.0020768431983385627,-0.0020790028278331015
1990-12-06,1.938,0.008324661810613865,0.00829020292047366
1990-12-07,1.95,0.006191950464396356,0.006172859107081016
1990-12-10,1.9425,-0.0038461538461538325,-0.0038535693159899662
1990-12-11,1.939,-0.0018018018018016724,-0.0018034269991505714
1990-12-12,1.944,0.002578648788035043,0.0025753297777325536
1990-12-13,1.9435,-0.0002572016460905546,-0.0002572347281065514
1990-12-14,1.9391,-0.002263956779006926,-0.002266523403705519
1990-12-17,1.9285,-0.005466453509360036,-0.005481449240289856
1990-12-18,1.935,0.0033704952035260582,0.0033648278155996997
1990-12-19,1.931,-0.002067183462532318,-0.0020693230353677574
1990-12-20,1.906,-0.012946659761781554,-0.013031198214367115
1990-12-21,1.885,-0.011017838405036673,-0.01107898433203623
1990-12-24,1.867,-0.009549071618037197,-0.009594956340388585
1990-12-25,1.867,0.0,0.0
1990-12-26,1.885,0.009641135511515797,0.00959495634038852
1990-12-27,1.887,0.001061007957559701,0.0010604454864390973
1990-12-28,1.921,0.018018018018018056,0.01785761740000647
1990-12-31,1.9285,0.0039042165538782925,0.0038966148797259376
1991-01-01,1.9285,0.0,0.0
1991-01-02,1.9425,0.007259528130671322,0.00723330459351984
1991-01-03,1.9465,0.00205920205920207,0.002057084808707924
1991-01-04,1.932,-0.007449267916773694,-0.007477152278047111
1991-01-07,1.905,-0.013975155279503104,-0.014073727211661965
1991-01-08,1.906,0.0005249343832021136,0.0005247966533460965
1991-01-09,1.9258,0.010388247639034676,0.010334660592036199
1991-01-10,1.905,-0.010800706200020715,-0.010859457245382178
1991-01-11,1.907,0.0010498687664042272,0.0010493180396177549
1991-01-14,1.9045,-0.0013109596224436526,-0.0013118196817603575
1991-01-15,1.904,-0.00026253609871362826,-0.0002625705673481647
1991-01-16,1.9047,0.00036764705882363913,0.0003675794932034021
1991-01-17,1.9228,0.009502808841287402,0.009457941175291773
1991-01-18,1.9416,0.00977740794674431,0.009729918392585975
1991-01-21,1.9416,0.0,0.0
1991-01-22,1.9477,0.0031417387721466294,0.003136813823462439
1991-01-23,1.955,0.0037480104738922826,0.0037410041836120275
1991-01-24,1.96,0.002557544757033181,0.0025542798050967007
1991-01-25,1.9575,-0.0012755102040815647,-0.0012763243596046784
1991-01-28,1.9642,0.0034227330779055265,0.003416888858715738
1991-01-29,1.9695,0.0026982995621627204,0.0026946656872867064
1991-01-30,1.961,-0.004315816197004274,-0.004325156214614248
1991-01-31,1.965,0.0020397756246812726,0.002037698107015319
1991-02-01,1.9763,0.005750636132315412,0.005734164343026999
1991-02-04,1.9772,0.0004553964479077077,0.00045529278641551375
1991-02-05,1.983,0.002933441230022371,0.002929147086991864
1991-02-06,1.999,0.008068582955118586,0.008036205980604165
1991-02-07,1.9965,-0.001250625312656406,-0.0012514079971241274
1991-02-08,1.987,-0.004758327072376556,-0.004769683951459062
1991-02-11,1.997,0.0050327126321088045,0.005020090863998465
1991-02-12,1.9915,-0.0027541311967952398,-0.002757930794116346
1991-02-13,1.9918,0.00015064022093902452,0.00015062887584028006
1991-02-14,1.98,-0.0059242895873079515,-0.005941907808958232
1991-02-15,1.9705,-0.004797979797979801,-0.004809527053522546
1991-02-18,1.9705,0.0,0.0
1991-02-19,1.9515,-0.009642222786094834,-0.009689010014388655
1991-02-20,1.947,-0.002305918524212136,-0.002308581248469962
1991-02-21,1.9571,0.005187467899332221,0.005174059338723683
1991-02-22,1.9437,-0.006846865259823254,-0.006870412586902242
1991-02-25,1.923,-0.010649791634511518,-0.010706906535241546
1991-02-26,1.9205,-0.0013000520020800543,-0.0013008978028202136
1991-02-27,1.9155,-0.0026034886748242947,-0.0026068836452558457
1991-02-28,1.91,-0.0028713129731140485,-0.0028754431000280953
1991-03-01,1.898,-0.006282722513089034,-0.006302541870802411
1991-03-04,1.8965,-0.0007903055848260676,-0.0007906180409194815
1991-03-05,1.9017,0.0027418929607170295,0.0027381408292766894
1991-03-06,1.889,-0.006678235263185561,-0.006700634456720836
1991-03-07,1.8865,-0.0013234515616727949,-0.0013243280971443542
1991-03-08,1.8718,-0.007792207792207906,-0.007822725681209156
1991-03-11,1.8505,-0.011379420878298907,-0.011444661896945384
1991-03-12,1.858,0.004052958659821693,0.004044767547573183
1991-03-13,1.856,-0.0010764262648008671,-0.001077006027637949
1991-03-14,1.8555,-0.0002693965517241992,-0.00026943284549366353
1991-03-15,1.8305,-0.0134734572891404,-0.013565047940361391
1991-03-18,1.791,-0.021578803605572294,-0.021815030499579165
1991-03-19,1.765,-0.014517029592406527,-0.014623432693314687
1991-03-20,1.7765,0.006515580736544013,0.006494446093684736
1991-03-21,1.792,0.008725021108922038,0.008687178073794006
1991-03-22,1.7895,-0.0013950892857143016,-0.0013960633287953012
1991-03-25,1.764,-0.014249790444258226,-0.014352293639343938
1991-03-26,1.7533,-0.0060657596371881395,-0.006084231090653881
1991-03-27,1.7395,-0.007870872069811186,-0.007902010884085911
1991-03-28,1.7365,-0.0017246335153779935,-0.0017261224078680233
1991-03-29,1.7485,0.0069104520587388585,0.006886684319301838
1991-04-01,1.7585,0.005719187875321774,0.005702895410606683
1991-04-02,1.7705,0.006823997725334152,0.006800819637921338
1991-04-03,1.777,0.003671279299632735,0.0036645566026927727
1991-04-04,1.788,0.006190208216094506,0.006171127578808083
1991-04-05,1.7705,-0.00978747203579422,-0.009835684181501065
1991-04-08,1.7675,-0.0016944365998304844,-0.0016958737812305307
1991-04-09,1.791,0.013295615275813244,0.013208004289983906
1991-04-10,1.7793,-0.006532663316582865,-0.006554094547921119
1991-04-11,1.79,0.006013600854268386,0.0059955913220099254
1991-04-12,1.7775,-0.006983240223463638,-0.007007737157404689
1991-04-15,1.7875,0.005625879043600568,0.005610112890766783
1991-04-16,1.7885,0.0005594405594404606,0.0005592841309096111
1991-04-17,1.783,-0.0030752026838133384,-0.003079940835932109
1991-04-18,1.771,-0.006730229949523325,-0.006752980080306919
1991-04-19,1.719,-0.02936194240542056,-0.029801632399984176
1991-04-22,1.69,-0.016870273414776094,-0.01701419746573016
1991-04-23,1.712,0.013017751479289963,0.012933748784568277
1991-04-24,1.694,-0.010514018691588745,-0.010569681489687668
1991-04-25,1.6935,-0.0002951593860684998,-0.00029520295417332623
1991-04-26,1.686,-0.004428697962798989,-0.004438533696025685
1991-04-29,1.6765,-0.005634638196915676,-0.005650572655517433
1991-04-30,1.7225,0.0274381151207872,0.027068436981530254
1991-05-01,1.7265,0.002322206095791035,0.002319513942233424
1991-05-02,1.717,-0.0055024616275701765,-0.005517655932571443
1991-05-03,1.695,-0.012813046010483387,-0.012895841082924882
1991-05-06,1.705,0.005899705014749346,0.005882369903066613
1991-05-07,1.7215,0.00967741935483879,0.009630893060961366
1991-05-08,1.7175,-0.0023235550392100013,-0.0023262586820740564
1991-05-09,1.704,-0.007860262008733687,-0.007891316707243428
1991-05-10,1.719,0.008802816901408494,0.008764297993588258
1991-05-13,1.7315,0.007271669575334538,0.007245358459627438
1991-05-14,1.7383,0.003927230724805053,0.003919539285017986
1991-05-15,1.7478,0.0054651095898292645,0.005450230065949372
1991-05-16,1.7455,-0.001315940038906005,-0.0013168066483531472
1991-05-17,1.7135,-0.01833285591521061,-0.01850298523042727
1991-05-20,1.719,0.0032098044937263204,0.0032046640681857625
1991-05-21,1.7365,0.01018033740546831,0.010128866801279468
1991-05-22,1.727,-0.005470774546501467,-0.0054857940374499915
1991-05-23,1.7345,0.004342790966994636,0.004333388263125647
1991-05-24,1.731,-0.0020178725857594726,-0.002019911233595035
1991-05-27,1.731,0.0,0.0
1991-05-28,1.7453,0.00826112073945695,0.00822718445458168
1991-05-29,1.734,-0.006474531599152011,-0.006495582290303786
1991-05-30,1.7155,-0.01066897347174156,-0.010726295041982676
1991-05-31,1.698,-0.010201107548819643,-0.010253495427211838
1991-06-03,1.6969,-0.0006478209658421497,-0.0006480308925122035
1991-06-04,1.703,0.0035947905003241853,0.0035883446839079405
1991-06-05,1.6937,-0.005460951262478031,-0.005475916765612742
1991-06-06,1.6875,-0.003660624667886858,-0.003667341150390683
1991-06-07,1.671,-0.009777777777777774,-0.009825894151291172
1991-06-10,1.6688,-0.0013165769000598182,-0.0013174443488856873
1991-06-11,1.6615,-0.004374400767018227,-0.00438399645185904
1991-06-12,1.6445,-0.010231718326813022,-0.010284422165537209
1991-06-13,1.6377,-0.00413499543934337,-0.004143568173290154
1991-06-14,1.639,0.0007937961775661417,0.0007934812880081157
1991-06-17,1.6252,-0.008419768151311846,-0.008455414630258075
1991-06-18,1.6115,-0.008429731725326128,-0.008465462858079156
1991-06-19,1.6325,0.013031337263419207,0.012947159895093619
1991-06-20,1.6312,-0.0007963246554364423,-0.0007966418903407016
1991-06-21,1.631,-0.0001226091221186998,-0.00012261663923156382
1991-06-24,1.642,0.006744328632740659,0.00672168739135967
1991-06-25,1.6281,-0.008465286236297054,-0.008501320274904552
1991-06-26,1.6395,0.007002026902524383,0.006977626547234078
1991-06-27,1.632,-0.0045745654162855365,-0.0045850607606507075
1991-06-28,1.618,-0.008578431372548878,-0.008615437905615177
1991-07-01,1.614,-0.0024721878862793423,-0.002475248788542877
1991-07-02,1.6015,-0.007744733581164898,-0.007774879780681363
1991-07-03,1.6057,0.0026225413674680897,0.0026191085064262596
1991-07-04,1.6057,0.0,0.0
1991-07-05,1.615,0.005791866475680418,0.005775158101117941
1991-07-08,1.628,0.00804953560371513,0.008017310905728653
1991-07-09,1.622,-0.003685503685503577,-0.003692311887127268
1991-07-10,1.621,-0.0006165228113440557,-0.0006167129396821641
1991-07-11,1.607,-0.00863664404688469,-0.008674155998163567
1991-07-12,1.6505,0.02706907280647175,0.02670918555573518
1991-07-15,1.6515,0.000605877006967459,0.000605693537596515
1991-07-16,1.644,-0.004541326067211693,-0.004551669214719186
1991-07-17,1.6525,0.005170316301703171,0.005156996109716133
1991-07-18,1.666,0.008169440242057346,0.008136251000946507
1991-07-19,1.691,0.015006002400960394,0.014894526171792308
1991-07-22,1.681,-0.005913660555884048,-0.005931215489964646
1991-07-23,1.6835,0.001487209994051053,0.0014861051925134615
1991-07-24,1.6938,0.0061182061182061265,0.006099565886369475
1991-07-25,1.675,-0.011099303341598699,-0.01116136022833176
1991-07-26,1.6875,0.00746268656716409,0.0074349784875179905
1991-07-29,1.6743,-0.007822222222222286,-0.007852976284187374
1991-07-30,1.6798,0.003284954906528137,0.003279571229029201
1991-07-31,1.6845,0.0027979521371592764,0.0027940451550809084
1991-08-01,1.6735,-0.006530127634312932,-0.0065515421952263425
1991-08-02,1.6945,0.012548550941141157,0.012470470395724565
1991-08-05,1.7095,0.008852168781351422,0.008813218032249942
1991-08-06,1.712,0.00146241591108498,0.0014613476223313009
1991-08-07,1.7128,0.00046728971962628485,0.0004671805737857464
1991-08-08,1.7,-0.007473143390938852,-0.007501207231165631
1991-08-09,1.695,-0.002941176470588225,-0.002945510229756803
1991-08-12,1.6983,0.0019469026548670776,0.0019450098961731016
1991-08-13,1.6935,-0.002826355767532207,-0.0028303574528974846
1991-08-14,1.6875,-0.003542958370239102,-0.003549249511141463
1991-08-15,1.688,0.000296296296296239,0.00029625240921747815
1991-08-16,1.662,-0.0154028436018957,-0.015522699740508888
1991-08-19,1.63,-0.019253910950661868,-0.019441681614585496
1991-08-20,1.6377,0.004723926380368226,0.004712803655013722
1991-08-21,1.6765,0.023691762838126795,0.02341546845046177
1991-08-22,1.697,0.012227855651655295,0.012153699327943145
1991-08-23,1.6715,-0.015026517383618154,-0.01514055937407302
1991-08-26,1.6795,0.004786120251271342,0.004774703192194164
1991-08-27,1.68,0.00029770765108660946,0.0002976633449571494
1991-08-28,1.69,0.005952380952380931,0.0059347355198145265
1991-08-29,1.6805,-0.005621301775147858,-0.005637160751958732
1991-08-30,1.68,-0.0002975304968759751,-0.0002975747678557896
1991-09-02,1.68,0.0,0.0
1991-09-03,1.691,0.006547619047619024,0.006526276501275666
1991-09-04,1.6935,0.0014784151389710676,0.0014773233592461454
1991-09-05,1.692,-0.0008857395925597755,-0.0008861320916577988
1991-09-06,1.6975,0.003250591016548565,0.0032453192666827054
1991-09-09,1.73,0.019145802650957222,0.01896482805897337
1991-09-10,1.7295,-0.00028901734104047616,-0.00028905911460123674
1991-09-11,1.7252,-0.002486267707429879,-0.002489363603535324
1991-09-12,1.7335,0.0048110364015765406,0.004799500351389966
1991-09-13,1.7325,-0.0005768676088838687,-0.0005770340610199337
1991-09-16,1.739,0.0037518037518038394,0.0037447832902248214
1991-09-17,1.742,0.0017251293847038163,0.0017236430581650374
1991-09-18,1.7307,-0.006486796785304283,-0.006507927481494711
1991-09-19,1.7275,-0.0018489628474026576,-0.0018506742891283405
1991-09-20,1.7285,0.0005788712011576269,0.0005787037198541474
1991-09-23,1.744,0.008967312698871854,0.008927345107245714
1991-09-24,1.738,-0.0034403669724770714,-0.0034462986435875977
1991-09-25,1.7333,-0.002704257767548901,-0.002707920878072693
1991-09-26,1.7325,-0.00046154733744885323,-0.00046165388320640804
1991-09-27,1.737,0.0025974025974027093,0.002594035177046749
1991-09-30,1.752,0.008635578583765069,0.00859850525523177
1991-10-01,1.7485,-0.001997716894977186,-0.001999714992906233
1991-10-02,1.751,0.001429796968830388,0.00142877578242128
1991-10-03,1.75,-0.0005711022272986144,-0.0005712653682920406
1991-10-04,1.739,-0.006285714285714228,-0.006305552563276649
1991-10-07,1.7352,-0.002185163887291508,-0.0021875548416183696
1991-10-08,1.714,-0.012217611802674111,-0.012292860354939593
1991-10-09,1.7165,0.0014585764294048342,0.0014575137400215808
1991-10-10,1.7145,-0.0011651616661811914,-0.0011658409947717173
1991-10-11,1.719,0.002624671916010568,0.002621233479874287
1991-10-14,1.719,0.0,0.0
1991-10-15,1.702,-0.009889470622455043,-0.00993869624952994
1991-10-16,1.7105,0.004994124559341895,0.004981695284339869
1991-10-17,1.7096,-0.0005261619409528961,-0.0005263004127214632
1991-10-18,1.725,0.009007955077211083,0.008967625460522306
1991-10-21,1.7185,-0.003768115942029082,-0.003775233175571654
1991-10-22,1.7145,-0.002327611288914788,-0.0023303243869135736
1991-10-23,1.7065,-0.004666083406240862,-0.004677003556213281
1991-10-24,1.711,0.0026369762672135977,0.0026335055454317488
1991-10-25,1.711,0.0,0.0
1991-10-28,1.7047,-0.0036820572764465487,-0.0036888527353143067
1991-10-29,1.723,0.010735026690913418,0.010677815371050484
1991-10-30,1.7425,0.011317469529889657,0.011253906106749258
1991-10-31,1.7425,0.0,0.0
1991-11-01,1.7498,0.004189383070301256,0.004180632037485182
1991-11-04,1.781,0.017830609212481363,0.017673508617497422
1991-11-05,1.7697,-0.006344750140370503,-0.006364963612522295
1991-11-06,1.7705,0.00045205402045533916,0.0004519518748190386
1991-11-07,1.7797,0.005196272239480493,0.005182818203981637
1991-11-08,1.768,-0.006574141709276837,-0.006595846558351189
1991-11-11,1.768,0.0,0.0
1991-11-12,1.7725,0.0025452488687782715,0.002542015208693811
1991-11-13,1.7707,-0.001015514809590945,-0.0010160307941113871
1991-11-14,1.775,0.0024284181397187243,0.0024254742973449906
1991-11-15,1.769,-0.0033802816901408184,-0.003386007749730868
1991-11-18,1.791,0.01243640474844554,0.012359707900926591
1991-11-19,1.7955,0.002512562814070529,0.0025094116054259286
1991-11-20,1.796,0.0002784739626844335,0.0002784351960073267
1991-11-21,1.7975,0.0008351893095768226,0.0008348407330568268
1991-11-22,1.7975,0.0,0.0
1991-11-25,1.7985,0.0005563282336578101,0.0005561735404768247
1991-11-26,1.7978,-0.00038921323324991874,-0.00038928899637970005
1991-11-27,1.767,-0.017132050283680145,-0.01728050181960261
1991-11-28,1.767,0.0,0.0
1991-11-29,1.7655,-0.000848896434634927,-0.0008492569512552504
1991-12-02,1.776,0.005947323704333041,0.005929708183674265
1991-12-03,1.7715,-0.0025337837837837718,-0.0025369992465886742
1991-12-04,1.7725,0.0005644933672028785,0.0005643341007558205
1991-12-05,1.7915,0.010719322990127012,0.01066227833872601
1991-12-06,1.81,0.010326542003907369,0.010273587514862957
1991-12-09,1.806,-0.0022099447513812542,-0.00221239028294074
1991-12-10,1.808,0.001107419712070845,0.0011068069751910472
1991-12-11,1.8085,0.00027654867256643456,0.0002765104400308943
1991-12-12,1.8075,-0.0005529444290848229,-0.0005530973592328315
1991-12-13,1.8185,0.006085753803596106,0.006067310394123952
1991-12-16,1.821,0.0013747594171020783,0.0013738153005642992
1991-12-17,1.822,0.0005491488193301031,0.0005489980922957414
1991-12-18,1.8252,0.0017563117453347488,0.0017547712333438026
1991-12-19,1.8325,0.003999561691869324,0.003991584707559017
1991-12-20,1.86,0.01500682128240105,0.014895332946440333
1991-12-23,1.8765,0.00887096774193541,0.008831851867828517
1991-12-24,1.8705,-0.003197442046362964,-0.0032025647868747435
1991-12-25,1.8705,0.0,0.0
1991-12-26,1.884,0.007217321571772128,0.007191401348107411
1991-12-27,1.8768,-0.003821656050955302,-0.0038289772370972393
1991-12-30,1.8665,-0.00548806479113384,-0.005503179544572479
1991-12-31,1.866,-0.0002678810608089943,-0.0002679169473493905
1992-01-01,1.866,0.0,0.0
1992-01-02,1.868,0.001071811361200492,0.0010712373814988586
1992-01-03,1.845,-0.012312633832976538,-0.012389062314160463
1992-01-06,1.877,0.017344173441734334,0.017195480111881177
1992-01-07,1.871,-0.003196590303676028,-0.003201710312419152
1992-01-08,1.871,0.0,0.0
1992-01-09,1.831,-0.02137894174238375,-0.021610781599578903
1992-01-10,1.792,-0.021299836155106444,-0.021529951139634875
1992-01-13,1.8015,0.005301339285714413,0.005287336653272269
1992-01-14,1.789,-0.006938662225922987,-0.006962846679428909
1992-01-15,1.753,-0.02012297372833982,-0.020328198587484626
1992-01-16,1.7605,0.00427837992013691,0.004269253673872706
1992-01-17,1.777,0.009372337404146558,0.00932868955954414
1992-01-20,1.777,0.0,0.0
1992-01-21,1.807,0.01688238604389425,0.016741462437577206
1992-01-22,1.8065,-0.0002767017155506091,-0.00027674000453355114
1992-01-23,1.7951,-0.006310545253252142,-0.006330540910670467
1992-01-24,1.8055,0.005793549105899576,0.005776831040488176
1992-01-27,1.776,-0.01633896427582393,-0.016473917165397124
1992-01-28,1.7945,0.01041666666666674,0.010362787035546658
1992-01-29,1.806,0.006408470325996118,0.006388023389268791
1992-01-30,1.773,-0.0182724252491695,-0.018441427902722907
1992-01-31,1.789,0.009024252679074918,0.008983777434511175
1992-02-03,1.7995,0.005869200670765906,0.005852044010366345
1992-02-04,1.8015,0.0011114198388442187,0.0011108026690626281
1992-02-05,1.8062,0.0026089369969468645,0.002605539628550344
1992-02-06,1.8205,0.007917174177831887,0.007885997798789719
1992-02-07,1.8375,0.009338093930238989,0.00929476347150365
1992-02-10,1.8255,-0.0065306122448979265,-0.006552029991300154
1992-02-11,1.8013,-0.013256642015886055,-0.013345295666178824
1992-02-12,1.787,-0.007938710930994297,-0.007970390270084702
1992-02-13,1.7725,-0.008114157806379363,-0.008147256753145432
1992-02-14,1.7685,-0.0022566995768688036,-0.0022592497607472296
1992-02-17,1.7685,0.0,0.0
1992-02-18,1.751,-0.00989539157478092,-0.00994467635968349
1992-02-19,1.752,0.0005711022272987254,0.0005709392104849367
1992-02-20,1.75,-0.0011415525114155667,-0.001142204578777052
1992-02-21,1.7465,-0.0020000000000000018,-0.0020020026706730793
1992-02-24,1.748,0.0008588605782995362,0.0008584919685941888
1992-02-25,1.756,0.004576659038901587,0.004566217979581184
1992-02-26,1.7455,-0.005979498861047761,-0.005997447649971169
1992-02-27,1.754,0.004869664852477751,0.004857846387037576
1992-02-28,1.756,0.0011402508551880963,0.0011396012629335743
1992-03-02,1.7543,-0.0009681093394077189,-0.0009685782599228919
1992-03-03,1.739,-0.00872142734994008,-0.008759681580855952
1992-03-04,1.723,-0.009200690051753835,-0.009243277826353362
1992-03-05,1.716,-0.004062681369704113,-0.00407095648002214
1992-03-06,1.718,0.0011655011655011815,0.0011648224962931065
1992-03-09,1.7225,0.0026193247962746913,0.002615900343612908
1992-03-10,1.714,-0.004934687953555894,-0.004946903730088553
1992-03-11,1.7253,0.006592765460910144,0.006571128230093088
1992-03-12,1.707,-0.010606850982437854,-0.0106635045933776
1992-03-13,1.7115,0.002636203866432263,0.0026327351757993345
1992-03-16,1.715,0.002044989775051187,0.002042901629800331
1992-03-17,1.731,0.00932944606413999,0.00928619557616901
1992-03-18,1.733,0.0011554015020218689,0.0011547345393967433
1992-03-19,1.711,-0.012694748990190408,-0.012776015823412588
1992-03-20,1.706,-0.0029222676797194813,-0.0029265458405690697
1992-03-23,1.715,0.005275498241500642,0.005261631548415919
1992-03-24,1.72,0.002915451895043608,0.002911210207458313
1992-03-25,1.732,0.006976744186046435,0.006952519314881663
1992-03-26,1.722,-0.005773672055427226,-0.00579040413470433
1992-03-27,1.7395,0.010162601626016343,0.010111309604320695
1992-03-30,1.733,-0.0037367059499856525,-0.0037437048763906667
1992-03-31,1.7363,0.0019042123485284446,0.001902401634485936
1992-04-01,1.7265,-0.005644185912572763,-0.00566017452004516
1992-04-02,1.7295,0.0017376194613381024,0.0017361115471765172
1992-04-03,1.743,0.007805724197744945,0.007775417142797445
1992-04-06,1.75,0.004016064257028162,0.004008021397538868
1992-04-07,1.7495,-0.0002857142857142225,-0.0002857551098169579
1992-04-08,1.7485,-0.0005715918833952838,-0.0005717553043122124
1992-04-09,1.764,0.008864741206748628,0.008825680063306064
1992-04-10,1.7652,0.0006802721088436936,0.0006800408286556885
1992-04-13,1.762,-0.001812825742125601,-0.0018144708992673896
1992-04-14,1.771,0.005107832009080493,0.005094831286708626
1992-04-15,1.756,-0.008469791078486666,-0.008505863587771506
1992-04-16,1.7477,-0.004726651480637778,-0.004737857422746483
1992-04-17,1.745,-0.00154488756651594,-0.0015460821357878606
1992-04-20,1.7425,-0.0014326647564470996,-0.0014336920018486968
1992-04-21,1.747,0.00258249641319952,0.002579167499377709
1992-04-22,1.7625,0.008872352604464728,0.008833224552367085
1992-04-23,1.764,0.0008510638297871687,0.0008507018803128285
1992-04-24,1.772,0.0045351473922903285,0.004524894598289724
1992-04-27,1.78,0.004514672686230181,0.004504512121104508
1992-04-28,1.775,-0.002808988764045006,-0.0028129413766147236
1992-04-29,1.7698,-0.002929577464788613,-0.002933877076266243
1992-04-30,1.775,0.0029381851056615726,0.0029338770762662785
1992-05-01,1.786,0.00619718309859163,0.006178059526928265
1992-05-04,1.783,-0.0016797312430011369,-0.001681143573303965
1992-05-05,1.7815,-0.0008412787436903324,-0.0008416328172495926
1992-05-06,1.7945,0.0072972214426045845,0.007270725541771256
1992-05-07,1.7965,0.0011145165784340882,0.0011138959659114476
1992-05-08,1.7875,-0.00500974116337316,-0.005022331985410635
1992-05-11,1.7927,0.00290909090909075,0.0029048676926299857
1992-05-12,1.813,0.011323701679031517,0.01126006849405808
1992-05-13,1.813,0.0,0.0
1992-05-14,1.822,0.004964147821290732,0.004951867065052629
1992-05-15,1.8185,-0.0019209659714599647,-0.0019228133928599358
1992-05-18,1.8355,0.009348364036293688,0.009304938509845297
1992-05-19,1.8395,0.002179242713157281,0.002176871607940171
1992-05-20,1.8308,-0.004729546072302249,-0.0047407657653420225
1992-05-21,1.817,-0.007537688442211032,-0.007566240383315813
1992-05-22,1.8142,-0.0015410016510731817,-0.001542190215327405
1992-05-25,1.8142,0.0,0.0
1992-05-26,1.828,0.007606658582295145,0.007577873833251473
1992-05-27,1.801,-0.014770240700218928,-0.014880406838139352
1992-05-28,1.8065,0.0030538589672404193,0.0030492054117388337
1992-05-29,1.829,0.012455023526155573,0.012378097803170805
1992-06-01,1.8227,-0.0034445051940951155,-0.003450451159977906
1992-06-02,1.8245,0.0009875459483184024,0.0009870586456145346
1992-06-03,1.8178,-0.003672238969580688,-0.0036789981918322985
1992-06-04,1.825,0.003960831774672657,0.003953008331921839
1992-06-05,1.836,0.0060273972602740145,0.006009305163843936
1992-06-08,1.834,-0.0010893246187363426,-0.0010899183640255736
1992-06-09,1.8325,-0.0008178844056706547,-0.0008182190556035907
1992-06-10,1.833,0.00027285129604370795,0.0002728140788985085
1992-06-11,1.846,0.007092198581560405,0.007067167223092573
1992-06-12,1.8515,0.0029794149512458734,0.0029749852908698467
1992-06-15,1.856,0.002430461787739757,0.002427512992478593
1992-06-16,1.86,0.0021551724137931494,0.0021528533611010927
1992-06-17,1.853,-0.0037634408602150726,-0.003770540421887169
1992-06-18,1.8655,0.00674581759309234,0.0067231663758528125
1992-06-19,1.8595,-0.0032162958992226764,-0.003221479296087749
1992-06-22,1.8615,0.0010755579456842579,0.0010749799476467913
1992-06-23,1.8635,0.0010744023636852784,0.0010738256065415915
1992-06-24,1.877,0.007244432519452726,0.007218317667195797
1992-06-25,1.891,0.0074587107085775095,0.007431032071948668
1992-06-26,1.891,0.0,0.0
1992-06-29,1.907,0.008461131676361644,0.008425536941961503
1992-06-30,1.9035,-0.0018353434714211136,-0.0018370297778670568
1992-07-01,1.911,0.003940110323089163,0.003932368417721111
1992-07-02,1.918,0.00366300366300365,0.003656311203110479
1992-07-03,1.9085,-0.004953076120959299,-0.0049653832580990685
1992-07-06,1.9102,0.0008907518993972463,0.0008903554153525817
1992-07-07,1.9248,0.007643178724740851,0.007614117619777223
1992-07-08,1.9195,-0.0027535328345802412,-0.0027573307795620582
1992-07-09,1.896,-0.012242771555092458,-0.012318331625885269
1992-07-10,1.921,0.013185654008438963,0.013099479953589677
1992-07-13,1.929,0.004164497657470179,0.004155850137172541
1992-07-14,1.913,-0.00829445308449972,-0.008329043465476181
1992-07-15,1.9257,0.006638787245164535,0.006616847545589159
1992-07-16,1.9355,0.0050890585241729624,0.005076153031860568
1992-07-17,1.9495,0.00723327305605781,0.007207238404949167
1992-07-20,1.918,-0.016157989228007263,-0.016289952979268572
1992-07-21,1.9095,-0.004431699687174162,-0.00444154877781265
1992-07-22,1.9035,-0.00314218381775333,-0.00314713084301885
1992-07-23,1.913,0.004990806409246096,0.004978393617700803
1992-07-24,1.8985,-0.007579717720857304,-0.007608589768395872
1992-07-27,1.916,0.009217803529101953,0.009175578858948869
1992-07-28,1.929,0.006784968684760084,0.006762054374923392
1992-07-29,1.9175,-0.00596163815448425,-0.005979479664317888
1992-07-30,1.9195,0.0010430247718382635,0.0010424811994410783
1992-07-31,1.92,0.0002604845011722201,0.0002604505809748739
1992-08-03,1.9237,0.001927083333333357,0.0019252288903085107
1992-08-04,1.9215,-0.0011436294640536637,-0.0011442839072371089
1992-08-05,1.913,-0.0044236273744470145,-0.004433440564645719
1992-08-06,1.907,-0.003136434918975417,-0.003141363839833795
1992-08-07,1.929,0.011536444677503921,0.011470407305310001
1992-08-10,1.927,-0.0010368066355624928,-0.001037344491362713
1992-08-11,1.9215,-0.00285417747794503,-0.0028582584094678015
1992-08-12,1.928,0.003382773874577083,0.0033770651655922264
1992-08-13,1.931,0.001556016597510368,0.0015548072580235126
1992-08-14,1.916,-0.007767995857068888,-0.0077983238977085995
1992-08-17,1.9257,0.005062630480167085,0.005049858455036378
1992-08-18,1.9295,0.0019733084073323415,0.0019713639918312272
1992-08-19,1.935,0.0028504793988080035,0.002846424486208757
1992-08-20,1.939,0.002067183462532318,0.0020650497787696427
1992-08-21,1.9475,0.004383702939659617,0.004374122502251523
1992-08-24,1.9945,0.024133504492939606,0.023846893600557927
1992-08-25,1.988,-0.0032589621459011564,-0.003264284128941898
1992-08-26,1.9865,-0.0007545271629778583,-0.0007548119618657033
1992-08-27,1.9762,-0.005184998741505131,-0.00519848749379118
1992-08-28,1.9825,0.003187936443679762,0.0031828657481405976
1992-08-31,1.9893,0.0034300126103405937,0.003424143533928695
1992-09-01,1.996,0.0033680189011209283,0.003362359828477585
1992-09-02,2.0035,0.0037575150300599436,0.003750473204789786
1992-09-03,1.983,-0.01023209383578727,-0.010284801556403166
1992-09-04,1.9945,0.005799293998991262,0.005782542825665174
1992-09-07,1.9945,0.0,0.0
1992-09-08,2.003,0.0042617197292555975,0.004252664320357082
1992-09-09,1.975,-0.013979031452820756,-0.014077658330595997
1992-09-10,1.976,0.0005063291139240089,0.0005062009725908393
1992-09-11,1.9235,-0.026568825910931126,-0.026928156115463262
1992-09-14,1.8915,-0.01663634000519887,-0.016776278119265884
1992-09-15,1.8715,-0.010573618821041464,-0.010629916728600244
1992-09-16,1.811,-0.03232701041944963,-0.032861069461070265
1992-09-17,1.7815,-0.016289342904472592,-0.016423472837522567
1992-09-18,1.737,-0.02497895032276176,-0.025296218804785848
1992-09-21,1.7125,-0.014104778353483116,-0.01420519610472468
1992-09-22,1.7082,-0.0025109489051095,-0.002514106624333493
1992-09-23,1.7085,0.000175623463294583,0.00017560804329953543
1992-09-24,1.709,0.0002926543751831101,0.0002926115602445689
1992-09-25,1.714,0.0029256875365710755,0.0029214160421341903
1992-09-28,1.7295,0.00904317386231046,0.009002529219498383
1992-09-29,1.769,0.022838970800809433,0.02258206578256182
1992-09-30,1.779,0.005652911249293346,0.005636993506049829
1992-10-01,1.734,-0.025295109612141653,-0.025620530325347984
1992-10-02,1.706,-0.016147635524798143,-0.016279429288862723
1992-10-05,1.701,-0.0029308323563891348,-0.0029351356557625855
1992-10-06,1.7125,0.006760728982951214,0.006737977740518602
1992-10-07,1.7175,0.0029197080291971655,0.002915453960124135
1992-10-08,1.6895,-0.0163027656477438,-0.016437117942159754
1992-10-09,1.6975,0.004735128736312433,0.00472395327850647
1992-10-12,1.6975,0.0,0.0
1992-10-13,1.714,0.009720176730485974,0.009673239724873873
1992-10-14,1.7098,-0.002450408401400206,-0.0024534155655917514
1992-10-15,1.7,-0.005731664522166335,-0.005748153547825871
1992-10-16,1.6555,-0.026176470588235246,-0.026525173057006437
1992-10-19,1.63,-0.015403201449713078,-0.015523063186492944
1992-10-20,1.6235,-0.00398773006134967,-0.003995702257907351
1992-10-21,1.6135,-0.006159531875577495,-0.006178580050884169
1992-10-22,1.6195,0.003718624109079638,0.003711727119367472
1992-10-23,1.613,-0.004013584439641837,-0.0040216604861751
1992-10-26,1.5865,-0.016429014259144448,-0.0165654671019586
1992-10-27,1.5775,-0.0056728647967224655,-0.005689016607882157
1992-10-28,1.578,0.000316957210776625,0.0003169069904514092
1992-10-29,1.57,-0.005069708491761693,-0.005082603063465779
1992-10-30,1.5625,-0.004777070063694322,-0.004788516731797233
1992-11-02,1.533,-0.018880000000000008,-0.019060502738742446
1992-11-03,1.5479,0.00971950424005219,0.00967257370801769
1992-11-04,1.5535,0.003617804767749977,0.0036112762532704043
1992-11-05,1.538,-0.00997747022851625,-0.010027578767512806
1992-11-06,1.5365,-0.0009752925877763996,-0.000975768495050005
1992-11-09,1.52,-0.010738691832085867,-0.010796767730217231
1992-11-10,1.513,-0.004605263157894779,-0.004615900051966196
1992-11-11,1.513,0.0,0.0
1992-11-12,1.523,0.006609385327164485,0.006587639106805805
1992-11-13,1.549,0.01707156927117537,0.016927487521706877
1992-11-16,1.518,-0.020012911555842394,-0.02021588246129331
1992-11-17,1.519,0.0006587615283266679,0.0006585446401975427
1992-11-18,1.5205,0.0009874917709018494,0.0009870045216464208
1992-11-19,1.532,0.007563301545544299,0.007534843183117342
1992-11-20,1.521,-0.007180156657963566,-0.007206058041243874
1992-11-23,1.5175,-0.002301117685732934,-0.002303769325639391
1992-11-24,1.519,0.0009884678747940079,0.0009879796621194675
1992-11-25,1.525,0.0039499670836076195,0.003942186445739125
1992-11-26,1.525,0.0,0.0
1992-11-27,1.5095,-0.010163934426229426,-0.010215939894618423
1992-11-30,1.5135,0.0026498840675719393,0.0026463793148797416
1992-12-01,1.535,0.014205483977535405,0.014105531559524083
1992-12-02,1.548,0.00846905537459297,0.008433394128375033
1992-12-03,1.565,0.010981912144702788,0.010922048824581112
1992-12-04,1.557,-0.005111821086261958,-0.005124931140255239
1992-12-07,1.586,0.01862556197816323,0.01845423036079506
1992-12-08,1.5975,0.007250945775535866,0.007224784056896503
1992-12-09,1.5695,-0.017527386541471013,-0.01768280996968159
1992-12-10,1.557,-0.00796431984708501,-0.007996204448009865
1992-12-11,1.5578,0.0005138086062941305,0.0005136766518497975
1992-12-14,1.565,0.0046219026832712284,0.004611254488405388
1992-12-15,1.5665,0.000958466453674145,0.0009580074179928544
1992-12-16,1.5772,0.006830513884455769,0.0068072916112256665
1992-12-17,1.574,-0.0020289119959421287,-0.002030973026123529
1992-12-18,1.566,-0.0050825921219822545,-0.00509555242660017
1992-12-21,1.564,-0.0012771392081737387,-0.0012779554454920687
1992-12-22,1.5385,-0.01630434782608703,-0.016438726343159946
1992-12-23,1.526,-0.008124796880077945,-0.00815798291769415
1992-12-24,1.523,-0.001965923984272644,-0.00196785894924054
1992-12-25,1.523,0.0,0.0
1992-12-28,1.5115,-0.0075508864084044,-0.007579538675649003
1992-12-29,1.5125,0.0006615944426067166,0.0006613756854838194
1992-12-30,1.512,-0.00033057851239670644,-0.0003306331655182326
1992-12-31,1.513,0.000661375661375585,0.0006611570488775347
1993-01-01,1.513,0.0,0.0
1993-01-04,1.501,-0.007931262392597449,-0.007962882154893925
1993-01-05,1.545,0.02931379080612917,0.028892357698383806
1993-01-06,1.5413,-0.0023948220064725634,-0.0023976941791718012
1993-01-07,1.536,-0.0034386556802697976,-0.0034445814450565263
1993-01-08,1.54,0.0026041666666667407,0.0026007817000574403
1993-01-11,1.5535,0.008766233766233755,0.00872803342542724
1993-01-12,1.54,-0.008690054715159379,-0.008728033425427313
1993-01-13,1.54,0.0,0.0
1993-01-14,1.539,-0.0006493506493506773,-0.000649561568795645
1993-01-15,1.53,-0.005847953216374213,-0.005865119452398022
1993-01-18,1.53,0.0,0.0
1993-01-19,1.548,0.0117647058823529,0.011696039763191236
1993-01-20,1.5416,-0.004134366925064525,-0.0041429370495157155
1993-01-21,1.5175,-0.015633108458744216,-0.015756594166503362
1993-01-22,1.532,0.009555189456342594,0.009509827366883208
1993-01-25,1.5585,0.01729765013054818,0.017149748906855045
1993-01-26,1.5385,-0.012832852101379522,-0.012915904445295247
1993-01-27,1.5145,-0.015599610009749743,-0.015722564294804512
1993-01-28,1.5165,0.001320567844173004,0.0013196966613438156
1993-01-29,1.4855,-0.020441806791955064,-0.020653632225973367
1993-02-01,1.454,-0.021204981487714658,-0.021433036809197743
1993-02-02,1.446,-0.005502063273727598,-0.005517255374754629
1993-02-03,1.4345,-0.007952973720608436,-0.007984767297290377
1993-02-04,1.4452,0.007459044963401773,0.007431363852065572
1993-02-05,1.4475,0.0015914752283421318,0.0015902101736651832
1993-02-08,1.4395,-0.005526770293609706,-0.005542099394919781
1993-02-09,1.431,-0.00590482806530046,-0.005922330495779663
1993-02-10,1.4255,-0.0038434661076170995,-0.0038508712037242736
1993-02-11,1.418,-0.005261311820413894,-0.005275201260653879
1993-02-12,1.4175,-0.0003526093088856985,-0.00035267149016561663
1993-02-15,1.4175,0.0,0.0
1993-02-16,1.4475,0.021164021164021163,0.020943173845243173
1993-02-17,1.4439,-0.002487046632124401,-0.002490144469976982
1993-02-18,1.446,0.001454394348639143,0.0014533377415366616
1993-02-19,1.4525,0.004495159059474396,0.0044850860073562815
1993-02-22,1.4544,0.0013080895008605875,0.0013072346971480958
1993-02-23,1.4585,0.0028190319031902167,0.00281506588456162
1993-02-24,1.4375,-0.014398354473774355,-0.014503016636270533
1993-02-25,1.43,-0.00521739130434784,-0.005231049417552556
1993-02-26,1.4215,-0.005944055944055893,-0.005961792162898439
1993-03-01,1.4363,0.010411537108687918,0.01035771034672249
1993-03-02,1.4475,0.0077978138271950215,0.007767568009373403
1993-03-03,1.449,0.0010362694300518616,0.0010357328735321183
1993-03-04,1.4535,0.0031055900621117516,0.0031007776782481854
1993-03-05,1.447,-0.004471964224286196,-0.004481993367446742
1993-03-08,1.4455,-0.0010366275051831852,-0.0010371651750831577
1993-03-09,1.4345,-0.007609823590453035,-0.007638926034981176
1993-03-10,1.432,-0.0017427675148136146,-0.0017442879008286458
1993-03-11,1.4349,0.002025139664804554,0.002023091833770059
1993-03-12,1.433,-0.0013241340859990736,-0.001325011526189098
1993-03-15,1.434,0.0006978367062107083,0.0006975933313937793
1993-03-16,1.4445,0.007322175732217495,0.007295498746724193
1993-03-17,1.451,0.004499826929733608,0.004489732977898044
1993-03-18,1.4755,0.01688490696071665,0.01674394149880616
1993-03-19,1.4892,0.009284988139613759,0.009242147615567802
1993-03-22,1.4876,-0.0010744023636852784,-0.0010749799476469355
1993-03-23,1.4832,-0.0029577843506318757,-0.0029621672393242565
1993-03-24,1.482,-0.0008090614886732128,-0.000809388955558584
1993-03-25,1.4743,-0.005195681511470984,-0.005209226000258149
1993-03-26,1.4905,0.010988265617581261,0.010928333262352125
1993-03-29,1.4904,-6.709158000672844e-05,-6.70938307474534e-05
1993-03-30,1.495,0.0030864197530864335,0.0030816665374081144
1993-03-31,1.509,0.009364548494983138,0.009320972943061959
1993-04-01,1.526,0.011265738899933764,0.01120275307655345
1993-04-02,1.513,-0.008519003931848013,-0.00855549805604644
1993-04-05,1.52,0.004626569729015317,0.004615900051966269
1993-04-06,1.5127,-0.004802631578947447,-0.004814201272168556
1993-04-07,1.5138,0.0007271765716929668,0.0007269123069134346
1993-04-08,1.5253,0.0075967763244815245,0.00756806613082052
1993-04-09,1.5282,0.0019012653248540179,0.0018994602075787187
1993-04-12,1.5478,0.012825546394451104,0.012743995622892537
1993-04-13,1.5585,0.006913037860188709,0.006889252371033081
1993-04-14,1.552,-0.0041706769329483695,-0.004179398464227737
1993-04-15,1.543,-0.005798969072165039,-0.005815848380003311
1993-04-16,1.5255,-0.011341542449773034,-0.01140634820643637
1993-04-19,1.5379,0.008128482464765607,0.008095624289153452
1993-04-20,1.5424,0.0029260680148253115,0.002921795410403239
1993-04-21,1.5363,-0.003954875518672241,-0.003962716719666899
1993-04-22,1.548,0.007615700058582364,0.00758684701305817
1993-04-23,1.5755,0.01776485788113691,0.01760890704765683
1993-04-26,1.59,0.0092034274833388,0.009161334016948089
1993-04-27,1.5775,-0.007861635220125951,-0.007892700798909153
1993-04-28,1.571,-0.0041204437400950145,-0.004128956159746992
1993-04-29,1.5705,-0.0003182686187142014,-0.0003183192769199271
1993-04-30,1.5695,-0.0006367398917542788,-0.0006369426966930539
1993-05-03,1.561,-0.0054157374960177584,-0.005430455766576098
1993-05-04,1.5703,0.005957719410634166,0.005940042375476003
1993-05-05,1.566,-0.0027383302553651845,-0.0027420863401596664
1993-05-06,1.57,0.0025542784163474774,0.002551021791605426
1993-05-07,1.5715,0.0009554140127387978,0.0009549578952684918
1993-05-10,1.535,-0.023226216990136828,-0.023500196216324775
1993-05-11,1.542,0.004560260586319309,0.004549894101977361
1993-05-12,1.534,-0.005188067444876765,-0.005201572196073284
1993-05-13,1.5255,-0.005541069100391094,-0.005556477770477122
1993-05-14,1.5385,0.008521796132415549,0.008485690605372131
1993-05-17,1.5322,-0.004094897627559324,-0.004103304679375985
1993-05-18,1.5314,-0.000522125048949218,-0.0005222614036974736
1993-05-19,1.5408,0.006138174219668224,0.00611941236483799
1993-05-20,1.5563,0.01005970924195232,0.010009447167103292
1993-05-21,1.5415,-0.009509734626999888,-0.00955524088475922
1993-05-24,1.535,-0.004216672072656635,-0.004225587304907653
1993-05-25,1.542,0.004560260586319309,0.004549894101977361
1993-05-26,1.546,0.0025940337224383825,0.0025906750240924626
1993-05-27,1.5545,0.00549805950840887,0.005483000351441304
1993-05-28,1.5605,0.0038597619813445228,0.003852332212025657
1993-05-31,1.5605,0.0,0.0
1993-06-01,1.551,-0.006087792374239065,-0.006106398534295337
1993-06-02,1.541,-0.006447453255963853,-0.00646832785642303
1993-06-03,1.5393,-0.001103179753406902,-0.0011037887040869691
1993-06-04,1.517,-0.014487104528032257,-0.014593067267496592
1993-06-07,1.5225,0.003625576796308483,0.00361902023551982
1993-06-08,1.5175,-0.003284072249589376,-0.003289476650398646
1993-06-09,1.515,-0.0016474464579901982,-0.0016488049901838935
1993-06-10,1.519,0.0026402640264027166,0.0026367846523034154
1993-06-11,1.5245,0.0036208031599738177,0.003614263832536766
1993-06-14,1.527,0.0016398819285010635,0.001638538790322878
1993-06-15,1.522,-0.0032743942370661028,-0.0032797667970012483
1993-06-16,1.5035,-0.01215505913272008,-0.012229535993047363
1993-06-17,1.5145,0.0073162620552045254,0.007289628038708236
1993-06-18,1.496,-0.01221525255860012,-0.01229047193286936
1993-06-21,1.488,-0.005347593582887722,-0.005361943141385399
1993-06-22,1.4772,-0.007258064516128981,-0.007284532414628987
1993-06-23,1.4717,-0.0037232602220417244,-0.0037302088083409814
1993-06-24,1.4675,-0.0028538424950736996,-0.002857922467815641
1993-06-25,1.4778,0.007018739352640635,0.0069942226522958055
1993-06-28,1.493,0.010285559615645035,0.010233023184643312
1993-06-29,1.503,0.006697923643670389,0.006675592213784032
1993-06-30,1.493,-0.006653359946772963,-0.006675592213783946
1993-07-01,1.5065,0.009042196918954915,0.009001561031165332
1993-07-02,1.5075,0.0006637902422834685,0.0006635700309846122
1993-07-05,1.5075,0.0,0.0
1993-07-06,1.5097,0.0014593698175786596,0.001458305972349732
1993-07-07,1.4935,-0.010730608730211255,-0.010788596917525818
1993-07-08,1.4948,0.0008704385671240988,0.0008700599551642355
1993-07-09,1.4779,-0.011305860315761196,-0.011370257390801752
1993-07-12,1.478,6.76635766967415e-05,6.766128762019329e-05
1993-07-13,1.4929,0.010081190798376216,0.010030714551397407
1993-07-14,1.5012,0.005559649005291822,0.005544251201321416
1993-07-15,1.4883,-0.008593125499600451,-0.008630259285752999
1993-07-16,1.4795,-0.00591278640059123,-0.0059303361348485096
1993-07-19,1.4985,0.012842176410949646,0.01276041491645356
1993-07-20,1.501,0.0016683350016684084,0.001666944876744127
1993-07-21,1.5155,0.009660226515656456,0.009613864864396113
1993-07-22,1.5085,-0.004618937644341847,-0.004629637898742105
1993-07-23,1.4964,-0.00802121312562143,-0.008053556125124657
1993-07-26,1.5015,0.003408179631114727,0.003402384949393942
1993-07-27,1.489,-0.008325008325008265,-0.008359854739375921
1993-07-28,1.4945,0.003693754197447774,0.0036869490399833874
1993-07-29,1.4861,-0.005620608899297386,-0.005636463959468794
1993-07-30,1.485,-0.0007401924500369805,-0.000740466527723695
1993-08-02,1.4897,0.0031649831649831484,0.0031599851487472547
1993-08-03,1.5045,0.009934886218701644,0.009885859684552542
1993-08-04,1.5005,-0.002658690594881996,-0.002662231189678083
1993-08-05,1.491,-0.006331222925691327,-0.006351350115683277
1993-08-06,1.4985,0.005030181086518981,0.0050175719919793495
1993-08-09,1.4927,-0.003870537203870539,-0.0038780471175239007
1993-08-10,1.4802,-0.00837408722449251,-0.008409346875827966
1993-08-11,1.4737,-0.004391298473179317,-0.00440096854414878
1993-08-12,1.463,-0.007260636493180428,-0.007287123199092941
1993-08-13,1.4595,-0.0023923444976077235,-0.002395210725954933
1993-08-16,1.484,0.01678657074340517,0.01664723343315621
1993-08-17,1.4885,0.0030323450134770447,0.003027756728505273
1993-08-18,1.5112,0.015250251931474779,0.015135135731468859
1993-08-19,1.505,-0.004102699841185942,-0.004111139004323823
1993-08-20,1.512,0.0046511627906977715,0.004640379556502301
1993-08-23,1.5013,-0.007076719576719515,-0.00710187832121899
1993-08-24,1.4962,-0.0033970558848998023,-0.0034028389799547628
1993-08-25,1.4818,-0.00962438176714342,-0.009670995455747991
1993-08-26,1.499,0.011607504386556888,0.011540654120041164
1993-08-27,1.5005,0.0010006671114075605,0.0010001667778240567
1993-08-30,1.4905,-0.006664445184938361,-0.006686751762295678
1993-08-31,1.4868,-0.002482388460248286,-0.0024854746950291086
1993-09-01,1.5075,0.013922518159806385,0.013826490178243523
1993-09-02,1.5012,-0.004179104477611939,-0.004187861340474741
1993-09-03,1.5262,0.016653343991473335,0.016516197594666892
1993-09-06,1.5262,0.0,0.0
1993-09-07,1.5425,0.010680120560870199,0.010623490924010133
1993-09-08,1.5395,-0.0019448946515396859,-0.001946788414987793
1993-09-09,1.55,0.006820396232543047,0.006797242548737254
1993-09-10,1.5495,-0.000322580645161219,-0.0003226326854893046
1993-09-13,1.542,-0.004840271055179146,-0.004852023104528186
1993-09-14,1.5463,0.002788586251621261,0.002784705358109986
1993-09-15,1.5512,0.0031688546853778643,0.00316384444705712
1993-09-16,1.533,-0.011732851985559511,-0.011802225056627867
1993-09-17,1.5345,0.0009784735812132794,0.0009779951879767099
1993-09-20,1.5317,-0.001824698598892116,-0.0018263653892825215
1993-09-21,1.503,-0.0187373506561338,-0.018915118917533915
1993-09-22,1.5198,0.011177644710578916,0.01111563648271012
1993-09-23,1.5055,-0.009409132780629048,-0.009453678313896036
1993-09-24,1.5013,-0.002789770840252448,-0.002793669503529306
1993-09-27,1.5123,0.0073269832811562186,0.007300271338435483
1993-09-28,1.5152,0.0019176089400252394,0.0019157726751190594
1993-09-29,1.512,-0.002111932418162654,-0.0021141656923355256
1993-09-30,1.496,-0.010582010582010581,-0.010638398205055754
1993-10-01,1.5048,0.00588235294117645,0.005865119452398058
1993-10-04,1.514,0.006113769271664182,0.006095156010573627
1993-10-05,1.5165,0.0016512549537648358,0.0016498931312416867
1993-10-06,1.5257,0.006066600725354476,0.006048272990520693
1993-10-07,1.522,-0.0024251163400406117,-0.002428061697525278
1993-10-08,1.5352,0.008672798948751614,0.008635406271858981
1993-10-11,1.5352,0.0,0.0
1993-10-12,1.532,-0.0020844189682125425,-0.0020865943929534777
1993-10-13,1.5223,-0.0063315926892950625,-0.006351722235328238
1993-10-14,1.5127,-0.006306247126059317,-0.006326215497054863
1993-10-15,1.512,-0.0004627487274408981,-0.00046285582867518655
1993-10-18,1.498,-0.0092592592592593,-0.009302392662313561
1993-10-19,1.4924,-0.0037383177570093906,-0.003745322730162053
1993-10-20,1.4893,-0.0020771911015812217,-0.0020793514551807404
1993-10-21,1.4863,-0.002014369166722707,-0.0020164007369727396
1993-10-22,1.4725,-0.009284801184148539,-0.009328173629107473
1993-10-25,1.4863,0.009371816638370056,0.009328173629107428
1993-10-26,1.477,-0.006257148624099984,-0.006276806623469329
1993-10-27,1.4783,0.0008801624915368844,0.0008797753756643912
1993-10-28,1.48,0.0011499695596293158,0.0011493088511165524
1993-10-29,1.4882,0.0055405405405404284,0.0055252482050000004
1993-11-01,1.4807,-0.0050396452089773724,-0.005052387048487752
1993-11-02,1.4825,0.0012156412507597913,0.0012149029572073413
1993-11-03,1.4805,-0.0013490725126475978,-0.0013499833302345954
1993-11-04,1.4788,-0.0011482607227287778,-0.0011489204791690867
1993-11-05,1.4865,0.005206924533405433,0.005193415375675492
1993-11-08,1.4808,-0.0038345105953582204,-0.0038418811788646185
1993-11-09,1.4682,-0.008508914100486153,-0.008545321582606699
1993-11-10,1.4753,0.004835853425963821,0.0048241982468403164
1993-11-11,1.4753,0.0,0.0
1993-11-12,1.4818,0.004405883549108536,0.004396206059035178
1993-11-15,1.4907,0.006006208665136903,0.005988243293827954
1993-11-16,1.483,-0.005165358556382782,-0.0051787451384523635
1993-11-17,1.4765,-0.004383007417397278,-0.004392640953954846
1993-11-18,1.4775,0.0006772773450729463,0.0006770480962760429
1993-11-19,1.4712,-0.0042639593908628814,-0.0042730759901418655
1993-11-22,1.4745,0.0022430668841761925,0.0022405549652196087
1993-11-23,1.487,0.008477449983045116,0.008441718204824155
1993-11-24,1.488,0.0006724949562877391,0.000672268932882013
1993-11-25,1.488,0.0,0.0
1993-11-26,1.4795,-0.005712365591397872,-0.005728743552772857
1993-11-29,1.488,0.005745184183845842,0.005728743552772782
1993-11-30,1.4852,-0.0018817204301074808,-0.001883493090112113
1993-12-01,1.4805,-0.0031645569620254443,-0.0031695747612791787
1993-12-02,1.4823,0.0012158054711246535,0.0012150669781680898
1993-12-03,1.49,0.005194629966943198,0.005181184419690738
1993-12-06,1.4985,0.005704697986577134,0.005688487817213029
1993-12-07,1.4915,-0.004671338004671233,-0.004682282801914587
1993-12-08,1.495,0.0023466309084814174,0.0023438818699836163
1993-12-09,1.4945,-0.00033444816053518345,-0.0003345041007943183
1993-12-10,1.4945,0.0,0.0
1993-12-13,1.4903,-0.002810304449648693,-0.0028142607692454385
1993-12-14,1.4882,-0.0014091122592766459,-0.001410105991586223
1993-12-15,1.4831,-0.0034269587421045244,-0.003432844215243979
1993-12-16,1.4885,0.003641022183264786,0.0036344097079142293
1993-12-17,1.491,0.001679543164259334,0.0016781343089073552
1993-12-20,1.4855,-0.0036887994634473564,-0.003695619862076091
1993-12-21,1.4887,0.002154156849545563,0.002151839980349171
1993-12-22,1.4945,0.0038960166588297707,0.003888446840980921
1993-12-23,1.5043,0.006557377049180246,0.006535970979785449
1993-12-24,1.503,-0.0008641893239380583,-0.0008645629508036037
1993-12-27,1.5035,0.00033266799733877583,0.00033261267560938835
1993-12-28,1.5072,0.002460924509477991,0.0024579013935149586
1993-12-29,1.491,-0.010748407643312086,-0.010806589057360177
1993-12-30,1.4763,-0.009859154929577563,-0.0099080782246963
1993-12-31,1.4775,0.000812842918106238,0.0008125127402112083
1994-01-03,1.476,-0.0010152284263960087,-0.0010157441198355276
1994-01-04,1.484,0.005420054200542035,0.005405418566907982
1994-01-05,1.487,0.002021563342318178,0.0020195227328294336
1994-01-06,1.4855,-0.0010087424344318308,-0.00100925155749283
1994-01-07,1.49,0.0030292830696734274,0.00302470403684241
1994-01-10,1.4923,0.0015436241610737866,0.0015424339979174437
1994-01-11,1.4905,-0.0012061917844937708,-0.0012069198192962093
1994-01-12,1.5018,0.007581348540758093,0.007552754547657354
1994-01-13,1.4957,-0.004061792515647866,-0.004070064000502619
1994-01-14,1.4913,-0.002941766397004719,-0.002946101896544251
1994-01-17,1.4913,0.0,0.0
1994-01-18,1.4965,0.0034868906323342053,0.0034808255240170133
1994-01-19,1.491,-0.0036752422318743205,-0.0036820125280151526
1994-01-20,1.5,0.006036217303822866,0.006018072325562945
1994-01-21,1.4948,-0.003466666666666729,-0.0034726894789726664
1994-01-24,1.4905,-0.002876639015252813,-0.002880784493202632
1994-01-25,1.493,0.0016772895001677668,0.0016758844210642886
1994-01-26,1.494,0.0006697923643670389,0.0006695681535722229
1994-01-27,1.493,-0.000669344042837916,-0.0006695681535721274
1994-01-28,1.4995,0.004353650368385864,0.004344200649873457
1994-01-31,1.5005,0.0006668889629874997,0.0006666666913578635
1994-02-01,1.503,0.001666111296234618,0.0016647248725527143
1994-02-02,1.4953,-0.005123087159015216,-0.0051362551631764
1994-02-03,1.493,-0.0015381528790209265,-0.0015393370506076118
1994-02-04,1.479,-0.009377093101138656,-0.009421334828390596
1994-02-07,1.4825,0.0023664638269098592,0.002363668161080504
1994-02-08,1.4718,-0.007217537942664332,-0.007243710379381811
1994-02-09,1.4615,-0.006998233455632552,-0.007022835941197984
1994-02-10,1.4622,0.0004789599726306992,0.0004788453079147532
1994-02-11,1.4648,0.001778142524962556,0.0017765635010855842
1994-02-14,1.4708,0.004096122337520436,0.004087756066815941
1994-02-15,1.475,0.002855588795213526,0.002851519346803295
1994-02-16,1.4755,0.00033898305084734126,0.0003389256090737855
1994-02-17,1.477,0.0010166045408337432,0.0010160881483858265
1994-02-18,1.4791,0.0014218009478672577,0.0014207911459444787
1994-02-21,1.4791,0.0,0.0
1994-02-22,1.4784,-0.00047326076668252615,-0.0004733727899046916
1994-02-23,1.4755,-0.0019615800865799837,-0.001963506504425508
1994-02-24,1.4847,0.0062351745171127515,0.006215816242955876
1994-02-25,1.4875,0.001885902876001877,0.0018841267938347478
1994-02-28,1.4875,0.0,0.0
1994-03-01,1.4854,-0.0014117647058823346,-0.0014127621845887411
1994-03-02,1.4944,0.006058974013733565,0.006040692239382
1994-03-03,1.4964,0.001338329764454027,0.0013374349994129677
1994-03-04,1.4895,-0.004611066559743304,-0.0046217303206540225
1994-03-07,1.492,0.0016784155756965902,0.0016770086103692337
1994-03-08,1.4877,-0.0028820375335120163,-0.0028861986005082347
1994-03-09,1.4915,0.0025542784163474774,0.002551021791605426
1994-03-10,1.5008,0.0062353335568219315,0.0062159742971569605
1994-03-11,1.501,0.00013326226012799758,0.00013325338150179213
1994-03-14,1.4943,-0.004463690872751447,-0.004473682886114508
1994-03-15,1.4925,-0.0012045773940976279,-0.0012053034805902987
1994-03-16,1.4927,0.00013400335008384445,0.00013399437243694182
1994-03-17,1.4947,0.001339853955918846,0.001338957152574878
1994-03-18,1.4925,-0.0014718672643340147,-0.001472951525011721
1994-03-21,1.4838,-0.005829145728643126,-0.005846201511331539
1994-03-22,1.4865,0.001819652244237746,0.0018179986827268283
1994-03-23,1.4937,0.004843592330978863,0.0048318998780944155
1994-03-24,1.4948,0.0007364263238935909,0.0007361552950820008
1994-03-25,1.4975,0.0018062617072518439,0.0018046323782756216
1994-03-28,1.4965,-0.0006677796327212437,-0.0006680026968508323
1994-03-29,1.485,-0.007684597393919024,-0.007714276055953509
1994-03-30,1.4823,-0.001818181818181941,-0.001819836716986094
1994-03-31,1.488,0.0038453754300749043,0.0038380008732231737
1994-04-01,1.4735,-0.009744623655913998,-0.00979241321528778
1994-04-04,1.468,-0.0037326094333220983,-0.003739593003288599
1994-04-05,1.4621,-0.004019073569482279,-0.004027171751068598
1994-04-06,1.4686,0.00444566035154903,0.0044358075941177124
1994-04-07,1.4684,-0.0001361841209315262,-0.0001361933948309046
1994-04-08,1.4763,0.005380005448106795,0.005365584917363001
1994-04-11,1.4715,-0.003251371672424286,-0.0032566688665147336
1994-04-12,1.4745,0.0020387359836899765,0.0020366605818033334
1994-04-13,1.477,0.0016954899966090675,0.0016940542760489142
1994-04-14,1.4765,-0.0003385240352066221,-0.0003385813474025639
1994-04-15,1.4729,-0.0024381984422620073,-0.002441175688479893
1994-04-18,1.4725,-0.00027157308710723527,-0.00027160996975576334
1994-04-19,1.4775,0.00339558573853993,0.003389833754511524
1994-04-20,1.4858,0.005617597292724152,0.00560187743745255
1994-04-21,1.4948,0.006057342845604996,0.006039070893622909
1994-04-22,1.488,-0.004549103559004508,-0.004559482218291614
1994-04-25,1.4915,0.0023521505376344898,0.002349388561766114
1994-04-26,1.5037,0.0081796848809923,0.008146412573471222
1994-04-27,1.5055,0.0011970472833677803,0.0011963313935141875
1994-04-28,1.5075,0.0013284623048821498,0.0013275806795520376
1994-04-29,1.5118,0.002852404643449491,0.002848344256735893
1994-05-02,1.5187,0.004564095779864941,0.004553711878147845
1994-05-03,1.513,-0.003753209982221617,-0.003760270947868356
1994-05-04,1.4995,-0.008922670191672033,-0.008962715599291998
1994-05-05,1.498,-0.0010003334444815826,-0.00100083411189908
1994-05-06,1.4935,-0.0030040053404538636,-0.003008526421000224
1994-05-09,1.4975,0.0026782725142282526,0.0026746923334398554
1994-05-10,1.4905,-0.004674457429048484,-0.00468541687147835
1994-05-11,1.4911,0.0004025494800403706,0.0004024684787357232
1994-05-12,1.4995,0.005633424988263691,0.005617616592202029
1994-05-13,1.4985,-0.0006668889629877217,-0.0006671114323459376
1994-05-16,1.5025,0.002669336002669276,0.002665779652644684
1994-05-17,1.5065,0.0026622296173044457,0.0026586921609932346
1994-05-18,1.5085,0.001327580484566937,0.001326700028759918
1994-05-19,1.508,-0.0003314550878356082,-0.0003315100312144113
1994-05-20,1.5098,0.0011936339522546913,0.0011929221376231383
1994-05-23,1.5055,-0.002848059345608722,-0.0028521227837359827
1994-05-24,1.5058,0.00019926934573222255,0.0001992494942333013
1994-05-25,1.5095,0.0024571656262453168,0.0024541517308717094
1994-05-26,1.5108,0.0008612123219609025,0.0008608416914082883
1994-05-27,1.5095,-0.0008604712734974207,-0.0008608416914082359
1994-05-30,1.5095,0.0,0.0
1994-05-31,1.512,0.001656177542232573,0.0016548075925848606
1994-06-01,1.5172,0.003439153439153575,0.0034332530752656997
1994-06-02,1.5082,-0.005931979963090028,-0.005949644046197353
1994-06-03,1.5055,-0.0017902134995357866,-0.0017918178467580407
1994-06-06,1.5083,0.0018598472268349653,0.0018581198524181104
1994-06-07,1.508,-0.00019889942319162301,-0.00019891920630517272
1994-06-08,1.5063,-0.001127320954907196,-0.0011279568591319115
1994-06-09,1.5067,0.0002655513509923768,0.0002655160984731345
1994-06-10,1.5084,0.0011282936218226514,0.001127657576959413
1994-06-13,1.5202,0.007822858658180776,0.00779241874773794
1994-06-14,1.5192,-0.0006578081831337679,-0.000658024633863913
1994-06-15,1.5194,0.00013164823591371722,0.0001316395710451757
1994-06-16,1.52,0.0003948927208108355,0.00039481477120084136
1994-06-17,1.5307,0.00703947368421054,0.007014812257339419
1994-06-20,1.5385,0.005095707846083597,0.005082768664435145
1994-06-21,1.5405,0.0012999675008125156,0.0012991232746261303
1994-06-22,1.5315,-0.0058422590068158975,-0.005859391763892603
1994-06-23,1.5415,0.0065295461965393375,0.006508321053375108
1994-06-24,1.5519,0.0067466753162503945,0.006724018351374027
1994-06-27,1.5495,-0.001546491397641625,-0.0015476884497761826
1994-06-28,1.5512,0.0010971281058405058,0.0010965267006390327
1994-06-29,1.5462,-0.0032233109850438035,-0.003228517042067636
1994-06-30,1.5483,0.001358168412883165,0.0013572469364167446
1994-07-01,1.539,-0.006006587870567737,-0.006024699983911948
1994-07-04,1.539,0.0,0.0
1994-07-05,1.5415,0.0016244314489930467,0.0016231134873260172
1994-07-06,1.5505,0.005838469023678128,0.005821491214298478
1994-07-07,1.5421,-0.005417607223476284,-0.005432335676892875
1994-07-08,1.5445,0.0015563193048440116,0.00155510949502562
1994-07-11,1.5645,0.012949174490126225,0.012866050750300402
1994-07-12,1.5725,0.005113454777884385,0.005100425465658838
1994-07-13,1.5675,-0.0031796502384738856,-0.0031847160675199473
1994-07-14,1.5615,-0.003827751196172069,-0.0038350957839423144
1994-07-15,1.5574,-0.0026256804354788388,-0.002629133580247688
1994-07-18,1.5622,0.003082059843328766,0.0030773200333113586
1994-07-19,1.5513,-0.006977339649212766,-0.007001795105911561
1994-07-20,1.5493,-0.0012892412815058707,-0.0012900730680393921
1994-07-21,1.5395,-0.0063254372942618264,-0.006345527637690967
1994-07-22,1.531,-0.005521273140630223,-0.005536571706871459
1994-07-25,1.532,0.0006531678641410466,0.000652954642852817
1994-07-26,1.5244,-0.004960835509138395,-0.004973181300831473
1994-07-27,1.5306,0.004067173970086602,0.004058925376115572
1994-07-28,1.5317,0.0007186724160459512,0.0007184142946875551
1994-07-29,1.5415,0.006398119736240826,0.006377738655696786
1994-08-01,1.5368,-0.003048978267920943,-0.003053635871858243
1994-08-02,1.5378,0.0006507027589797154,0.0006504911437335505
1994-08-03,1.5395,0.0011054753544024187,0.0011048647664746634
1994-08-04,1.5387,-0.000519649236765285,-0.0005197843012227086
1994-08-05,1.5425,0.0024696172093325863,0.0024665727162104553
1994-08-08,1.5422,-0.0001944894651539908,-0.0001945083806826392
1994-08-09,1.5385,-0.0023991700168590757,-0.0024020526367637854
1994-08-10,1.5393,0.0005199870003249618,0.000519851853932257
1994-08-11,1.5395,0.00012992918859233704,0.00012992074852637893
1994-08-12,1.545,0.003572588502760432,0.003566221967290569
1994-08-15,1.5422,-0.0018122977346277658,-0.0018139419329855108
1994-08-16,1.5427,0.00032421216444045164,0.0003241596190335993
1994-08-17,1.54,-0.001750178258896673,-0.0017517116102189084
1994-08-18,1.545,0.0032467532467532756,0.003241493924171023
1994-08-19,1.549,0.0025889967637540146,0.0025856510850227636
1994-08-22,1.551,0.0012911555842478606,0.00129032275967015
1994-08-23,1.5535,0.001611863313990991,0.0016105656565632888
1994-08-24,1.5535,0.0,0.0
1994-08-25,1.5535,0.0,0.0
1994-08-26,1.5355,-0.011586739620212394,-0.011654388952225005
1994-08-29,1.534,-0.0009768804949528143,-0.0009773579536755926
1994-08-30,1.535,0.0006518904823988869,0.0006516780940959621
1994-08-31,1.5362,0.0007817589576548656,0.0007814535432841769
1994-09-01,1.5445,0.005402942325217985,0.005388398794054749
1994-09-02,1.5475,0.0019423761735191114,0.0019404922001149438
1994-09-05,1.5475,0.0,0.0
1994-09-06,1.5487,0.0007754442649434701,0.0007751437633775626
1994-09-07,1.5462,-0.001614257118873863,-0.0016155614357543065
1994-09-08,1.5436,-0.001681541844521961,-0.0016829572229105961
1994-09-09,1.5503,0.004340502720912021,0.004331109908852669
1994-09-12,1.5696,0.012449203379991003,0.01237234923878218
1994-09-13,1.5623,-0.004650866462793113,-0.004661715393241236
1994-09-14,1.5673,0.0032004096524353987,0.0031952992421648897
1994-09-15,1.563,-0.0027435717475914334,-0.002747342238545873
1994-09-16,1.584,0.01343570057581589,0.013346241952894704
1994-09-19,1.566,-0.011363636363636354,-0.011428695823622744
1994-09-20,1.5745,0.005427841634738195,0.005413163990330935
1994-09-21,1.578,0.0022229279136234403,0.0022204608647402825
1994-09-22,1.576,-0.0012674271229404788,-0.0012682309879951648
1994-09-23,1.5813,0.003362944162436543,0.00335730211144645
1994-09-26,1.5745,-0.004300259280338947,-0.004309531988191538
1994-09-27,1.5775,0.0019053667831057108,0.0019035538742888485
1994-09-28,1.576,-0.0009508716323295419,-0.0009513239975436937
1994-09-29,1.58,0.002538071065989911,0.0025348556031881157
1994-09-30,1.577,-0.001898734177215311,-0.0019005390579742256
1994-10-03,1.5785,0.0009511731135067869,0.0009507210350080887
1994-10-04,1.5783,-0.00012670256572688832,-0.0001267105931750419
1994-10-05,1.586,0.004878666920103969,0.00486680478992212
1994-10-06,1.5875,0.0009457755359394415,0.0009453285720533898
1994-10-07,1.5865,-0.0006299212598424031,-0.0006301197435963383
1994-10-10,1.5865,0.0,0.0
1994-10-11,1.578,-0.005357705641348853,-0.005372109617430678
1994-10-12,1.581,0.001901140684410496,0.0018993358036523157
1994-10-13,1.5815,0.00031625553447178767,0.00031620553623144804
1994-10-14,1.591,0.006006955422067639,0.005988985592083319
1994-10-17,1.61,0.011942174732872513,0.011871429640721916
1994-10-18,1.6135,0.0021739130434781373,0.002171553513507711
1994-10-19,1.618,0.0027889680818098395,0.0027850861264205936
1994-10-20,1.6215,0.002163164400494244,0.002160828128935468
1994-10-21,1.6255,0.0024668516805426144,0.0024638139965872793
1994-10-24,1.6275,0.0012303906490309657,0.0012296343387641745
1994-10-25,1.6365,0.0055299539170508005,0.005514719858511001
1994-10-26,1.632,-0.002749770852429112,-0.00275355841718303
1994-10-27,1.6368,0.002941176470588225,0.0029368596733097057
1994-10-28,1.623,-0.008431085043988262,-0.008466827682770815
1994-10-31,1.635,0.007393715341959428,0.007366515816762646
1994-11-01,1.632,-0.0018348623853211565,-0.0018365478073015034
1994-11-02,1.6345,0.0015318627450982003,0.0015306906402131493
1994-11-03,1.6125,-0.013459773631079863,-0.013551177494337775
1994-11-04,1.6105,-0.0012403100775193465,-0.0012410798986740048
1994-11-07,1.616,0.0034150884818380245,0.0034092703097872577
1994-11-08,1.621,0.0030940594059405413,0.0030892826546353616
1994-11-09,1.605,-0.009870450339296788,-0.00991948617155992
1994-11-10,1.5992,-0.0036137071651090036,-0.0036202523779259007
1994-11-11,1.5992,0.0,0.0
1994-11-14,1.588,-0.007003501750875385,-0.007028141379109223
1994-11-15,1.584,-0.0025188916876573986,-0.002522069432709835
1994-11-16,1.5715,-0.007891414141414255,-0.00792271613674899
1994-11-17,1.577,0.00349984091632205,0.003493730725416159
1994-11-18,1.568,-0.005707038681039833,-0.005723386052685109
1994-11-21,1.566,-0.0012755102040816757,-0.0012763243596047896
1994-11-22,1.5695,0.002234993614303793,0.0022324997312596667
1994-11-23,1.5725,0.0019114367633004115,0.0019096122925873439
1994-11-24,1.5725,0.0,0.0
1994-11-25,1.563,-0.0060413354531001495,-0.0060596581531189705
1994-11-28,1.563,0.0,0.0
1994-11-29,1.5643,0.0008317338451695466,0.0008313881462479951
1994-11-30,1.567,0.0017260116345969578,0.0017245237882962377
1994-12-01,1.5652,-0.0011486917677090425,-0.001149352019763473
1994-12-02,1.5602,-0.0031944799386659506,-0.003199593182044606
1994-12-05,1.559,-0.0007691321625433734,-0.0007694280964363492
1994-12-06,1.561,0.0012828736369467908,0.0012820514576555744
1994-12-07,1.5641,0.0019859064702114626,0.001983937164763848
1994-12-08,1.5632,-0.0005754107793619623,-0.0005755763916775869
1994-12-09,1.5602,-0.001919140225179028,-0.0019209841343054432
1994-12-12,1.5637,0.002243302140751302,0.002240789695251945
1994-12-13,1.5605,-0.0020464283430325914,-0.002048525138630508
1994-12-14,1.5612,0.00044857417494381657,0.00044847359562566897
1994-12-15,1.563,0.0011529592621060125,0.0011522951150166488
1994-12-16,1.563,0.0,0.0
1994-12-19,1.5622,-0.0005118362124120202,-0.0005119672452796736
1994-12-20,1.56,-0.0014082703879144676,-0.0014092629326141854
1994-12-21,1.5595,-0.0003205128205128194,-0.0003205641957247786
1994-12-22,1.5462,-0.00852837447899979,-0.008564949161483683
1994-12-23,1.5445,-0.0010994696675721283,-0.0011000745277379988
1994-12-26,1.5445,0.0,0.0
1994-12-27,1.545,0.0003237293622531112,0.00032367697320939497
1994-12-28,1.5435,-0.0009708737864076999,-0.0009713453896317809
1994-12-29,1.5602,0.0108195659216066,0.010761453211998633
1994-12-30,1.5665,0.0040379438533522105,0.0040298132380337396
1995-01-02,1.5665,0.0,0.0
1995-01-03,1.5624,-0.002617299712735388,-0.0026207308297772347
1995-01-04,1.5605,-0.0012160778289810326,-0.0012168178516350355
1995-01-05,1.5635,0.001922460749759658,0.0019206151870618205
1995-01-06,1.5518,-0.007483210745123037,-0.007511350438046999
1995-01-09,1.5573,0.003544271168965052,0.0035380050414441184
1995-01-10,1.5585,0.0007705644384512489,0.0007702677060988273
1995-01-11,1.5592,0.00044914982354815614,0.00044904898595915315
1995-01-12,1.5715,0.007888660851718798,0.007857708044271203
1995-01-13,1.567,-0.002863506204263455,-0.0028676138816014734
1995-01-16,1.567,0.0,0.0
1995-01-17,1.568,0.0006381620931716903,0.000637958554332354
1995-01-18,1.5707,0.001721938775510079,0.0017204579386333595
1995-01-19,1.575,0.002737632902527487,0.002733892410746747
1995-01-20,1.5877,0.008063492063492106,0.00803115582373243
1995-01-23,1.5955,0.004912766895509346,0.004900738634832495
1995-01-24,1.596,0.0003133813851459166,0.0003133322914560698
1995-01-25,1.5932,-0.0017543859649123972,-0.0017559267022650312
1995-01-26,1.5908,-0.001506402209389912,-0.001507537973953605
1995-01-27,1.5885,-0.0014458134272063994,-0.0014468596239646824
1995-01-30,1.5935,0.003147623544224043,0.0031426801478201937
1995-01-31,1.5815,-0.007530593034201449,-0.007559091111687577
1995-02-01,1.5805,-0.0006323110970596346,-0.0006325110900309942
1995-02-02,1.583,0.0015817779183802116,0.0015805282253396823
1995-02-03,1.5643,-0.011813013265950634,-0.01188334131328745
1995-02-06,1.56,-0.0027488333439876778,-0.002752618324141825
1995-02-07,1.557,-0.0019230769230770273,-0.001924928409584505
1995-02-08,1.5523,-0.003018625561978072,-0.003023190801600579
1995-02-09,1.5565,0.0027056625652257527,0.0027020088492651587
1995-02-10,1.5627,0.0039832958560872544,0.0039753835375925676
1995-02-13,1.5635,0.0005119344723873986,0.0005118034786402925
1995-02-14,1.5575,-0.0038375439718578708,-0.003844926236287626
1995-02-15,1.5605,0.0019261637239165186,0.0019243110492258974
1995-02-16,1.5775,0.01089394424863821,0.010835032704534056
1995-02-17,1.5765,-0.0006339144215530279,-0.0006341154302526524
1995-02-20,1.5765,0.0,0.0
1995-02-21,1.5815,0.0031715826197271646,0.0031665637605879445
1995-02-22,1.586,0.002845399936769022,0.0028413594490898945
1995-02-23,1.593,0.004413619167717542,0.004403907715255244
1995-02-24,1.5885,-0.0028248587570620654,-0.0028288562004776022
1995-02-27,1.5835,-0.003147623544224154,-0.0031525877308763977
1995-02-28,1.584,0.000315756236185738,0.00031570639567675125
1995-03-01,1.5843,0.00018939393939398919,0.00018937600662605224
1995-03-02,1.591,0.004228997033390192,0.0042200799567897514
1995-03-03,1.621,0.018856065367693242,0.018680493397889204
1995-03-06,1.633,0.007402837754472591,0.007375571234789053
1995-03-07,1.644,0.006736068585425636,0.006713482645660153
1995-03-08,1.619,-0.015206812652068025,-0.015323621938489991
1995-03-09,1.6152,-0.0023471278567016585,-0.002349886679007381
1995-03-10,1.5802,-0.021669143140168323,-0.02190736670999476
1995-03-13,1.5968,0.010504999367168644,0.010450205268566557
1995-03-14,1.5855,-0.007076653306613334,-0.007101811578797621
1995-03-15,1.603,0.011037527593819041,0.010977058631150994
1995-03-16,1.586,-0.010605115408608756,-0.010661750414759556
1995-03-17,1.582,-0.0025220680958385477,-0.002525253867194071
1995-03-20,1.5805,-0.0009481668773704266,-0.0009486166719267744
1995-03-21,1.5855,0.0031635558367604233,0.0031585623227295026
1995-03-22,1.586,0.00031535793125203604,0.00031530821639134336
1995-03-23,1.5923,0.003972257250945743,0.003964388667587062
1995-03-24,1.588,-0.0027004961376624337,-0.002704149055299289
1995-03-27,1.5955,0.004722921914357636,0.004711803911217121
1995-03-28,1.61,0.009088060169226031,0.009047012260210563
1995-03-29,1.608,-0.001242236024844745,-0.0012430082395970253
1995-03-30,1.5985,-0.005907960199004969,-0.005925481239015535
1995-03-31,1.619,0.012824522990303455,0.012742985177739037
1995-04-03,1.616,-0.0018529956763433386,-0.0018547145965943583
1995-04-04,1.6015,-0.008972772277227814,-0.009013270031827947
1995-04-05,1.6065,0.0031220730565095778,0.003117209506700371
1995-04-06,1.6058,-0.00043572984749462584,-0.0004358248053296018
1995-04-07,1.6015,-0.0026777930003736294,-0.0026813847013707703
1995-04-10,1.594,-0.004683109584764145,-0.0046941096990523465
1995-04-11,1.5945,0.00031367628607270603,0.0003136270999518948
1995-04-12,1.59,-0.002822201317027262,-0.0028261912358350815
1995-04-13,1.6068,0.010566037735848965,0.010510607270849834
1995-04-14,1.602,-0.0029873039581777006,-0.002991774856822558
1995-04-17,1.6195,0.010923845193508086,0.010864610983079429
1995-04-18,1.614,-0.0033961099104661274,-0.0034018897814898155
1995-04-19,1.616,0.0012391573729864103,0.0012383902511466224
1995-04-20,1.6127,-0.002042079207920877,-0.002044167094570764
1995-04-21,1.61,-0.0016742109505797353,-0.001675614007961292
1995-04-24,1.6055,-0.002795031055900732,-0.0027989444489401683
1995-04-25,1.6135,0.004982871379632492,0.0049704979624478705
1995-04-26,1.6105,-0.001859312054539708,-0.0018610427207628852
1995-04-27,1.6162,0.0035392735175412415,0.0035330250280938506
1995-04-28,1.6091,-0.004393020665759306,-0.004402698334242884
1995-05-01,1.618,0.00553104219750189,0.005515802153332682
1995-05-02,1.6125,-0.0033992583436341928,-0.003405048948509521
1995-05-03,1.6172,0.0029147286821704643,0.0029104890966881723
1995-05-04,1.6185,0.00080385852090048,0.0008035355996833948
1995-05-05,1.599,-0.012048192771084376,-0.01212136053234485
1995-05-08,1.608,0.005628517823639934,0.0056127369049576055
1995-05-09,1.5885,-0.012126865671641784,-0.012200996029340832
1995-05-10,1.5815,-0.004406672961913882,-0.004416410963867437
1995-05-11,1.5576,-0.015112235219727932,-0.015227588687713425
1995-05-12,1.571,0.008602978941961936,0.008566184197631171
1995-05-15,1.5652,-0.0036919159770846255,-0.0036987479193637237
1995-05-16,1.569,0.002427804753386109,0.0024248623967751534
1995-05-17,1.5685,-0.00031867431485022024,-0.0003187251022997499
1995-05-18,1.5625,-0.003825310806503057,-0.003832646020176305
1995-05-19,1.5735,0.007039999999999935,0.007015334893904929
1995-05-22,1.575,0.0009532888465204614,0.0009528347552718458
1995-05-23,1.566,-0.005714285714285672,-0.005730674708984983
1995-05-24,1.5755,0.006066411238824898,0.006048084646580753
1995-05-25,1.6037,0.01789907965725157,0.017740777317433752
1995-05-26,1.604,0.0001870674066222211,0.00018704991169669714
1995-05-29,1.604,0.0,0.0
1995-05-30,1.601,-0.0018703241895262623,-0.0018720754297451964
1995-05-31,1.5865,-0.009056839475327871,-0.00909810197346438
1995-06-01,1.5945,0.005042546485975352,0.005029875426861987
1995-06-02,1.586,-0.005330824709940396,-0.005345084255318992
1995-06-05,1.5955,0.005989911727616537,0.0059720435235047975
1995-06-06,1.59,-0.0034471952366028624,-0.0034531505040209065
1995-06-07,1.5942,0.0026415094339622414,0.0026380267795455895
1995-06-08,1.592,-0.0013800025090954238,-0.0013809555894944505
1995-06-09,1.5945,0.001570351758793942,0.001569120045783959
1995-06-12,1.595,0.0003135779241141279,0.000313528768832621
1995-06-13,1.5955,0.00031347962382444194,0.0003134304993532444
1995-06-14,1.6085,0.008147916013788947,0.008114900960783003
1995-06-15,1.5955,-0.00808206403481515,-0.008114900960782944
1995-06-16,1.607,0.0072077718583516415,0.007181920019214414
1995-06-19,1.5995,-0.004667081518357263,-0.004678006347939968
1995-06-20,1.603,0.002188183807439792,0.0021857932199802256
1995-06-21,1.6049,0.001185277604491608,0.0011845757175575821
1995-06-22,1.5998,-0.0031777680852388412,-0.003182827912388888
1995-06-23,1.6045,0.0029378672334041678,0.00293356013519005
1995-06-26,1.5855,-0.01184169523215961,-0.011912366571509604
1995-06-27,1.5845,-0.00063071586250385,-0.0006309148474264875
1995-06-28,1.574,-0.006626696118649411,-0.006648750153626894
1995-06-29,1.5915,0.011118170266835925,0.011056817744798822
1995-06-30,1.5905,-0.0006283380458685928,-0.0006285355329486328
1995-07-03,1.5972,0.00421251178874571,0.004203663999867491
1995-07-04,1.5972,0.0,0.0
1995-07-05,1.595,-0.0013774104683195176,-0.0013783599701212709
1995-07-06,1.5985,0.0021943573667710936,0.0021919532809511265
1995-07-07,1.5945,-0.0025023459493275224,-0.002505482049783856
1995-07-10,1.5905,-0.002508623392913134,-0.002511775260913506
1995-07-11,1.588,-0.0015718327569945734,-0.0015730693821176852
1995-07-12,1.5915,0.0022040302267001266,0.00220160491506636
1995-07-13,1.6005,0.005655042412818112,0.005639112687770247
1995-07-14,1.5945,-0.0037488284910965897,-0.0037558729598054954
1995-07-17,1.5945,0.0,0.0
1995-07-18,1.5962,0.0010661649419880792,0.0010655969917961934
1995-07-19,1.5955,-0.00043854153614841795,-0.0004386377236103745
1995-07-20,1.597,0.0009401441554373058,0.0009397024967143727
1995-07-21,1.594,-0.0018785222291796133,-0.0018802888648519862
1995-07-24,1.5976,0.0022584692597238387,0.0022559227514449853
1995-07-25,1.5879,-0.006071607411116564,-0.006090114569553788
1995-07-26,1.5956,0.004849171862207902,0.004837452499199953
1995-07-27,1.5964,0.0005013787916772205,0.000501253143327373
1995-07-28,1.6003,0.002442996742671122,0.0024400174773658496
1995-07-31,1.598,-0.001437230519277577,-0.0014382643257245273
1995-08-01,1.5992,0.000750938673341528,0.0007506568599701822
1995-08-02,1.5995,0.00018759379689847755,0.0001875762033824154
1995-08-03,1.6068,0.0045639262269459024,0.0045535430955544205
1995-08-04,1.6073,0.00031117749564346653,0.0003111290899681466
1995-08-07,1.6018,-0.003421887637653276,-0.0034277556855135077
1995-08-08,1.601,-0.0004994381321012931,-0.00049956289286711
1995-08-09,1.6002,-0.0004996876951904872,-0.000499812580691081
1995-08-10,1.5888,-0.007124109486314256,-0.007149607125115486
1995-08-11,1.5776,-0.007049345417925568,-0.0070743094425372655
1995-08-14,1.574,-0.0022819472616631975,-0.0022845548710223452
1995-08-15,1.5553,-0.011880559085133524,-0.011951696926834229
1995-08-16,1.5515,-0.0024432585353306724,-0.0024462481620793923
1995-08-17,1.5345,-0.010957138253303356,-0.01101760982864413
1995-08-18,1.543,0.005539263603779654,0.0055239783033698975
1995-08-21,1.5405,-0.0016202203499675605,-0.001621534326438192
1995-08-22,1.5355,-0.003245699448231054,-0.003250978155845514
1995-08-23,1.5415,0.003907521979811035,0.0038999074453278893
1995-08-24,1.5432,0.0011028219266946415,0.0011022142653141379
1995-08-25,1.5418,-0.0009072058061170285,-0.0009076175663573781
1995-08-28,1.5525,0.006939940329484973,0.006915969782471972
1995-08-29,1.5453,-0.004637681159420315,-0.004648468567984626
1995-08-30,1.544,-0.0008412605966477971,-0.0008416146549276467
1995-08-31,1.5515,0.004857512953367893,0.004845753303713428
1995-09-01,1.5533,0.0011601675797614508,0.0011594951054265791
1995-09-04,1.5533,0.0,0.0
1995-09-05,1.5565,0.002060130045709263,0.0020580108878014464
1995-09-06,1.5501,-0.004111789270799804,-0.004120265920414173
1995-09-07,1.55,-6.451196696988237e-05,-6.451404795632303e-05
1995-09-08,1.5482,-0.0011612903225806104,-0.001161965142679227
1995-09-11,1.5483,6.45911380958708e-05,6.458905217813126e-05
1995-09-12,1.5545,0.0040043919137118245,0.003996395676017357
1995-09-13,1.548,-0.004181408813123122,-0.004190175349136007
1995-09-14,1.5505,0.001614987080103214,0.0016136843908310637
1995-09-15,1.552,0.000967429861335134,0.0009669622026605067
1995-09-18,1.546,-0.0038659793814432852,-0.003873471595796775
1995-09-19,1.546,0.0,0.0
1995-09-20,1.5525,0.004204398447606783,0.004195584660266615
1995-09-21,1.5695,0.010950080515297778,0.010890562474374286
1995-09-22,1.5795,0.006371455877667964,0.006351243960131558
1995-09-25,1.5715,-0.005064893953782845,-0.0050777640045175975
1995-09-26,1.5708,-0.00044543429844090543,-0.0004455335337676588
1995-09-27,1.5722,0.0008912655971480277,0.0008908686558016329
1995-09-28,1.5805,0.005279226561506256,0.005265340296016393
1995-09-29,1.5795,-0.0006327111673521957,-0.0006329114135326265
1995-10-02,1.5909,0.007217473884140624,0.007191552569054189
1995-10-03,1.5808,-0.006348607706329723,-0.0063688458175906034
1995-10-04,1.5837,0.0018345141700406575,0.0018328335040770423
1995-10-05,1.584,0.00018942981625302835,0.00018941187669087507
1995-10-06,1.5812,-0.0017676767676768623,-0.0017692409518408143
1995-10-09,1.5812,0.0,0.0
1995-10-10,1.5778,-0.0021502656210472537,-0.002152580761541161
1995-10-11,1.573,-0.003042210673089185,-0.003046847602711481
1995-10-12,1.5735,0.00031786395422761515,0.00031781344618375744
1995-10-13,1.5725,-0.0006355258976802336,-0.0006357279298658703
1995-10-16,1.575,0.0015898251192367763,0.00158856268513774
1995-10-17,1.574,-0.0006349206349205438,-0.0006351222823848094
1995-10-18,1.5695,-0.002858958068615136,-0.0028630526953404363
1995-10-19,1.5725,0.0019114367633004115,0.0019096122925873439
1995-10-20,1.5759,0.00216216216216214,0.002159828053429938
1995-10-23,1.58,0.0026016879243606628,0.0025983093929869178
1995-10-24,1.581,0.0006329113924050667,0.0006327111884595333
1995-10-25,1.5795,-0.000948766603415585,-0.0009492169673321593
1995-10-26,1.574,-0.0034821145932255604,-0.0034881912647912027
1995-10-27,1.5795,0.0034942820838625988,0.0034881912647911763
1995-10-30,1.5775,-0.001266223488445739,-0.0012670258267716895
1995-10-31,1.5807,0.002028526148969867,0.002026471467981542
1995-11-01,1.5778,-0.0018346302271144976,-0.0018363152223604831
1995-11-02,1.5813,0.002218278615794045,0.0022158218682815597
1995-11-03,1.5805,-0.0005059128565103599,-0.0005060408735983658
1995-11-06,1.5793,-0.0007592534008226126,-0.0007595417796635928
1995-11-07,1.5778,-0.000949787880706543,-0.0009502392150195827
1995-11-08,1.5805,0.001711243503612625,0.0017097809946831864
1995-11-09,1.5794,-0.0006959822840874041,-0.0006962245921919077
1995-11-10,1.5753,-0.002595922502216075,-0.0025992977515573476
1995-11-13,1.5555,-0.012569034469624762,-0.012648692974231513
1995-11-14,1.5605,0.0032144005143039944,0.0032092453731423216
1995-11-15,1.558,-0.001602050624799678,-0.0016033352801404813
1995-11-16,1.5558,-0.001412066752246477,-0.0014130646580198785
1995-11-17,1.5505,-0.0034066075331019574,-0.0034124232321700843
1995-11-20,1.5495,-0.0006449532408899783,-0.0006451613127006479
1995-11-21,1.5583,0.005679251371410121,0.005663185223765872
1995-11-22,1.565,0.004299557209779925,0.004290340522684816
1995-11-23,1.565,0.0,0.0
1995-11-24,1.56,-0.0031948881789136685,-0.003200002730670791
1995-11-27,1.5505,-0.006089743589743679,-0.0061083617030791865
1995-11-28,1.548,-0.0016123831022250013,-0.0016136843908311212
1995-11-29,1.5383,-0.0062661498708010965,-0.006285864587967084
1995-11-30,1.5302,-0.005265552883052749,-0.005279464763953941
1995-12-01,1.536,0.0037903542020651937,0.0037831889098660886
1995-12-04,1.536,0.0,0.0
1995-12-05,1.541,0.0032552083333332593,0.0032499216124982004
1995-12-06,1.5422,0.0007787151200520093,0.0007784120787446043
1995-12-07,1.5353,-0.004474127869277589,-0.004484166734006836
1995-12-08,1.5329,-0.001563212401485159,-0.0015644354927917522
1995-12-11,1.5348,0.0012394807228128801,0.0012387132007355152
1995-12-12,1.5313,-0.0022804274172529837,-0.0022830315516352315
1995-12-13,1.5325,0.0007836478808853631,0.0007833409892042995
1995-12-14,1.541,0.0055464926590538255,0.0055311675097492775
1995-12-15,1.5395,-0.0009733939000647895,-0.000973867955560583
1995-12-18,1.539,-0.0003247807729783725,-0.0003248335256759712
1995-12-19,1.542,0.0019493177387914784,0.0019474202843956288
1995-12-20,1.5373,-0.0030479896238650994,-0.003052644204721052
1995-12-21,1.5388,0.000975736681194217,0.000975260959586236
1995-12-22,1.5425,0.0024044710163764194,0.002401584901402844
1995-12-25,1.5425,0.0,0.0
1995-12-26,1.5555,0.008427876823338787,0.008392560558148882
1995-12-27,1.56,0.0028929604628735728,0.0028887839058909185
1995-12-28,1.539,-0.013461538461538525,-0.013552966404703569
1995-12-29,1.5535,0.009421702404158738,0.00937759499422306
1996-01-01,1.5535,0.0,0.0
1996-01-02,1.5565,0.0019311232700354175,0.0019292610485607791
1996-01-03,1.5517,-0.003083841953099853,-0.0030886067922244907
1996-01-04,1.5463,-0.0034800541341755142,-0.003486123608053617
1996-01-05,1.552,0.0036862187156438964,0.0036794412617793663
1996-01-08,1.5495,-0.0016108247422680355,-0.0016121235153611255
1996-01-09,1.5475,-0.001290738948047765,-0.0012915726690517688
1996-01-10,1.5456,-0.001227786752827198,-0.0012285411004976745
1996-01-11,1.5445,-0.0007116977225674059,-0.000711951099617272
1996-01-12,1.5487,0.0027193266429264007,0.002715635963492208
1996-01-15,1.5487,0.0,0.0
1996-01-16,1.538,-0.006909020468780169,-0.006932998256539334
1996-01-17,1.5255,-0.008127438231469442,-0.008160645908864951
1996-01-18,1.5228,-0.0017699115044248481,-0.0017714796483821156
1996-01-19,1.5093,-0.008865248226950229,-0.00890477834295961
1996-01-22,1.5135,0.002782746968793548,0.002778882296390856
1996-01-23,1.5135,0.0,0.0
1996-01-24,1.5092,-0.0028410967955070365,-0.002845140371617878
1996-01-25,1.5075,-0.0011264245958123587,-0.0011270594888148943
1996-01-26,1.503,-0.0029850746268658135,-0.00298953884836616
1996-01-29,1.5063,0.0021956087824350767,0.002193201955794962
1996-01-30,1.5037,-0.0017260837814512264,-0.0017275751804950727
1996-01-31,1.5096,0.0039236549843719715,0.003915977526066128
1996-02-01,1.5132,0.0023847376788552754,0.002381898704533674
1996-02-02,1.519,0.0038329368226273086,0.003825609836898437
1996-02-05,1.5352,0.01066491112574064,0.01060844209771732
1996-02-06,1.5402,0.0032569046378323474,0.0032516124116597133
1996-02-07,1.5365,-0.0024022854174782227,-0.0024051755346103532
1996-02-08,1.5374,0.0005857468272048028,0.0005855753444923814
1996-02-09,1.5318,-0.0036425133342006255,-0.003649163439538494
1996-02-12,1.5308,-0.0006528267397832854,-0.0006530399239459706
1996-02-13,1.534,0.0020904102430101545,0.0020882283756542635
1996-02-14,1.5371,0.002020860495436594,0.002018821303684797
1996-02-15,1.5385,0.0009108060633660209,0.0009103915312099942
1996-02-16,1.5487,0.006629834254143541,0.006607953560032094
1996-02-19,1.5487,0.0,0.0
1996-02-20,1.5445,-0.002711951959708081,-0.002715635963492259
1996-02-21,1.5425,-0.001294917449012667,-0.001295756579093559
1996-02-22,1.5435,0.0006482982171800433,0.00064808816267125
1996-02-23,1.541,-0.0016196954972466093,-0.00162100862209833
1996-02-26,1.54,-0.0006489292667098967,-0.000649139912440876
1996-02-27,1.5398,-0.00012987012987009106,-0.00012987856372561913
1996-02-28,1.5335,-0.004091440446811201,-0.004099833289642887
1996-02-29,1.532,-0.0009781545484186527,-0.0009786332537696184
1996-03-01,1.5273,-0.003067885117493452,-0.003072600724136574
1996-03-04,1.5284,0.000720225234073224,0.000719965996344894
1996-03-05,1.529,0.0003925673907354543,0.00039249035631746084
1996-03-06,1.529,0.0,0.0
1996-03-07,1.53,0.0006540222367561466,0.0006538084574189426
1996-03-08,1.524,-0.0039215686274509665,-0.00392927813988955
1996-03-11,1.5238,-0.0001312335958004729,-0.00013124220768225995
1996-03-12,1.5213,-0.0016406352539702906,-0.0016419825698261547
1996-03-13,1.5225,0.0007887990534409806,0.0007884881149688639
1996-03-14,1.5231,0.00039408866995072067,0.00039401103740623
1996-03-15,1.525,0.0012474558466286645,0.0012466784200537387
1996-03-18,1.53,0.003278688524590345,0.0032733253449693297
1996-03-19,1.5327,0.0017647058823528905,0.0017631506183807813
1996-03-20,1.5376,0.0031969726626215333,0.003191873211166082
1996-03-21,1.536,-0.0010405827263267886,-0.001041124508410615
1996-03-22,1.5334,-0.0016927083333332371,-0.001694142582823326
1996-03-25,1.523,-0.006782313812443097,-0.006805418229632404
1996-03-26,1.524,0.0006565988181221893,0.0006563833514298344
1996-03-27,1.5181,-0.003871391076115449,-0.0038789043079221035
1996-03-28,1.5239,0.0038205651801594964,0.0038132853571457037
1996-03-29,1.5262,0.0015092853861802258,0.0015081475597177795
1996-04-01,1.5244,-0.0011793998165378072,-0.0011800958558276606
1996-04-02,1.5248,0.0002623983206506697,0.00026236390023243785
1996-04-03,1.526,0.0007869884575026909,0.0007866789444647165
1996-04-04,1.5295,0.002293577981651307,0.0022909517465557624
1996-04-05,1.5287,-0.0005230467473030798,-0.0005231835839697411
1996-04-08,1.531,0.0015045463465690467,0.0015034156506953758
1996-04-09,1.5243,-0.0043762246897451895,-0.004385828389887778
1996-04-10,1.5115,-0.008397297119989489,-0.008432753048283143
1996-04-11,1.5125,0.0006615944426067166,0.0006613756854838194
1996-04-12,1.5123,-0.00013223140495866037,-0.00013224014830166055
1996-04-15,1.5085,-0.0025127289558950494,-0.0025158911575791218
1996-04-16,1.5071,-0.0009280742459395475,-0.0009285051734850041
1996-04-17,1.507,-6.635259770437774e-05,-6.635479913536977e-05
1996-04-18,1.51,0.001990710019907249,0.001988731182474702
1996-04-19,1.5168,0.0045033112582781865,0.004493201691787386
1996-04-22,1.5112,-0.003691983122362741,-0.0036988153134574326
1996-04-23,1.5161,0.0032424563260984307,0.0032372109002361308
1996-04-24,1.5138,-0.001517050326495628,-0.0015182022124689133
1996-04-25,1.5127,-0.0007266481701678762,-0.0007269123069135536
1996-04-26,1.5103,-0.001586567065511968,-0.0015878269958576555
1996-04-29,1.5094,-0.0005959080977289144,-0.0005960857215278626
1996-04-30,1.505,-0.002915065588975918,-0.0029193226677920966
1996-05-01,1.4948,-0.006777408637873794,-0.006800479571647314
1996-05-02,1.503,0.005485683703505551,0.005470692141645725
1996-05-03,1.5042,0.0007984031936127955,0.000798084639328239
1996-05-06,1.5072,0.001994415636218605,0.001992429429795921
1996-05-07,1.5125,0.0035164543524415226,0.0035102860828978254
1996-05-08,1.5215,0.005950413223140494,0.005932779432029237
1996-05-09,1.522,0.00032862306933933993,0.0003285690846052511
1996-05-10,1.5223,0.00019710906701697617,0.0001970896435771415
1996-05-13,1.5145,-0.005123825789923209,-0.005136997597916468
1996-05-14,1.5149,0.0002641135688346008,0.00026407869698593
1996-05-15,1.513,-0.0012542081985609244,-0.0012549953759219646
1996-05-16,1.5133,0.00019828155981516105,0.0001982619046248113
1996-05-17,1.515,0.0011233727615145295,0.0011227422504889696
1996-05-20,1.513,-0.0013201320132013583,-0.0013210041551136365
1996-05-21,1.5115,-0.000991407799074584,-0.0009918995688430734
1996-05-22,1.5103,-0.0007939133311281044,-0.0007942286472169194
1996-05-23,1.5134,0.0020525723366220383,0.0020504686881254734
1996-05-24,1.511,-0.0015858332232061567,-0.0015870919876817696
1996-05-27,1.511,0.0,0.0
1996-05-28,1.5127,0.0011250827266711116,0.0011244502954140592
1996-05-29,1.5211,0.005552984729291888,0.005537623749543558
1996-05-30,1.5345,0.008809414239695057,0.008770837742093703
1996-05-31,1.5495,0.009775171065493637,0.009727703168012056
1996-06-03,1.5515,0.0012907389480476539,0.001289906660631859
1996-06-04,1.5485,-0.0019336126329358994,-0.0019354844751774372
1996-06-05,1.5474,-0.0007103648692281528,-0.0007106172979032574
1996-06-06,1.5405,-0.00445909267157818,-0.004469064078631531
1996-06-07,1.541,0.0003245699448231054,0.0003245172833931343
1996-06-10,1.5322,-0.005710577547047291,-0.0057269452373951224
1996-06-11,1.5355,0.0021537658269155102,0.002151449798156476
1996-06-12,1.5345,-0.0006512536633018762,-0.0006514658210862151
1996-06-13,1.532,-0.001629195177582199,-0.0016305237592541789
1996-06-14,1.5358,0.0024804177545691974,0.0024773465959065746
1996-06-17,1.545,0.00599036332855829,0.005972492435402545
1996-06-18,1.5435,-0.0009708737864076999,-0.0009713453896317809
1996-06-19,1.5433,-0.00012957563977988862,-0.00012958403542835632
1996-06-20,1.5418,-0.0009719432385147941,-0.000972415881623909
1996-06-21,1.5383,-0.0022700739395512537,-0.00227265446345649
1996-06-24,1.54,0.0011051160371839952,0.0011045058459695294
1996-06-25,1.5405,0.00032467532467528315,0.0003246226290477281
1996-06-26,1.5414,0.0005842259006816342,0.0005840553071703186
1996-06-27,1.5462,0.003114052160373637,0.003109213542481437
1996-06-28,1.5529,0.004333203983960532,0.004323842688768931
1996-07-01,1.5545,0.0010303303496683736,0.001029799923665057
1996-07-02,1.5583,0.0024445159215182866,0.0024415329527604232
1996-07-03,1.5587,0.00025668998267347476,0.0002566570434365332
1996-07-04,1.5587,0.0,0.0
1996-07-05,1.5522,-0.004170141784820669,-0.004178861074966833
1996-07-08,1.553,0.0005153975003220346,0.0005152647286485324
1996-07-09,1.5495,-0.0022537025112684406,-0.0022562459208840687
1996-07-10,1.5504,0.0005808325266214442,0.0005806639086988101
1996-07-11,1.5555,0.00328947368421062,0.0032840752011900187
1996-07-12,1.5525,-0.0019286403085825299,-0.0019305025300579615
1996-07-15,1.55,-0.0016103059581320522,-0.0016116038943415328
1996-07-16,1.5585,0.005483870967741833,0.005468889294099368
1996-07-17,1.5432,-0.009817131857555395,-0.009865637615872506
1996-07-18,1.5479,0.0030456194919648016,0.0030409909883125415
1996-07-19,1.5466,-0.0008398475353705859,-0.0008402004048968215
1996-07-22,1.5512,0.0029742661321607855,0.002969851753506892
1996-07-23,1.5515,0.00019339865910272813,0.00019337995999293975
1996-07-24,1.5525,0.0006445375443118184,0.0006443299191988014
1996-07-25,1.5572,0.0030273752012881516,0.0030228019286667406
1996-07-26,1.5545,-0.0017338813254559327,-0.0017353862374921475
1996-07-29,1.557,0.0016082341588934401,0.001606942335189733
1996-07-30,1.5558,-0.0007707129094411957,-0.0007710100613245905
1996-07-31,1.5556,-0.00012855122766419758,-0.00012855949108145378
1996-08-01,1.5572,0.001028542041655811,0.0010280134547083007
1996-08-02,1.5418,-0.009889545337785632,-0.009938771711138711
1996-08-05,1.5442,0.0015566221299778693,0.0015554118495535087
1996-08-06,1.5375,-0.004338816215516128,-0.00434825619404247
1996-08-07,1.5418,0.0027967479674797513,0.002792844344488955
1996-08-08,1.5497,0.005123881177844014,0.00511079876812739
1996-08-09,1.549,-0.00045170032909602753,-0.0004518023764207107
1996-08-12,1.5505,0.0009683666881858954,0.0009678981236349717
1996-08-13,1.5499,-0.0003869719445339648,-0.00038704683749850023
1996-08-14,1.5483,-0.0010323246661074759,-0.0010328578802139055
1996-08-15,1.5504,0.0013563262933540265,0.0013554073137106541
1996-08-16,1.5468,-0.0023219814241486336,-0.002324681403359798
1996-08-19,1.5444,-0.0015515903801396336,-0.001552795343060715
1996-08-20,1.5473,0.0018777518777517432,0.0018759911055455214
1996-08-21,1.5497,0.0015510889937311312,0.0015498872976624392
1996-08-22,1.5508,0.0007098148028650275,0.0007095630034847505
1996-08-23,1.553,0.0014186226463761553,0.0014176173519130986
1996-08-26,1.5553,0.0014810045074049594,0.001479908901827283
1996-08-27,1.553,-0.0014788143766475415,-0.0014799089018272954
1996-08-28,1.5593,0.004056664520283304,0.00404845844215268
1996-08-29,1.5563,-0.001923940229590082,-0.0019257933798753324
1996-08-30,1.5612,0.003148493221101223,0.003143547095495477
1996-09-02,1.5612,0.0,0.0
1996-09-03,1.5671,0.003779144248014399,0.003772021222710485
1996-09-04,1.567,-6.38121370684086e-05,-6.381417314944547e-05
1996-09-05,1.5667,-0.00019144862795150708,-0.00019146695657944378
1996-09-06,1.5607,-0.0038297057509414367,-0.003837057850933439
1996-09-09,1.5582,-0.0016018453258153098,-0.0016031296517501296
1996-09-10,1.5569,-0.000834295982544031,-0.0008346442011289913
1996-09-11,1.555,-0.0012203738197700265,-0.0012211190822943017
1996-09-12,1.5538,-0.0007717041800642255,-0.0007720020970140207
1996-09-13,1.5544,0.000386150083665715,0.00038607554690978985
1996-09-16,1.5566,0.001415337107565584,0.0014143364620574285
1996-09-17,1.5545,-0.0013490941796222566,-0.0013500050264792967
1996-09-18,1.5602,0.003666773882277319,0.003660067655404316
1996-09-19,1.5515,-0.005576208178438624,-0.00559181326577783
1996-09-20,1.5555,0.0025781501772477178,0.0025748324492567134
1996-09-23,1.5568,0.0008357441337190075,0.0008353950940488511
1996-09-24,1.558,0.0007708119218912124,0.000770514998953111
1996-09-25,1.5633,0.0034017971758664167,0.0033960241525849816
1996-09-26,1.5613,-0.0012793449753726316,-0.0012801640358040627
1996-09-27,1.563,0.001088836226221801,0.001088243874002079
1996-09-30,1.5653,0.0014715291106845996,0.0014704474727006383
1996-10-01,1.564,-0.0008305117229923109,-0.0008308567889207526
1996-10-02,1.5685,0.002877237851662384,0.0028731065254764296
1996-10-03,1.5661,-0.001530124322601134,-0.0015312961583445704
1996-10-04,1.5623,-0.002426409552391262,-0.0024293580545307176
1996-10-07,1.5635,0.0007680983165845312,0.000767803480038538
1996-10-08,1.5631,-0.0002558362647905321,-0.000255868996470476
1996-10-09,1.5642,0.0007037297677692234,0.0007034822660855957
1996-10-10,1.5651,0.0005753739930953738,0.0005752085289455454
1996-10-11,1.5755,0.006644942815155597,0.006622962500872583
1996-10-14,1.5755,0.0,0.0
1996-10-15,1.5823,0.004316090130117578,0.004306802527608378
1996-10-16,1.5835,0.0007583896859002515,0.0007581022537569462
1996-10-17,1.5863,0.0017682349226397776,0.0017666734357151175
1996-10-18,1.5903,0.0025215911239993005,0.0025184172474606043
1996-10-21,1.5916,0.000817455825944613,0.0008171218909032992
1996-10-22,1.5953,0.0023247046996732745,0.002322006754178296
1996-10-23,1.5968,0.0009402620196827804,0.0009398202502476119
1996-10-24,1.5918,-0.003131262525050027,-0.0031361751854504854
1996-10-25,1.6062,0.009046362608367886,0.009005689382612855
1996-10-28,1.6122,0.0037355248412402897,0.0037285650951388123
1996-10-29,1.6099,-0.0014266220071951219,-0.0014276406012518868
1996-10-30,1.6326,0.014100254674203283,0.014001770769006888
1996-10-31,1.6278,-0.002940095553105593,-0.0029444261243146675
1996-11-01,1.6358,0.004914608674284393,0.004902571407932746
1996-11-04,1.6435,0.004707176916493472,0.004696132803400386
1996-11-05,1.645,0.0009126863401278662,0.0009122700951982591
1996-11-06,1.64,-0.003039513677811634,-0.003044142381228244
1996-11-07,1.6475,0.004573170731707377,0.004562745558418237
1996-11-08,1.647,-0.0003034901365704945,-0.0003035361990218945
1996-11-11,1.647,0.0,0.0
1996-11-12,1.647,0.0,0.0
1996-11-13,1.655,0.004857316332726125,0.004845557633522909
1996-11-14,1.6653,0.006223564954682681,0.006204278553061924
1996-11-15,1.6646,-0.00042034468263973945,-0.00042043305223051056
1996-11-18,1.67,0.0032440225880090434,0.003238772098805942
1996-11-19,1.676,0.00359281437125758,0.003586375631227653
1996-11-20,1.678,0.0011933174224343368,0.0011926059851231061
1996-11-21,1.6887,0.006376638855780881,0.006356394110939292
1996-11-22,1.68,-0.0051518919879197655,-0.0051652087407860455
1996-11-25,1.6695,-0.006249999999999978,-0.006269613013595374
1996-11-26,1.673,0.002096436058700135,0.002094241603114685
1996-11-27,1.676,0.001793185893604221,0.0017915800552042954
1996-11-28,1.676,0.0,0.0
1996-11-29,1.682,0.0035799522673030104,0.003573559490864922
1996-12-02,1.684,0.0011890606420927874,0.0011883542693787133
1996-12-03,1.642,-0.02494061757719712,-0.025256904789898477
1996-12-04,1.6387,-0.0020097442143726107,-0.0020117664601950387
1996-12-05,1.6268,-0.0072618539085861356,-0.00728834951910898
1996-12-06,1.6415,0.009036144578313143,0.008995562908577783
1996-12-09,1.6475,0.0036551934206519032,0.0036485294350149843
1996-12-10,1.6505,0.0018209408194234111,0.0018192849165854616
1996-12-11,1.658,0.00454407755225672,0.00453378440199241
1996-12-12,1.657,-0.0006031363088057073,-0.0006033182686772893
1996-12-13,1.6603,0.001991550995775526,0.0019895704871777794
1996-12-16,1.6622,0.0011443714991266063,0.0011437172051852514
1996-12-17,1.672,0.005895800745999269,0.0058784885257209514
1996-12-18,1.6722,0.00011961722488029736,0.00011961007131050775
1996-12-19,1.6525,-0.011780887453653799,-0.011850831990116103
1996-12-20,1.667,0.00877458396369124,0.008736311024952516
1996-12-23,1.6715,0.002699460107978391,0.002695823109359285
1996-12-24,1.6715,0.0,0.0
1996-12-25,1.6715,0.0,0.0
1996-12-26,1.6726,0.0006580915345497651,0.0006578750872720502
1996-12-27,1.6917,0.011419347124237644,0.011354638533820668
1996-12-30,1.6908,-0.0005320092214931016,-0.0005321507886112133
1996-12-31,1.7123,0.012715874142417594,0.012635706302290429
1997-01-01,1.7123,0.0,0.0
1997-01-02,1.687,-0.014775448227530186,-0.01488569244895713
1997-01-03,1.69,0.001778304682868992,0.0017767253711508493
1997-01-06,1.685,-0.002958579881656709,-0.0029629651306569606
1997-01-07,1.695,0.005934718100890191,0.0059171770280885185
1997-01-08,1.6871,-0.004660766961651963,-0.004671662202621513
1997-01-09,1.6945,0.0043862248829351635,0.00437663343517681
1997-01-10,1.6814,-0.007730894069046812,-0.00776093234590945
1997-01-13,1.6713,-0.00600689901272744,-0.00602501300631693
1997-01-14,1.6695,-0.001077005923532548,-0.0010775863111702484
1997-01-15,1.6785,0.005390835579514919,0.005376357036380496
1997-01-16,1.6762,-0.001370271075365026,-0.0013712107552839186
1997-01-17,1.6602,-0.00954540031022555,-0.00959124964387063
1997-01-20,1.6602,0.0,0.0
1997-01-21,1.6632,0.0018070112034695995,0.0018053805228680825
1997-01-22,1.6534,-0.005892255892255949,-0.0059096837252279886
1997-01-23,1.6285,-0.01505987661787822,-0.015174428102286962
1997-01-24,1.6283,-0.0001228124040527634,-0.00012281994611357006
1997-01-27,1.624,-0.0026407910090278097,-0.0026442840485512943
1997-01-28,1.6155,-0.005233990147783363,-0.0052477354570704265
1997-01-29,1.6207,0.003218817703497523,0.0032136483995211006
1997-01-30,1.6183,-0.0014808416116492973,-0.001481939141234161
1997-01-31,1.6012,-0.01056664400914542,-0.010622867404421213
1997-02-03,1.6135,0.007681738695977991,0.007652384373597937
1997-02-04,1.6207,0.004462348930895699,0.004452422172057509
1997-02-05,1.638,0.010674399950638458,0.010617830748940685
1997-02-06,1.6355,-0.0015262515262515208,-0.0015274174345761271
1997-02-07,1.6228,-0.007765209416080721,-0.007795515646146444
1997-02-10,1.639,0.00998274587133352,0.00993324741153754
1997-02-11,1.644,0.003050640634533197,0.003045996872295486
1997-02-12,1.6338,-0.0062043795620437825,-0.006223706708356298
1997-02-13,1.623,-0.006610356224752034,-0.0066323013931776234
1997-02-14,1.6207,-0.0014171287738755645,-0.0014181338505173443
1997-02-17,1.6207,0.0,0.0
1997-02-18,1.6022,-0.011414820756463273,-0.01148046988305748
1997-02-19,1.6138,0.007240044938209955,0.0072139616333897535
1997-02-20,1.6107,-0.0019209319618291865,-0.0019227793177726538
1997-02-21,1.6155,0.002980070776680943,0.0029756391679194444
1997-02-24,1.6333,0.011018260600433427,0.01095800179454076
1997-02-25,1.6323,-0.0006122573930079644,-0.0006124448991041795
1997-02-26,1.633,0.0004288427372418635,0.0004287508104756993
1997-02-27,1.6265,-0.003980404164115048,-0.003988347057058888
1997-02-28,1.6287,0.0013525976022132902,0.001351683666108897
1997-03-03,1.6175,-0.006876650089028158,-0.006900403204459564
1997-03-04,1.6155,-0.001236476043276702,-0.0012372411105027238
1997-03-05,1.6117,-0.0023522129371711387,-0.002354983735880518
1997-03-06,1.6131,0.0008686480114166173,0.0008682709550697802
1997-03-07,1.6032,-0.0061372512553468095,-0.006156161593196392
1997-03-10,1.6005,-0.0016841317365269282,-0.0016855514806278955
1997-03-11,1.6058,0.003311465167135097,0.0033059943406657
1997-03-12,1.5932,-0.007846556233652935,-0.007877502443094386
1997-03-13,1.5965,0.002071303037911143,0.002069160847347567
1997-03-14,1.6022,0.0035703100532415988,0.0035639516261798555
1997-03-17,1.59,-0.007614530021220811,-0.00764366856673921
1997-03-18,1.589,-0.0006289308176101738,-0.0006291286775613404
1997-03-19,1.5968,0.004908747640025135,0.0048967390204835105
1997-03-20,1.5948,-0.0012525050100200552,-0.0012532900499995878
1997-03-21,1.6015,0.004201153749686437,0.004192353542012835
1997-03-24,1.6171,0.009740867936309794,0.009693731534685394
1997-03-25,1.6172,6.183909467560866e-05,6.183718271761561e-05
1997-03-26,1.6276,0.006430868167202508,0.006410278360919019
1997-03-27,1.6312,0.0022118456623250182,0.002209403132710655
1997-03-28,1.6315,0.00018391368317804968,0.000183896773129914
1997-03-31,1.6448,0.008152007355194613,0.008118959227470664
1997-04-01,1.6485,0.0022495136186770903,0.002246987250939821
1997-04-02,1.6425,-0.0036396724294813776,-0.0036463121530201986
1997-04-03,1.646,0.0021308980213088358,0.0021286308782494
1997-04-04,1.6389,-0.004313487241798253,-0.004322817167233423
1997-04-07,1.6277,-0.0068338519738849746,-0.006857309672329171
1997-04-08,1.6233,-0.002703200835534769,-0.002706861080653224
1997-04-09,1.622,-0.0008008377995440963,-0.0008011586414410013
1997-04-10,1.623,0.0006165228113439447,0.0006163328392329074
1997-04-11,1.6245,0.0009242144177450395,0.000923787594563903
1997-04-14,1.6225,-0.001231148045552466,-0.0012319065309099218
1997-04-15,1.6255,0.001848998459167861,0.0018472911657148822
1997-04-16,1.6225,-0.0018455859735465596,-0.0018472911657149303
1997-04-17,1.631,0.005238828967642606,0.005225154042768889
1997-04-18,1.6315,0.0003065603923972926,0.00030651341236143277
1997-04-21,1.6353,0.0023291449586271273,0.0023264367049696676
1997-04-22,1.6362,0.0005503577325263187,0.0005502063412531347
1997-04-23,1.6213,-0.009106466202175811,-0.009148183523574417
1997-04-24,1.625,0.002282119286991957,0.002279519207814434
1997-04-25,1.6235,-0.0009230769230769154,-0.0009235032209372084
1997-04-28,1.6232,-0.0001847859562672527,-0.00018480303129558552
1997-04-29,1.6312,0.00492853622474132,0.0049164307486405006
1997-04-30,1.62,-0.0068661108386463,-0.006889791033815565
1997-05-01,1.6238,0.002345679012345503,0.002342932201916149
1997-05-02,1.6215,-0.0014164305949008194,-0.0014174346809733935
1997-05-05,1.62,-0.0009250693802034249,-0.0009254975209428101
1997-05-06,1.6375,0.010802469135802406,0.010744539282977163
1997-05-07,1.6364,-0.0006717557251907369,-0.0006719814541633809
1997-05-08,1.62,-0.010021999511121926,-0.010072557828813692
1997-05-09,1.621,0.0006172839506171091,0.0006170935092461688
1997-05-12,1.6235,0.0015422578655150954,0.0015410698072245224
1997-05-13,1.6319,0.005174006775485074,0.0051606675939882985
1997-05-14,1.64,0.004963539432563335,0.004951261681355241
1997-05-15,1.6385,-0.0009146341463414087,-0.0009150526793747656
1997-05-16,1.6335,-0.0030515715593530945,-0.0030562370977444612
1997-05-19,1.638,0.0027548209366390353,0.0027510333718897976
1997-05-20,1.6438,0.0035409035409035283,0.003534649301384892
1997-05-21,1.6465,0.00164253558827121,0.001641188102019466
1997-05-22,1.6235,-0.013969025204980334,-0.014067510273518404
1997-05-23,1.6324,0.005481983369264087,0.005467011988750125
1997-05-26,1.6324,0.0,0.0
1997-05-27,1.629,-0.0020828228375399105,-0.0020849949296055806
1997-05-28,1.6382,0.005647636586863181,0.00563174847945661
1997-05-29,1.6405,0.0014039799780245499,0.0014029953196545459
1997-05-30,1.636,-0.0027430661383724964,-0.002746835238464007
1997-06-02,1.6343,-0.0010391198044008565,-0.0010396600636799764
1997-06-03,1.6342,-6.118827632628498e-05,-6.119014840523145e-05
1997-06-04,1.6272,-0.004283441439236424,-0.00429264165631166
1997-06-05,1.6328,0.003441494591937211,0.0034355862013396733
1997-06-06,1.628,-0.0029397354238119844,-0.002944064933149558
1997-06-09,1.6355,0.004606879606879666,0.004596300415953052
1997-06-10,1.6382,0.001650871293182643,0.0016495101030631948
1997-06-11,1.637,-0.0007325112928824318,-0.0007327797103667621
1997-06-12,1.6352,-0.0010995723885155462,-0.0011001773617495749
1997-06-13,1.637,0.0011007827788649394,0.0011001773617495749
1997-06-16,1.6357,-0.0007941356139279376,-0.0007944511066549907
1997-06-17,1.6385,0.0017118053432780833,0.0017103418743893292
1997-06-18,1.6384,-6.1031431187075214e-05,-6.1033293680652405e-05
1997-06-19,1.648,0.005859375,0.005842275624228361
1997-06-20,1.6537,0.003458737864077799,0.0034527701867338154
1997-06-23,1.6688,0.009131039487210613,0.009089603590357419
1997-06-24,1.6643,-0.0026965484180250243,-0.0027001906538273177
1997-06-25,1.6625,-0.0010815357808086068,-0.001082121062671432
1997-06-26,1.666,0.00210526315789461,0.0021030501967786684
1997-06-27,1.662,-0.0024009603841537164,-0.0024038473113945544
1997-06-30,1.665,0.0018050541516245744,0.0018034269991507267
1997-07-01,1.6574,-0.004564564564564555,-0.004575013999602087
1997-07-02,1.667,0.005792204657897981,0.005775494335851966
1997-07-03,1.6885,0.012897420515896707,0.012814957074828274
1997-07-04,1.6885,0.0,0.0
1997-07-07,1.687,-0.0008883624518802868,-0.0008887572796540072
1997-07-08,1.6885,0.000889152341434496,0.0008887572796540845
1997-07-09,1.684,-0.0026650873556410826,-0.002668645023350333
1997-07-10,1.6881,0.0024346793349168117,0.002431720305070899
1997-07-11,1.6935,0.0031988626266217235,0.0031937571504834883
1997-07-14,1.6882,-0.0031296132270446364,-0.0031345207082068656
1997-07-15,1.6765,-0.0069304584764837696,-0.0069545856433362975
1997-07-16,1.6745,-0.0011929615269907767,-0.0011936736720239754
1997-07-17,1.675,0.00029859659599873467,0.0002985520249074603
1997-07-18,1.6761,0.0006567164179103191,0.000656500874045843
1997-07-21,1.6776,0.0008949346697690874,0.0008945344544973924
1997-07-22,1.6744,-0.0019074868860275984,-0.0019093084559201558
1997-07-23,1.6779,0.002090301003344397,0.0020881193638619187
1997-07-24,1.6729,-0.00297991537040343,-0.0029843641584168714
1997-07-25,1.6628,-0.00603742004901664,-0.006055718958752643
1997-07-28,1.6292,-0.020206879961510715,-0.020413831604224872
1997-07-29,1.6275,-0.0010434569113675352,-0.0010440016915331998
1997-07-30,1.621,-0.0039938556067588005,-0.0040018523470481725
1997-07-31,1.6388,0.010980876002467665,0.01092102393703996
1997-08-01,1.6348,-0.0024408103490358712,-0.0024437939825937586
1997-08-04,1.6283,-0.003976021531685747,-0.0039839469199475916
1997-08-05,1.625,-0.0020266535650679263,-0.0020287100063367696
1997-08-06,1.6008,-0.01489230769230765,-0.015004311494314162
1997-08-07,1.5875,-0.008308345827086505,-0.00834305250267699
1997-08-08,1.585,-0.0015748031496062298,-0.0015760444554656545
1997-08-11,1.5902,0.0032807570977919642,0.0032753871560022726
1997-08-12,1.5775,-0.007986416802918006,-0.008018479052015009
1997-08-13,1.5825,0.0031695721077655836,0.0031645596029631616
1997-08-14,1.5865,0.0025276461295418162,0.0025244570049189575
1997-08-15,1.609,0.014182161991805886,0.014082535969132975
1997-08-18,1.6088,-0.00012430080795522436,-0.000124308533940891
1997-08-19,1.6035,-0.0032943809050224315,-0.003299819325232738
1997-08-20,1.5923,-0.006984720922980858,-0.007009228270829098
1997-08-21,1.5905,-0.0011304402436727035,-0.0011310796731816173
1997-08-22,1.6081,0.011065702609242445,0.01100492567078022
1997-08-25,1.6052,-0.0018033704371619441,-0.0018049984672173678
1997-08-26,1.6121,0.004298529778220761,0.004289317489191137
1997-08-27,1.6103,-0.001116556044910344,-0.0011171798580024745
1997-08-28,1.6158,0.0034155126373967004,0.0034096930216578453
1997-08-29,1.6203,0.0027849981433347715,0.0027811272213471043
1997-09-01,1.6203,0.0,0.0
1997-09-02,1.5897,-0.01888539159414937,-0.019065998100129183
1997-09-03,1.5846,-0.003208152481600224,-0.0032133096356844765
1997-09-04,1.5855,0.0005679666792881566,0.00056780544726049
1997-09-05,1.592,0.004099653106275802,0.004091272425926487
1997-09-08,1.5827,-0.005841708542713597,-0.005858838065090887
1997-09-09,1.5882,0.003475074240222531,0.003469050121873245
1997-09-10,1.589,0.0005037148973681127,0.0005035880756054177
1997-09-11,1.5968,0.004908747640025135,0.0048967390204835105
1997-09-12,1.6085,0.007327154308617301,0.0073004411218815755
1997-09-15,1.6042,-0.0026732981038234405,-0.002676877746256865
1997-09-16,1.5941,-0.006295973070689409,-0.006315876293223191
1997-09-17,1.5985,0.00276017815695373,0.002756375860295148
1997-09-18,1.6137,0.009508914607444297,0.009463989447410257
1997-09-19,1.6112,-0.0015492346780690003,-0.0015504359830086955
1997-09-22,1.6025,-0.0053997020854021915,-0.0054143331694727495
1997-09-23,1.6115,0.0056162246489859236,0.0056005124606674
1997-09-24,1.6103,-0.0007446478436238246,-0.0007449252315420901
1997-09-25,1.6279,0.010929640439669486,0.010870343590513741
1997-09-26,1.61,-0.010995761410405924,-0.011056661635955402
1997-09-29,1.6142,0.002608695652173809,0.002605298911763173
1997-09-30,1.6117,-0.0015487548011400287,-0.0015499553615996896
1997-10-01,1.6145,0.0017372960228330125,0.0017357886696574725
1997-10-02,1.6135,-0.0006193868070610842,-0.0006195787063134663
1997-10-03,1.613,-0.00030988534242326615,-0.00030993336680761534
1997-10-06,1.613,0.0,0.0
1997-10-07,1.6195,0.004029758214507018,0.004021660486175016
1997-10-08,1.6208,0.0008027168879283231,0.0008023948830348956
1997-10-09,1.6245,0.0022828232971372486,0.0022802216147360917
1997-10-10,1.6207,-0.002339181286549752,-0.0023419214450811437
1997-10-13,1.6207,0.0,0.0
1997-10-14,1.6197,-0.000617017338187309,-0.0006172077717230121
1997-10-15,1.6235,0.0023461134778044457,0.00234336565054957
1997-10-16,1.6187,-0.0029565753002771533,-0.0029609546029858184
1997-10-17,1.6145,-0.002594674738988112,-0.002598046741584929
1997-10-20,1.6297,0.009414679467327325,0.00937063758361316
1997-10-21,1.6338,0.002515800454071293,0.002512641125825819
1997-10-22,1.6338,0.0,0.0
1997-10-23,1.6317,-0.0012853470437017567,-0.0012861738107441186
1997-10-24,1.6347,0.0018385732671448718,0.001836885160137774
1997-10-27,1.6548,0.012295834097999725,0.012220854330094177
1997-10-28,1.6756,0.012569494802997294,0.012491154485623322
1997-10-29,1.6721,-0.0020888040105037087,-0.0020909886042564424
1997-10-30,1.6655,-0.003947132348543714,-0.003954942834888996
1997-10-31,1.6786,0.007865505854097954,0.007834734014992916
1997-11-03,1.6763,-0.0013701894435840245,-0.0013711290114951041
1997-11-04,1.6832,0.004116208315934067,0.004107759906158731
1997-11-05,1.6775,-0.0033864068441065154,-0.003392153697553917
1997-11-06,1.692,0.008643815201192284,0.008606671320331764
1997-11-07,1.6905,-0.0008865248226950229,-0.0008869180182278928
1997-11-10,1.6893,-0.0007098491570540766,-0.000710101219258116
1997-11-11,1.6893,0.0,0.0
1997-11-12,1.7035,0.008405848576333419,0.008370716172338765
1997-11-13,1.701,-0.0014675667742881648,-0.0014686447051594285
1997-11-14,1.6931,-0.004644326866549142,-0.004655145261675691
1997-11-17,1.6931,0.0,0.0
1997-11-18,1.6955,0.0014175181619513477,0.001416514431507077
1997-11-19,1.6911,-0.002595104688882355,-0.002598477810054309
1997-11-20,1.6925,0.0008278635207852325,0.0008275210307909893
1997-11-21,1.6892,-0.0019497784342688007,-0.0019516817266415165
1997-11-24,1.69,0.00047359696897930625,0.00047348485733055446
1997-11-25,1.6805,-0.005621301775147858,-0.005637160751958732
1997-11-26,1.6735,-0.004165426956263096,-0.004174126513779132
1997-11-27,1.6735,0.0,0.0
1997-11-28,1.6885,0.008963250672243683,0.008923319174240971
1997-12-01,1.6825,-0.0035534498075213694,-0.0035597783067394186
1997-12-02,1.6817,-0.00047548291233290296,-0.0004755959901786728
1997-12-03,1.684,0.0013676636736634773,0.0013667292735676973
1997-12-04,1.6705,-0.008016627078384686,-0.008048933005460699
1997-12-05,1.6585,-0.007183478000598598,-0.00720940340970409
1997-12-08,1.6472,-0.0068133855893880435,-0.0068367026735274596
1997-12-09,1.6528,0.003399708596406148,0.003393942651794533
1997-12-10,1.6495,-0.0019966118102614505,-0.0019986076967380625
1997-12-11,1.6552,0.003455592603819335,0.003449635762697157
1997-12-12,1.6501,-0.0030811986466893204,-0.0030859553125741094
1997-12-15,1.6333,-0.010181201139324858,-0.010233384059665649
1997-12-16,1.6326,-0.0004285801751056084,-0.00042867204183796636
1997-12-17,1.6507,0.011086610314835266,0.01102560433623973
1997-12-18,1.6635,0.007754286060459137,0.007724376105036047
1997-12-19,1.6684,0.002945596633603831,0.002941266864258747
1997-12-22,1.6617,-0.004015823543514818,-0.004023908615622347
1997-12-23,1.668,0.0037912980682432984,0.0037841292115240936
1997-12-24,1.6675,-0.0002997601918465209,-0.0002998051289132824
1997-12-25,1.6675,0.0,0.0
1997-12-26,1.6695,0.0011994002998501063,0.0011986815939304609
1997-12-29,1.6683,-0.0007187780772687224,-0.0007190365220813013
1997-12-30,1.6552,-0.007852304741353455,-0.007883296430294697
1997-12-31,1.6427,-0.00755195746737547,-0.007580617884179041
1998-01-01,1.6427,0.0,0.0
1998-01-02,1.6417,-0.0006087538808060566,-0.0006089392466817031
1998-01-05,1.633,-0.00529938478406522,-0.0053134763300073315
1998-01-06,1.6335,0.0003061849357011148,0.0003061380706596921
1998-01-07,1.6253,-0.005019895928986884,-0.005032537931994658
1998-01-08,1.6114,-0.008552267273734149,-0.008589047766034736
1998-01-09,1.6165,0.003164949733151401,0.0031599518223923025
1998-01-12,1.6221,0.0034642746674915514,0.003458287890581142
1998-01-13,1.6345,0.0076444115652549716,0.007615341108196504
1998-01-14,1.6301,-0.0026919547262159726,-0.0026955845520212256
1998-01-15,1.63,-6.134592969764263e-05,-6.134781143614626e-05
1998-01-16,1.6337,0.0022699386503066687,0.0022673662316547907
1998-01-19,1.6337,0.0,0.0
1998-01-20,1.6271,-0.004039909408092068,-0.004048091887189592
1998-01-21,1.6264,-0.0004302132628603017,-0.0004303058311364243
1998-01-22,1.6498,0.014387604525331943,0.014285085112494367
1998-01-23,1.6687,0.011455934052612582,0.011390811726225927
1998-01-26,1.6525,-0.009708156049619499,-0.009755587427015792
1998-01-27,1.6474,-0.003086232980332837,-0.0030910052186929925
1998-01-28,1.643,-0.0026708753186839296,-0.002674448469880229
1998-01-29,1.64,-0.0018259281801583649,-0.0018275972190240914
1998-01-30,1.6325,-0.004573170731707266,-0.004583659667657928
1998-02-02,1.638,0.0033690658499232473,0.0033634032624284245
1998-02-03,1.6423,0.002625152625152838,0.002621712930500724
1998-02-04,1.658,0.009559763745965899,0.009514358351724915
1998-02-05,1.6545,-0.0021109770808201977,-0.002113208333573364
1998-02-06,1.6475,-0.004230885463886391,-0.004239860985004589
1998-02-09,1.6338,-0.00831562974203337,-0.008350397468893355
1998-02-10,1.623,-0.006610356224752034,-0.0066323013931776234
1998-02-11,1.6324,0.005791743684534945,0.005775036017059537
1998-02-12,1.6379,0.003369272237196741,0.0033636089566832024
1998-02-13,1.6345,-0.0020758288051773155,-0.002077986324068492
1998-02-16,1.6345,0.0,0.0
1998-02-17,1.6312,-0.0020189660446620072,-0.0020210069040199185
1998-02-18,1.6395,0.005088278567925375,0.005075377024457445
1998-02-19,1.6355,-0.0024397682220188566,-0.00244274930626429
1998-02-20,1.6363,0.0004891470498318284,0.0004890274564112388
1998-02-23,1.647,0.006539143188901697,0.006517855742790363
1998-02-24,1.6455,-0.0009107468123862317,-0.0009111617942457701
1998-02-25,1.6484,0.0017623822546339873,0.0017608310812677944
1998-02-26,1.6448,-0.0021839359378791334,-0.002186324203816292
1998-02-27,1.6453,0.00030398832684830346,0.0003039421317584817
1998-03-02,1.6472,0.0011548045949067998,0.0011541383209753902
1998-03-03,1.6525,0.003217581350170029,0.0032124160122617017
1998-03-04,1.646,-0.003933434190620422,-0.003941190488826379
1998-03-05,1.645,-0.0006075334143377242,-0.0006077180375427904
1998-03-06,1.6325,-0.0075987841945288626,-0.007627802048886127
1998-03-09,1.6364,0.002388973966309438,0.0023861249046574695
1998-03-10,1.6381,0.0010388658029820697,0.0010383265553420742
1998-03-11,1.6467,0.0052499847384166465,0.005236251613367744
1998-03-12,1.6561,0.005708386469909454,0.005692155371491986
1998-03-13,1.6658,0.005857134231024741,0.005840047905794896
1998-03-16,1.6682,0.001440749189578483,0.0014397123062712225
1998-03-17,1.6743,0.0036566358949765565,0.003649966654986079
1998-03-18,1.6711,-0.0019112464910707727,-0.001913075253160508
1998-03-19,1.6678,-0.0019747471725211074,-0.0019766995564519845
1998-03-20,1.6643,-0.002098572970380186,-0.0021007780602042433
1998-03-23,1.679,0.008832542209938232,0.00879376348486016
1998-03-24,1.6751,-0.0023228111971411725,-0.0023255131078998926
1998-03-25,1.6739,-0.000716375141782688,-0.0007166318610667678
1998-03-26,1.686,0.007228627755540895,0.0072026264532264244
1998-03-27,1.6825,-0.0020759193357057226,-0.002078077042917806
1998-03-30,1.6775,-0.002971768202080338,-0.0029761926730461127
1998-03-31,1.6765,-0.0005961251862890427,-0.0005963029395535491
1998-04-01,1.674,-0.0014912019087385264,-0.0014923148568626845
1998-04-02,1.6665,-0.0044802867383512135,-0.004490353301626212
1998-04-03,1.6575,-0.005400540054005476,-0.00541517568777688
1998-04-06,1.6635,0.0036199095022624306,0.0036133733985138313
1998-04-07,1.6658,0.001382626991283331,0.001381672042708591
1998-04-08,1.6683,0.0015007804058109198,0.0014996553603877734
1998-04-09,1.6725,0.002517532817838619,0.0025143691407556253
1998-04-10,1.6718,-0.0004185351270553639,-0.00041862273732782396
1998-04-13,1.6668,-0.0029907883718147676,-0.002995269716757314
1998-04-14,1.684,0.010319174466042691,0.01026629525397362
1998-04-15,1.683,-0.00059382422802845,-0.0005940006114659757
1998-04-16,1.691,0.004753416518122444,0.004742154707774335
1998-04-17,1.684,-0.004139562389118945,-0.004148154096308343
1998-04-20,1.6757,-0.004928741092636524,-0.004940927395593541
1998-04-21,1.6762,0.0002983827654114979,0.0002983382581274015
1998-04-22,1.6718,-0.0026249850853119483,-0.002628436399749997
1998-04-23,1.6665,-0.003170235674123667,-0.0031752715172613396
1998-04-24,1.6678,0.0007800780078006664,0.000779773905090487
1998-04-27,1.6733,0.003297757524883149,0.0032923318476429965
1998-04-28,1.6673,-0.0035857287993784626,-0.003592172934114703
1998-04-29,1.6702,0.0017393390511604157,0.00173782815271571
1998-04-30,1.6727,0.0014968267273380853,0.0014957075988340305
1998-05-01,1.6675,-0.0031087463382555303,-0.0031135885281842646
1998-05-04,1.666,-0.0008995502248876353,-0.0008999550629908624
1998-05-05,1.6605,-0.0033013205282111935,-0.0033067819099866485
1998-05-06,1.661,0.0003011141222521996,0.0003010687964934788
1998-05-07,1.6485,-0.007525586995785649,-0.007554047101509106
1998-05-08,1.638,-0.006369426751592466,-0.006389798098771122
1998-05-11,1.63,-0.004884004884004867,-0.004895970612206698
1998-05-12,1.6347,0.0028834355828222247,0.002879286456354472
1998-05-13,1.6308,-0.002385758854835718,-0.0023886093120639817
1998-05-14,1.6306,-0.0001226391954868289,-0.00012264671628786666
1998-05-15,1.6278,-0.001717159327854878,-0.0017186353358694623
1998-05-18,1.6235,-0.002641602162427814,-0.002645097350040415
1998-05-19,1.6232,-0.0001847859562672527,-0.00018480303129558552
1998-05-20,1.6332,0.0061606702809264835,0.00614177093381563
1998-05-21,1.6305,-0.0016531961792799477,-0.0016545642160468792
1998-05-22,1.6318,0.0007973014412756552,0.0007969837653259724
1998-05-25,1.6318,0.0,0.0
1998-05-26,1.6365,0.002880254933202764,0.002876114946535541
1998-05-27,1.6322,-0.0026275588145432405,-0.002631016906092715
1998-05-28,1.6277,-0.002757015071682467,-0.0027608226376900358
1998-05-29,1.6308,0.0019045278613996075,0.0019027165476458914
1998-06-01,1.6392,0.005150846210448812,0.005137625979591613
1998-06-02,1.6388,-0.00024402147388968842,-0.0002440512519739746
1998-06-03,1.6385,-0.00018306077617769034,-0.00018307753384672352
1998-06-04,1.6395,0.0006103143118705301,0.0006101281458335731
1998-06-05,1.6351,-0.0026837450442207533,-0.002687352744162151
1998-06-08,1.6324,-0.001651275151366871,-0.0016526400088901104
1998-06-09,1.6347,0.0014089683901004069,0.0014079767255116748
1998-06-10,1.6277,-0.004282131277910439,-0.004291325859709938
1998-06-11,1.6292,0.0009215457393869642,0.0009211213768050808
1998-06-12,1.6315,0.0014117358212619724,0.0014107402591178016
1998-06-15,1.6315,0.0,0.0
1998-06-16,1.6525,0.012871590560833646,0.012789455692466095
1998-06-17,1.662,0.005748865355521771,0.005732403689551985
1998-06-18,1.6705,0.005114320096269553,0.005101286381417723
1998-06-19,1.6735,0.0017958695001496494,0.001794258854570069
1998-06-22,1.672,-0.0008963250672243683,-0.0008967270067343564
1998-06-23,1.6641,-0.004724880382775076,-0.004736077915348343
1998-06-24,1.6683,0.0025238867856498537,0.002520707132329398
1998-06-25,1.6722,0.0023377090451357496,0.0023349808543295177
1998-06-26,1.6608,-0.006817366343738751,-0.006840710744387988
1998-06-29,1.6645,0.0022278420038535085,0.0022253640435100763
1998-06-30,1.6695,0.0030039050765995334,0.002999402368629533
1998-07-01,1.6616,-0.004731955675351895,-0.0047431868218066565
1998-07-02,1.6565,-0.0030693307655271784,-0.003074050821951973
1998-07-03,1.6471,-0.0056746151524298405,-0.0056907769513204675
1998-07-06,1.6442,-0.0017606702689575426,-0.0017622220705970472
1998-07-07,1.6375,-0.004074930057170745,-0.004083255208626138
1998-07-08,1.6369,-0.0003664122137404524,-0.00036647935909806185
1998-07-09,1.6315,-0.0032989186877635523,-0.003304372116933701
1998-07-10,1.6325,0.0006129328838493375,0.0006127451172109327
1998-07-13,1.6412,0.0053292496171515324,0.0053150994174448185
1998-07-14,1.6355,-0.0034730684864733297,-0.003479113589592437
1998-07-15,1.6337,-0.001100580862121725,-0.0011011869459757624
1998-07-16,1.6387,0.003060537430372934,0.0030558635197156588
1998-07-17,1.6427,0.0024409592970038307,0.0024379849949758797
1998-07-20,1.648,0.003226395568271645,0.0032212019222627474
1998-07-21,1.643,-0.0030339805825242427,-0.0030385924321488992
1998-07-22,1.642,-0.000608642726719455,-0.0006088280248945883
1998-07-23,1.6474,0.003288672350791666,0.0032832764947747844
1998-07-24,1.6594,0.007284205414592737,0.007257803723036598
1998-07-27,1.6565,-0.0017476196215499007,-0.0017491484902343098
1998-07-28,1.6485,-0.004829459704195571,-0.004841159228164786
1998-07-29,1.644,-0.0027297543221110887,-0.002733486895660598
1998-07-30,1.6415,-0.0015206812652067692,-0.0015218386744778214
1998-07-31,1.6349,-0.0040207127627169825,-0.0040288175602805065
1998-08-03,1.6245,-0.006361245336106158,-0.006381564272211791
1998-08-04,1.633,0.00523237919359798,0.0052187378613100695
1998-08-05,1.636,0.001837109614206911,0.0018354241922271825
1998-08-06,1.6332,-0.0017114914425427896,-0.001712957717271669
1998-08-07,1.629,-0.0025716385011020915,-0.002574950843375529
1998-08-10,1.6328,0.0023327194597912992,0.002330002893589924
1998-08-11,1.6295,-0.0020210681038707046,-0.002023113218018858
1998-08-12,1.629,-0.00030684258975144374,-0.0003068896755710893
1998-08-13,1.6265,-0.0015346838551257846,-0.001535862688638924
1998-08-14,1.6184,-0.00498001844451279,-0.0049924600598704695
1998-08-17,1.6162,-0.001359367276322243,-0.001360292054188397
1998-08-18,1.6162,0.0,0.0
1998-08-19,1.6227,0.004021779482737298,0.00401371374614372
1998-08-20,1.6275,0.002958032908116026,0.0029536665372332615
1998-08-21,1.6363,0.005407066052227405,0.005392500352125621
1998-08-24,1.641,0.002872333924097026,0.002868216655241008
1998-08-25,1.6395,-0.000914076782449813,-0.0009144948053880417
1998-08-26,1.6385,-0.0006099420555046864,-0.0006101281458336156
1998-08-27,1.6405,0.0012206286237412822,0.0012198842622870919
1998-08-28,1.672,0.01920146296860703,0.01901944124349051
1998-08-31,1.676,0.0023923444976077235,0.0023894873973814854
1998-09-01,1.674,-0.0011933174224343368,-0.0011940299926076895
1998-09-02,1.6686,-0.003225806451612856,-0.0032310205814464203
1998-09-03,1.6762,0.004554716528826441,0.004544375196831532
1998-09-04,1.672,-0.0025056675814342233,-0.0025088120201589076
1998-09-07,1.672,0.0,0.0
1998-09-08,1.6581,-0.008313397129186662,-0.008348146137320031
1998-09-09,1.662,0.0023520897412701025,0.0023493279080665152
1998-09-10,1.6816,0.011793020457280479,0.01172402470729327
1998-09-11,1.6847,0.0018434823977164783,0.0018417852694717245
1998-09-14,1.6775,-0.00427375793909901,-0.004282916546321589
1998-09-15,1.6742,-0.0019672131147541183,-0.001969150619880872
1998-09-16,1.6758,0.0009556803249313184,0.0009552239532300805
1998-09-17,1.684,0.004893185344313045,0.004881252623085839
1998-09-18,1.6835,-0.0002969121140141695,-0.000296956201142778
1998-09-21,1.6845,0.0005940005940006099,0.0005938242454784023
1998-09-22,1.6837,-0.0004749183734046314,-0.0004750311828535973
1998-09-23,1.6798,-0.0023163271366632987,-0.0023190139722272783
1998-09-24,1.6945,0.008751041790689307,0.008712973355579221
1998-09-25,1.7023,0.004603127766302784,0.004592565773418804
1998-09-28,1.704,0.0009986488868001242,0.0009981505687361623
1998-09-29,1.7068,0.0016431924882629456,0.0016418439245838952
1998-09-30,1.6995,-0.004277009608624427,-0.004286182177674305
1998-10-01,1.7045,0.0029420417769931984,0.0029377224417870547
1998-10-02,1.7026,-0.0011146963919037578,-0.0011153181280010866
1998-10-05,1.6901,-0.007341712674732714,-0.007368795685774261
1998-10-06,1.6833,-0.004023430566238662,-0.004031546339146342
1998-10-07,1.6968,0.008019960791302738,0.007987971825436632
1998-10-08,1.7222,0.01496935407826494,0.0148584190115921
1998-10-09,1.703,-0.011148530948786317,-0.01121114159937642
1998-10-12,1.703,0.0,0.0
1998-10-13,1.7015,-0.0008807985907223204,-0.0008811867217279278
1998-10-14,1.7055,0.0023508668821627943,0.00234810791774
1998-10-15,1.7028,-0.0015831134564643357,-0.0015843679047030917
1998-10-16,1.703,0.00011745360582571251,0.00011744670869100872
1998-10-19,1.6995,-0.002055196711685303,-0.0020573115265176255
1998-10-20,1.706,0.003824654310091269,0.003817358915453796
1998-10-21,1.7005,-0.0032239155920281704,-0.003229123604374315
1998-10-22,1.695,-0.0032343428403409646,-0.0032395846326994005
1998-10-23,1.69,-0.002949852507374673,-0.00295421189743152
1998-10-26,1.683,-0.004142011834319503,-0.004150613726313126
1998-10-27,1.6722,-0.0064171122994652885,-0.00643779047484853
1998-10-28,1.672,-0.00011960291831114578,-0.00011961007131053213
1998-10-29,1.6758,0.002272727272727204,0.0022701485345390775
1998-10-30,1.6735,-0.0013724788160878187,-0.0013734215278047581
1998-11-02,1.6652,-0.004959665371974897,-0.004972005330560922
1998-11-03,1.6577,-0.004503963487869411,-0.00451413689000014
1998-11-04,1.6588,0.0006635700066357497,0.0006633499414059723
1998-11-05,1.663,0.002531950807812766,0.0025287508207013235
1998-11-06,1.658,-0.0030066145520144527,-0.003011143497687413
1998-11-09,1.6585,0.0003015681544029647,0.0003015226918668954
1998-11-10,1.658,-0.00030147723846862817,-0.0003015226918669584
1998-11-11,1.658,0.0,0.0
1998-11-12,1.6568,-0.0007237635705669154,-0.0007240256138658467
1998-11-13,1.6635,0.004043940125543211,0.004035785377157007
1998-11-16,1.6755,0.007213706041478751,0.007187811718833616
1998-11-17,1.6775,0.0011936735302895407,0.0011929616684718423
1998-11-18,1.672,-0.003278688524590234,-0.003284075201189996
1998-11-19,1.6677,-0.0025717703349281695,-0.0025750830171133924
1998-11-20,1.6542,-0.008094981111710808,-0.00812792336972749
1998-11-23,1.654,-0.00012090436464751164,-0.00012091167416938172
1998-11-24,1.6582,0.00253929866989111,0.0025360800984816426
1998-11-25,1.6613,0.0018694970449886217,0.0018677517103148043
1998-11-26,1.6613,0.0,0.0
1998-11-27,1.6522,-0.005477637994341866,-0.005492695264028226
1998-11-30,1.6485,-0.002239438324657894,-0.0022419496166190315
1998-12-01,1.654,0.0033363663936911703,0.0033308130718508154
1998-12-02,1.6625,0.005139056831922728,0.005125896946372697
1998-12-03,1.6645,0.0012030075187969835,0.0012022844850704197
1998-12-04,1.6615,-0.001802343045959831,-0.0018039692204307467
1998-12-07,1.653,-0.005115859163406511,-0.005128989973624742
1998-12-08,1.654,0.000604960677555999,0.0006047777626124854
1998-12-09,1.658,0.002418379685610539,0.0024154601116035583
1998-12-10,1.667,0.005428226779252254,0.0054135470555538604
1998-12-11,1.6835,0.009898020395920692,0.009849355850335051
1998-12-14,1.6885,0.0029700029700028274,0.00296560122449307
1998-12-15,1.6853,-0.0018951732306780045,-0.0018969713436480095
1998-12-16,1.6765,-0.005221622263098524,-0.005235302575691002
1998-12-17,1.675,-0.0008947211452431381,-0.0008951216471164941
1998-12-18,1.6803,0.003164179104477638,0.0031591836247295297
1998-12-21,1.68,-0.0001785395465094819,-0.00017855548659163407
1998-12-22,1.6775,-0.0014880952380952328,-0.0014892035514677455
1998-12-23,1.6767,-0.0004769001490312341,-0.00047701390207464034
1998-12-24,1.6723,-0.002624202302141221,-0.002627651556685111
1998-12-25,1.6723,0.0,0.0
1998-12-28,1.6745,0.0013155534294087001,0.001314688847182224
1998-12-29,1.6836,0.005434458047178126,0.005419744662156153
1998-12-30,1.6665,-0.010156806842480326,-0.010208739148621115
1998-12-31,1.6628,-0.0022202220222022895,-0.00222269036931207
1999-01-01,1.6628,0.0,0.0
1999-01-04,1.6581,-0.0028265576136637938,-0.002830559871155511
1999-01-05,1.6566,-0.0009046499004884412,-0.0009050593431631428
1999-01-06,1.6547,-0.0011469274417481579,-0.001147585666365192
1999-01-07,1.6495,-0.0031425636066961804,-0.0031475118291625433
1999-01-08,1.6405,-0.0054561988481357515,-0.005471138267479744
1999-01-11,1.6375,-0.0018287107589149976,-0.0018303848917493714
1999-01-12,1.6308,-0.004091603053435033,-0.004099996564308565
1999-01-13,1.6493,0.011344125582536169,0.01128026350900821
1999-01-14,1.653,0.002243375977687423,0.002240863366917541
1999-01-15,1.65,-0.001814882032667997,-0.0018165309263980052
1999-01-18,1.65,0.0,0.0
1999-01-19,1.655,0.003030303030303161,0.0030257209165371114
1999-01-20,1.6467,-0.005015105740181269,-0.005027723587210059
1999-01-21,1.6516,0.0029756482662293138,0.0029712297879818388
1999-01-22,1.656,0.0026640833131508224,0.002660540933269771
1999-01-25,1.6563,0.00018115942029006682,0.00018114301290382537
1999-01-26,1.6585,0.0013282617883234593,0.001327380428998582
1999-01-27,1.6485,-0.006029544769369899,-0.006047795875321352
1999-01-28,1.647,-0.0009099181073703999,-0.0009103323341454849
1999-01-29,1.6457,-0.0007893139040680008,-0.0007896255763031897
1999-02-01,1.641,-0.002855927568815697,-0.00286001351124623
1999-02-02,1.643,0.0012187690432663434,0.0012180269471772254
1999-02-03,1.6375,-0.0033475349969568358,-0.003353150527861146
1999-02-04,1.6395,0.001221374045801582,0.0012206287752960139
1999-02-05,1.637,-0.0015248551387617715,-0.001526018913567993
1999-02-08,1.638,0.0006108735491752171,0.0006106870418797265
1999-02-09,1.6355,-0.0015262515262515208,-0.0015274174345761271
1999-02-10,1.629,-0.003974319779883828,-0.003982238376393472
1999-02-11,1.6244,-0.0028238182934314793,-0.002827812789902331
1999-02-12,1.6311,0.004124599852252997,0.004116117007841804
1999-02-15,1.6311,0.0,0.0
1999-02-16,1.6317,0.0003678499172337091,0.0003677822770400227
1999-02-17,1.6338,0.0012870012870012104,0.001286173810744085
1999-02-18,1.6338,0.0,0.0
1999-02-19,1.6255,-0.005080181172726128,-0.005093129163808851
1999-02-22,1.6238,-0.0010458320516764097,-0.0010463793156139504
1999-02-23,1.6138,-0.006158393890873248,-0.0061774350139398825
1999-02-24,1.598,-0.00979055645061333,-0.009838799088186082
1999-02-25,1.606,0.005006257822277815,0.004993768180486974
1999-02-26,1.6027,-0.00205479452054802,-0.002056908507177365
1999-03-01,1.6058,0.0019342359767891004,0.0019323677510538603
1999-03-02,1.6135,0.0047951176983436206,0.004783657741433008
1999-03-03,1.6134,-6.197706848465323e-05,-6.197898914252045e-05
1999-03-04,1.6065,-0.004276682781703123,-0.004285853946960723
1999-03-05,1.6073,0.0004979769685651281,0.0004978530191821022
1999-03-08,1.6085,0.0007465936663970663,0.0007463151039857127
1999-03-09,1.6148,0.003916692570718139,0.003909042299704791
1999-03-10,1.6267,0.007369333663611588,0.00734231279362197
1999-03-11,1.627,0.00018442245035954485,0.00018440544662999406
1999-03-12,1.6335,0.003995082974800113,0.0039871238220869215
1999-03-15,1.6223,-0.0068564432200795,-0.006880056624771521
1999-03-16,1.624,0.001047894963940088,0.0010473463052700154
1999-03-17,1.6302,0.0038177339901477314,0.0038104649387337448
1999-03-18,1.629,-0.0007361059992639918,-0.0007363770583120251
1999-03-19,1.6303,0.0007980356046655146,0.0007977173435635627
1999-03-22,1.628,-0.00141078329141886,-0.0014117793831231124
1999-03-23,1.6372,0.0056511056511057145,0.005635198055762393
1999-03-24,1.641,0.002321035914976788,0.0023183464718429586
1999-03-25,1.6314,-0.005850091407678226,-0.0058672702236108485
1999-03-26,1.6205,-0.006681377957582391,-0.006703798284877906
1999-03-29,1.614,-0.004011107682813875,-0.004019173751707891
1999-03-30,1.6115,-0.0015489467162330683,-0.0015501475744016733
1999-03-31,1.614,0.0015513496742167732,0.001550147574401771
1999-04-01,1.6063,-0.004770755885997513,-0.004782172266173643
1999-04-02,1.6023,-0.0024901948577475963,-0.0024933005498861145
1999-04-05,1.6015,-0.000499282281720137,-0.0004994069646215931
1999-04-06,1.592,-0.005931938807367976,-0.005949602644884393
1999-04-07,1.5975,0.0034547738693466723,0.0034488198473614845
1999-04-08,1.6083,0.006760563380281859,0.006737813249912038
1999-04-09,1.6068,-0.0009326618168252754,-0.0009330970164746628
1999-04-12,1.6127,0.0036718944485933935,0.0036651695013427926
1999-04-13,1.6135,0.0004960625038754607,0.0004959395055464767
1999-04-14,1.6124,-0.0006817477533311855,-0.000681980249005713
1999-04-15,1.6103,-0.0013024063507814931,-0.0013032552190604463
1999-04-16,1.6112,0.0005589020679375167,0.000558745940347391
1999-04-19,1.6075,-0.0022964250248261875,-0.0022990658525233664
1999-04-20,1.6135,0.0037325038880249295,0.0037255553802421075
1999-04-21,1.6074,-0.003780601177564291,-0.003787765713398449
1999-04-22,1.6117,0.0026751275351499793,0.002671555750054405
1999-04-23,1.617,0.003288453186076845,0.003283058048434465
1999-04-26,1.6113,-0.003525046382189312,-0.003531273997583563
1999-04-27,1.6177,0.003971948116427759,0.003964080756125022
1999-04-28,1.6148,-0.0017926686035729666,-0.00179427735686259
1999-04-29,1.6105,-0.002662868466683177,-0.0026664202075322306
1999-04-30,1.6085,-0.0012418503570319483,-0.001242622092172449
1999-05-03,1.6083,-0.00012433944668943653,-0.00012434717747927278
1999-05-04,1.621,0.007896536715786828,0.007865522234074336
1999-05-05,1.6337,0.007834669956816809,0.007804138296786814
1999-05-06,1.6377,0.0024484299442981694,0.002445437423358675
1999-05-07,1.635,-0.0016486535995603457,-0.0016500141244678325
1999-05-10,1.63,-0.003058103975535187,-0.003062789530545767
1999-05-11,1.6215,-0.005214723926380338,-0.005228368053435328
1999-05-12,1.6193,-0.001356768424298438,-0.0013576896679475025
1999-05-13,1.619,-0.00018526523806583484,-0.00018528240178997964
1999-05-14,1.6175,-0.0009264978381717803,-0.0009269273025795698
1999-05-17,1.6193,0.0011128284389489984,0.0011122097043694793
1999-05-18,1.6203,0.0006175507935528568,0.0006173601875301113
1999-05-19,1.6175,-0.0017280750478306794,-0.0017295698918995313
1999-05-20,1.6122,-0.003276661514683088,-0.0032820415255550225
1999-05-21,1.602,-0.006326758466691507,-0.006346857221196041
1999-05-24,1.5978,-0.0026217228464419096,-0.002625165580362945
1999-05-25,1.6021,0.0026912004005508194,0.0026875856047271214
1999-05-26,1.5963,-0.003620248423943595,-0.0036268173822353237
1999-05-27,1.5957,-0.00037586919751930736,-0.00037593985405176
1999-05-28,1.602,0.00394811054709554,0.0039403372119231625
1999-05-31,1.602,0.0,0.0
1999-06-01,1.615,0.00811485642946308,0.008082108028452294
1999-06-02,1.6075,-0.004643962848297267,-0.004654779544982516
1999-06-03,1.6055,-0.0012441679626750135,-0.0012449425822058822
1999-06-04,1.6074,0.0011834319526626835,0.001182732249049394
1999-06-07,1.601,-0.003981585168595259,-0.00398953278190338
1999-06-08,1.605,0.002498438475952547,0.0024953225674015705
1999-06-09,1.6001,-0.003052959501557595,-0.0030576292892872197
1999-06-10,1.6002,6.249609399411327e-05,6.249414119459214e-05
1999-06-11,1.6085,0.005186851643544488,0.005173446263057383
1999-06-14,1.6075,-0.0006216972334474047,-0.0006218905673066791
1999-06-15,1.595,-0.007776049766718529,-0.007806440892829529
1999-06-16,1.5862,-0.0055172413793103114,-0.005532517569725667
1999-06-17,1.5925,0.003971756398940762,0.003963889797099064
1999-06-18,1.5924,-6.279434850864352e-05,-6.279632015628515e-05
1999-06-21,1.589,-0.0021351419241396608,-0.0021374245894461527
1999-06-22,1.5895,0.0003146633102579788,0.0003146138141413699
1999-06-23,1.5787,-0.006794589493551384,-0.006817777813176185
1999-06-24,1.5833,0.002913789827072799,0.002909552969707225
1999-06-25,1.5893,0.003789553464283557,0.0037823911953855055
1999-06-28,1.5822,-0.00446737557415211,-0.004477384115477866
1999-06-29,1.5781,-0.002591328529895076,-0.0025946918332089876
1999-06-30,1.5765,-0.0010138774475635381,-0.001014391768971516
1999-07-01,1.5765,0.0,0.0
1999-07-02,1.5792,0.0017126546146526422,0.00171118969410156
1999-07-05,1.5792,0.0,0.0
1999-07-06,1.5688,-0.006585612968591725,-0.006607393797080648
1999-07-07,1.5602,-0.005481896991330948,-0.005496977727923758
1999-07-08,1.5577,-0.0016023586719651206,-0.0016036438216525688
1999-07-09,1.5515,-0.003980227258136959,-0.003988169444125249
1999-07-12,1.5558,0.00277151144054133,0.002767677884238729
1999-07-13,1.5566,0.0005142049106567903,0.0005140727526139875
1999-07-14,1.5635,0.004432738018758764,0.00442294237260811
1999-07-15,1.5665,0.0019187719859290464,0.0019169334943504876
1999-07-16,1.5622,-0.0027449728694541875,-0.0027487472160494845
1999-07-19,1.563,0.0005120983228779075,0.0005119672452795967
1999-07-20,1.57,0.004478566858605371,0.004468567920877256
1999-07-21,1.5766,0.004203821656050932,0.004195010283454095
1999-07-22,1.5835,0.004376506406190472,0.004366957352886563
1999-07-23,1.578,-0.00347331859804223,-0.003479364572874853
1999-07-26,1.5905,0.00792141951837766,0.007890209783379214
1999-07-27,1.5895,-0.0006287331027979848,-0.000628930838341527
1999-07-28,1.5935,0.0025165146272412287,0.0025133535065336647
1999-07-29,1.613,0.012237213680577286,0.0121629442678177
1999-07-30,1.6207,0.004773713577185479,0.004762355538865142
1999-08-02,1.6145,-0.003825507496760694,-0.003832843465744023
1999-08-03,1.6185,0.0024775472282441147,0.002474483167969212
1999-08-04,1.62,0.000926784059314123,0.0009263548601306608
1999-08-05,1.6198,-0.00012345679012359945,-0.0001234644115403968
1999-08-06,1.6147,-0.003148536856401929,-0.0031535039273140374
1999-08-09,1.6,-0.009103858301851675,-0.009145551659702702
1999-08-10,1.618,0.011249999999999982,0.011187189390564376
1999-08-11,1.6107,-0.0045117428924599245,-0.0045219515218035975
1999-08-12,1.609,-0.0010554417334078803,-0.001055999104250335
1999-08-13,1.6057,-0.002050963331261757,-0.00205306943674431
1999-08-16,1.6011,-0.0028647941707665714,-0.002868905547630088
1999-08-17,1.6036,0.0015614265192680499,0.0015602087603430945
1999-08-18,1.6004,-0.0019955101022698374,-0.0019975037852718726
1999-08-19,1.618,0.010997250687328153,0.010937220635357021
1999-08-20,1.6133,-0.0029048207663783243,-0.0029090479463388173
1999-08-23,1.6076,-0.003533130849810995,-0.0035393870970522657
1999-08-24,1.5946,-0.008086588703657527,-0.008119462506650873
1999-08-25,1.5865,-0.005079643797817668,-0.005092589045144846
1999-08-26,1.5876,0.0006933501418215915,0.0006931098856600244
1999-08-27,1.5885,0.0005668934240363743,0.0005667328006606232
1999-08-30,1.5875,-0.0006295247088449196,-0.0006297229427242255
1999-08-31,1.6086,0.01329133858267717,0.013203783703121905
1999-09-01,1.6023,-0.003916449086161844,-0.003924138456134258
1999-09-02,1.6091,0.00424389939462011,0.004234919451270055
1999-09-03,1.6028,-0.00391523211733269,-0.003922916703115026
1999-09-06,1.6028,0.0,0.0
1999-09-07,1.6057,0.0018093336660842674,0.0018076987936494282
1999-09-08,1.6185,0.007971601170829068,0.007939995810660183
1999-09-09,1.6332,0.00908248378127885,0.009041486079121546
1999-09-10,1.6183,-0.009123193730100398,-0.009165064922580938
1999-09-13,1.609,-0.005746771303219433,-0.005763347530456539
1999-09-14,1.6085,-0.0003107520198880609,-0.0003108003133021029
1999-09-15,1.611,0.0015542430836181786,0.0015530364978932419
1999-09-16,1.625,0.008690254500310468,0.008652711586863582
1999-09-17,1.6222,-0.0017230769230768272,-0.001724563127593417
1999-09-20,1.623,0.0004931574405129258,0.0004930358783469082
1999-09-21,1.631,0.004929143561306137,0.004917035106422572
1999-09-22,1.6363,0.0032495401594114792,0.0032442718138360714
1999-09-23,1.6375,0.000733361852960801,0.0007330930745569698
1999-09-24,1.6428,0.0032366412213740148,0.0032314145729965002
1999-09-27,1.6455,0.0016435354273192093,0.001642186300991111
1999-09-28,1.6485,0.001823154056517895,0.0018214941283912357
1999-09-29,1.6425,-0.0036396724294813776,-0.0036463121530201986
1999-09-30,1.6457,0.0019482496194824783,0.0019463542425715368
1999-10-01,1.655,0.005651090721273677,0.005635183209826198
1999-10-04,1.6555,0.0003021148036252974,0.0003020691761376076
1999-10-05,1.6525,-0.0018121413470250092,-0.0018137852614595533
1999-10-06,1.656,0.002118003025718407,0.00211576321936345
1999-10-07,1.652,-0.0024154589371980784,-0.002418380864281638
1999-10-08,1.652,0.0,0.0
1999-10-11,1.652,0.0,0.0
1999-10-12,1.6535,0.0009079903147699575,0.0009075783409240804
1999-10-13,1.6532,-0.0001814333232537102,-0.00018144978427018504
1999-10-14,1.6575,0.00260101621098463,0.0025976394224401524
1999-10-15,1.6684,0.006576168929110171,0.006554640262772672
1999-10-18,1.672,0.002157755933828609,0.0021554313218565433
1999-10-19,1.6708,-0.0007177033492822282,-0.0007179610216265932
1999-10-20,1.6643,-0.0038903519272206477,-0.003897939030339647
1999-10-21,1.6765,0.007330409181037112,0.007303672313602491
1999-10-22,1.6584,-0.010796301819266385,-0.010855004784713455
1999-10-25,1.6631,0.002834056922334627,0.00283004855452424
1999-10-26,1.6525,-0.006373639588719837,-0.006394037950252851
1999-10-27,1.6477,-0.0029046898638427354,-0.002908916662455671
1999-10-28,1.64,-0.0046731807974752515,-0.004684134245141629
1999-10-29,1.6425,0.001524390243902607,0.001523229540521638
1999-11-01,1.6404,-0.0012785388127853903,-0.0012793568408613926
1999-11-02,1.6445,0.002499390392587175,0.0024962721112074763
1999-11-03,1.644,-0.0003040437823047526,-0.00030409001298653673
1999-11-04,1.6375,-0.003953771289537666,-0.003961608106718195
1999-11-05,1.6205,-0.010381679389312892,-0.010435944927804829
1999-11-08,1.615,-0.00339401419315033,-0.0033997869248452227
1999-11-09,1.621,0.0037151702786377694,0.003708286078919186
1999-11-10,1.625,0.002467612584824197,0.002464573028161772
1999-11-11,1.625,0.0,0.0
1999-11-12,1.6131,-0.007323076923076988,-0.007350022280095833
1999-11-15,1.623,0.0061372512553468095,0.006118495030849083
1999-11-16,1.6164,-0.004066543438077552,-0.00407483431027252
1999-11-17,1.6231,0.004145013610492354,0.004136446706706153
1999-11-18,1.615,-0.004990450372743482,-0.005002944254267914
1999-11-19,1.616,0.0006191950464395912,0.0006190034242837364
1999-11-22,1.6205,0.0027846534653463983,0.0027807835005612454
1999-11-23,1.6236,0.001912989817957289,0.0019111623831404646
1999-11-24,1.609,-0.0089923626508992,-0.00903303797235942
1999-11-25,1.609,0.0,0.0
1999-11-26,1.6062,-0.001740211311373474,-0.0017417272380213344
1999-11-29,1.6024,-0.0023658323994520947,-0.002368635402753299
1999-11-30,1.5935,-0.005554168746879751,-0.005569650494217466
1999-12-01,1.596,0.0015688735487919825,0.0015676441523629883
1999-12-02,1.5972,0.0007518796992480592,0.000751597179312122
1999-12-03,1.6015,0.0026922113698972794,0.002688593860146535
1999-12-06,1.623,0.013424914142990962,0.013335598465378394
1999-12-07,1.6233,0.0001848428835489191,0.00018482580220799687
1999-12-08,1.6255,0.0013552639684593082,0.0013543464271607544
1999-12-09,1.623,-0.0015379883112888182,-0.0015391722293688027
1999-12-10,1.6225,-0.00030807147258160583,-0.00030811893634611996
1999-12-13,1.6232,0.0004314329738057676,0.0004313399333598398
1999-12-14,1.611,-0.007516017742730363,-0.007544405334630562
1999-12-15,1.6085,-0.0015518311607696234,-0.001553036497893256
1999-12-16,1.6123,0.002362449487099738,0.002359663290613015
1999-12-17,1.607,-0.0032872294238045496,-0.003292644232181558
1999-12-20,1.6035,-0.002177971375233345,-0.00218034660430297
1999-12-21,1.6103,0.00424072341752435,0.004231756890740898
1999-12-22,1.606,-0.002670309880146493,-0.002673881517243276
1999-12-23,1.6161,0.006288916562889213,0.006269223847890827
1999-12-24,1.6154,-0.0004331415135202521,-0.0004332353464018752
1999-12-27,1.6173,0.0011761792744831023,0.001175488117536805
1999-12-28,1.6165,-0.0004946515797934481,-0.0004947739602449307
1999-12-29,1.6168,0.00018558614290120623,0.00018556892392335728
1999-12-30,1.613,-0.0023503216229588952,-0.002353087964202357
1999-12-31,1.615,0.001239925604463732,0.001239157531548053
2000-01-03,1.627,0.007430340557275539,0.007402871562280881
2000-01-04,1.637,0.006146281499692652,0.0061274701520970705
2000-01-05,1.6415,0.002748930971288921,0.002745159570512435
2000-01-06,1.6475,0.0036551934206519032,0.0036485294350149843
2000-01-07,1.6384,-0.0055235204855841324,-0.00553883153147355
2000-01-10,1.6374,-0.000610351562500111,-0.0006105379028409708
2000-01-11,1.648,0.006473677781849263,0.00645281352706921
2000-01-12,1.6465,-0.0009101941747571285,-0.0009106086529978819
2000-01-13,1.6482,0.0010324931673246773,0.0010319605128642564
2000-01-14,1.6353,-0.007826720058245473,-0.007857509590938411
2000-01-17,1.6353,0.0,0.0
2000-01-18,1.638,0.00165107319757829,0.0016497116746697139
2000-01-19,1.6438,0.0035409035409035283,0.003534649301384892
2000-01-20,1.6538,0.006083465141744737,0.006065035573666685
2000-01-21,1.6504,-0.002055871326641534,-0.0020579875310241164
2000-01-24,1.652,0.0009694619486184664,0.0009689923238812569
2000-01-25,1.6482,-0.0023002421307505294,-0.0023028917516401183
2000-01-26,1.6395,-0.005278485620677231,-0.005292466044580367
2000-01-27,1.6363,-0.001951814577615063,-0.0019537218498530125
2000-01-28,1.621,-0.0093503636252521,-0.009394352699173771
2000-01-31,1.6182,-0.0017273288093768713,-0.0017288223619367647
2000-02-01,1.615,-0.0019775058707206528,-0.001979463716982466
2000-02-02,1.606,-0.005572755417956543,-0.005588341150049818
2000-02-03,1.6025,-0.002179327521793284,-0.0021817057118818863
2000-02-04,1.5915,-0.006864274570982931,-0.00688794207267768
2000-02-07,1.5917,0.00012566760917365194,0.00012565971366112076
2000-02-08,1.6105,0.01181127096814727,0.0117420623354448
2000-02-09,1.6115,0.0006209251785158632,0.0006207324842388986
2000-02-10,1.6057,-0.0035991312441824297,-0.003605623699853528
2000-02-11,1.5923,-0.008345269975711389,-0.008380286693258476
2000-02-14,1.589,-0.002072473780066586,-0.0020746243256644236
2000-02-15,1.595,0.0037759597230961894,0.0037688486822288684
2000-02-16,1.604,0.005642633228840177,0.0056267732075149105
2000-02-17,1.605,0.0006234413965087171,0.0006232471376564235
2000-02-18,1.5984,-0.004112149532710219,-0.004120627669827105
2000-02-21,1.5984,0.0,0.0
2000-02-22,1.6165,0.011323823823823798,0.011260189271198675
2000-02-23,1.6047,-0.007299721620785626,-0.007326494960173645
2000-02-24,1.5981,-0.00411291830248639,-0.004121399614250902
2000-02-25,1.5908,-0.004567924410237234,-0.004578389257527665
2000-02-28,1.5935,0.0016972592406336862,0.001695820523855584
2000-02-29,1.578,-0.009727016002510136,-0.009774632451571489
2000-03-01,1.5849,0.004372623574144363,0.004363091432560163
2000-03-02,1.5765,-0.005300018928638961,-0.005314113853264261
2000-03-03,1.581,0.0028544243577544037,0.0028503582243563945
2000-03-06,1.5732,-0.004933586337760976,-0.004945796651817614
2000-03-07,1.5772,0.002542588354945252,0.002539361445817562
2000-03-08,1.5855,0.005262490489474914,0.005248691974929798
2000-03-09,1.5815,-0.002522863450015733,-0.00252605123269845
2000-03-10,1.5793,-0.0013910844135314182,-0.0013920528696945782
2000-03-13,1.5782,-0.0006965111125181167,-0.0006967537890742023
2000-03-14,1.5725,-0.0036117095425167722,-0.0036182475123390147
2000-03-15,1.573,0.00031796502384739966,0.00031791448368225726
2000-03-16,1.5747,0.0010807374443737583,0.0010801538680859076
2000-03-17,1.5705,-0.0026671746999428203,-0.0026707379476625186
2000-03-20,1.5686,-0.001209805794333052,-0.0012105382001351675
2000-03-21,1.5725,0.002486293510136406,0.0024832077960294623
2000-03-22,1.5705,-0.0012718600953894876,-0.0012726695958943336
2000-03-23,1.583,0.007959248646927763,0.007927740902310946
2000-03-24,1.591,0.005053695514845247,0.005040968456774736
2000-03-27,1.5855,-0.003456945317410476,-0.0034629343593848942
2000-03-28,1.5872,0.0010722169662567005,0.00107164255220633
2000-03-29,1.587,-0.00012600806451612545,-0.00012601600419927006
2000-03-30,1.5922,0.003276622558286091,0.0032712661280687597
2000-03-31,1.5922,0.0,0.0
2000-04-03,1.598,0.003642758447431227,0.0036361396717421598
2000-04-04,1.5965,-0.0009386733416770765,-0.0009391141713832493
2000-04-05,1.59,-0.004071406201064831,-0.0040797169405595
2000-04-06,1.58,-0.0062893081761006275,-0.006309169193264721
2000-04-07,1.583,0.0018987341772152,0.0018969338599996708
2000-04-10,1.5828,-0.00012634238787112562,-0.00012635036974291834
2000-04-11,1.5873,0.0028430629264593055,0.002839029066926374
2000-04-12,1.5882,0.0005670005670006528,0.0005668398829149394
2000-04-13,1.5881,-6.296436217101409e-05,-6.296634450967745e-05
2000-04-14,1.586,-0.0013223348655626577,-0.0013232099218076524
2000-04-17,1.5853,-0.0004413619167717986,-0.0004414593456112277
2000-04-18,1.5764,-0.005614079354065438,-0.005629897528333452
2000-04-19,1.5777,0.0008246637909161691,0.0008243239425597332
2000-04-20,1.5801,0.001521201749381973,0.0015200458940451105
2000-04-21,1.5785,-0.0010125941396114113,-0.0010131071594069972
2000-04-24,1.58,0.000950269242952162,0.0009498180229661362
2000-04-25,1.5787,-0.0008227848101266533,-0.0008231234833313961
2000-04-26,1.5795,0.000506746056882168,0.0005066177044586443
2000-04-27,1.5748,-0.0029756251978473314,-0.002980061172557341
2000-04-28,1.556,-0.011938023876047699,-0.012009854331245488
2000-05-01,1.5558,-0.00012853470437013126,-0.00012854296566316116
2000-05-02,1.559,0.0020568196426276053,0.0020547072851028357
2000-05-03,1.5605,0.0009621552277101486,0.0009616926530576789
2000-05-04,1.5435,-0.01089394424863821,-0.010953717768620084
2000-05-05,1.5288,-0.009523809523809601,-0.009569451016150785
2000-05-08,1.531,0.0014390371533228308,0.0014380027316204355
2000-05-09,1.5315,0.0003265839320707453,0.0003265306151463866
2000-05-10,1.5153,-0.010577864838393736,-0.01063420813071336
2000-05-11,1.4997,-0.010294991090873173,-0.010348351054482296
2000-05-12,1.5172,0.011669000466760115,0.0116014427271096
2000-05-15,1.5075,-0.006393356182441412,-0.006413881213403438
2000-05-16,1.5008,-0.004444444444444584,-0.00445435034938042
2000-05-17,1.4905,-0.006863006396588434,-0.00688666513383404
2000-05-18,1.4818,-0.0058369674605835975,-0.0058540691355694965
2000-05-19,1.4855,0.002496963152922138,0.0024938509201058107
2000-05-22,1.4907,0.003500504880511457,0.0034943923737220974
2000-05-23,1.4728,-0.012007781579123744,-0.012080457357516325
2000-05-24,1.4755,0.0018332428028244863,0.0018315644641259358
2000-05-25,1.4705,-0.003388681802778848,-0.003394436388944513
2000-05-26,1.4875,0.011560693641618602,0.011494379425735212
2000-05-29,1.4875,0.0,0.0
2000-05-30,1.495,0.005042016806722671,0.0050293484050019585
2000-05-31,1.4968,0.0012040133779263051,0.0012032891350929424
2000-06-01,1.4915,-0.0035408872260822566,-0.0035471710050765993
2000-06-02,1.5079,0.010995641971169867,0.010935629416946584
2000-06-05,1.5135,0.0037137741229524845,0.003706895090023486
2000-06-06,1.5235,0.006607201850016509,0.006585469963990387
2000-06-07,1.5225,-0.0006563833278635522,-0.0006565988417117257
2000-06-08,1.506,-0.010837438423645263,-0.010896591224213143
2000-06-09,1.5079,0.001261620185923018,0.0012608250119110428
2000-06-12,1.512,0.0027190131971615017,0.0027153233677283074
2000-06-13,1.513,0.000661375661375585,0.0006611570488775347
2000-06-14,1.5023,-0.007072042300066084,-0.007097167719977922
2000-06-15,1.5103,0.005325168075617448,0.005311039503917984
2000-06-16,1.5165,0.0041051446732436325,0.004096741556339795
2000-06-19,1.5154,-0.0007253544345531271,-0.0007256176313626682
2000-06-20,1.51,-0.003563415599841635,-0.0035697796883030052
2000-06-21,1.497,-0.008609271523178696,-0.008646545389341544
2000-06-22,1.511,0.009352037408149494,0.009308577853111075
2000-06-23,1.501,-0.006618133686300487,-0.006640130639277639
2000-06-26,1.499,-0.0013324450366420937,-0.0013333335308641052
2000-06-27,1.5,0.0006671114076048923,0.0006668889877035524
2000-06-28,1.5107,0.007133333333333214,0.007108011459377694
2000-06-29,1.5194,0.005758919706096544,0.005742400519442006
2000-06-30,1.513,-0.004212189021982504,-0.004221085280765445
2000-07-03,1.5135,0.0003304692663583797,0.00033041467341757085
2000-07-04,1.5135,0.0,0.0
2000-07-05,1.512,-0.0009910802775024985,-0.0009915717222950518
2000-07-06,1.512,0.0,0.0
2000-07-07,1.5143,0.0015211640211640898,0.0015200082231315764
2000-07-10,1.5137,-0.00039622267714456427,-0.00039630119409032064
2000-07-11,1.514,0.00019818986589159593,0.00019817022887465386
2000-07-12,1.5068,-0.0047556142668429,-0.004766958179508183
2000-07-13,1.499,-0.005176533050172405,-0.005189977715288153
2000-07-14,1.499,0.0,0.0
2000-07-17,1.492,-0.004669779853235578,-0.004680717338891632
2000-07-18,1.4945,0.0016756032171580948,0.0016742009602863073
2000-07-19,1.4942,-0.00020073603211778757,-0.00020075618229170518
2000-07-20,1.5094,0.010172667648239875,0.010121274309067181
2000-07-21,1.5167,0.004836358818073316,0.004824701206583121
2000-07-24,1.514,-0.0017801806553701116,-0.001781767059957058
2000-07-25,1.519,0.0033025099075296716,0.0032970685983787196
2000-07-26,1.5154,-0.0023699802501644385,-0.0023727930984997034
2000-07-27,1.5116,-0.002507588755444101,-0.002510738021939101
2000-07-28,1.5025,-0.006020111140513484,-0.006038305065971379
2000-07-31,1.4983,-0.0027953410981697013,-0.002799255360264142
2000-08-01,1.4992,0.0006006807715410734,0.0006005004350592481
2000-08-02,1.4926,-0.004402347918890159,-0.004412066786870771
2000-08-03,1.4947,0.001406940908481813,0.0014059520944817519
2000-08-04,1.5022,0.005017729310229591,0.005005182460142676
2000-08-07,1.507,0.0031953135401410204,0.0031902193745839517
2000-08-08,1.5022,-0.003185136031851332,-0.003190219374584029
2000-08-09,1.4992,-0.0019970709625881655,-0.001999067767753622
2000-08-10,1.498,-0.0008004268943436754,-0.0008007474069929791
2000-08-11,1.504,0.004005340453938633,0.003997340432620394
2000-08-14,1.506,0.0013297872340425343,0.0013289038500537342
2000-08-15,1.5056,-0.00026560424966792784,-0.0002656395287236317
2000-08-16,1.4988,-0.0045164718384698155,-0.00452670191158299
2000-08-17,1.4992,0.00026688017080345183,0.00026684456462558215
2000-08-18,1.4895,-0.006470117395944497,-0.0064911393308207605
2000-08-21,1.49,0.00033568311513931803,0.0003356267861678604
2000-08-22,1.4797,-0.006912751677852325,-0.006936755431016262
2000-08-23,1.4813,0.0010813002635670088,0.001080716079518
2000-08-24,1.4806,-0.0004725578883414405,-0.00047266957900861395
2000-08-25,1.4745,-0.0041199513710658,-0.004128461753667056
2000-08-28,1.4716,-0.001966768396066354,-0.001968705024711529
2000-08-29,1.4616,-0.006795324816526227,-0.006818518166822333
2000-08-30,1.456,-0.003831417624521105,-0.003838776307165713
2000-08-31,1.4515,-0.0030906593406593297,-0.003095445291946685
2000-09-01,1.4605,0.006200482259731244,0.006181338363111004
2000-09-04,1.4605,0.0,0.0
2000-09-05,1.4522,-0.005682985279014008,-0.005699194881649251
2000-09-06,1.4455,-0.004613689574438751,-0.004624365489745591
2000-09-07,1.438,-0.005188516084399852,-0.005202023175408744
2000-09-08,1.4196,-0.012795549374130744,-0.0128781175086506
2000-09-11,1.4123,-0.005142293603832004,-0.005155560697323208
2000-09-12,1.402,-0.0072930680450330465,-0.007319792480482856
2000-09-13,1.4125,0.0074893009985737,0.00746139542606084
2000-09-14,1.406,-0.004601769911504516,-0.004612390649985886
2000-09-15,1.4005,-0.00391180654338541,-0.003919477670446918
2000-09-18,1.4015,0.000714030703320212,0.0007137759046797241
2000-09-19,1.408,0.004637887977167354,0.004627166113144774
2000-09-20,1.4107,0.0019176136363636687,0.0019157773624689737
2000-09-21,1.428,0.012263415325724836,0.012188828819073062
2000-09-22,1.4568,0.020168067226890907,0.01996738551386865
2000-09-25,1.454,-0.0019220208676552497,-0.0019238703199336378
2000-09-26,1.46,0.004126547455295837,0.004118056608917548
2000-09-27,1.4607,0.0004794520547946046,0.0004793371543828732
2000-09-28,1.4635,0.0019168891627301399,0.00191505427517557
2000-09-29,1.4787,0.010386060813119213,0.010332496247501217
2000-10-02,1.4675,-0.007574220599174897,-0.007603050677190211
2000-10-03,1.4565,-0.007495741056218086,-0.007523975302762249
2000-10-04,1.4558,-0.0004806041881221246,-0.0004807197153316682
2000-10-05,1.4502,-0.0038466822365710307,-0.0038540997466652836
2000-10-06,1.4445,-0.003930492345883385,-0.003938237031202449
2000-10-09,1.4445,0.0,0.0
2000-10-10,1.4484,0.002699896157840165,0.002696257985196271
2000-10-11,1.462,0.009389671361502483,0.00934586241823782
2000-10-12,1.4735,0.007865937072503382,0.007835161868025561
2000-10-13,1.4597,-0.009365456396335237,-0.009409588041217025
2000-10-16,1.4455,-0.009728026306775384,-0.009775652680131638
2000-10-17,1.4426,-0.0020062262193012437,-0.0020082413868284595
2000-10-18,1.4464,0.0026341328157493127,0.002630669568339766
2000-10-19,1.4422,-0.0029037610619468968,-0.0029079851552528953
2000-10-20,1.4448,0.0018028012758286582,0.0018011781800618871
2000-10-23,1.455,0.007059800664451776,0.007034996942871864
2000-10-24,1.449,-0.004123711340206171,-0.004132237284910495
2000-10-25,1.4335,-0.010697032436162934,-0.010754656997257916
2000-10-26,1.4313,-0.001534705266829417,-0.0015358841332534896
2000-10-27,1.4517,0.01425277719555651,0.014152161277211568
2000-10-30,1.453,0.0008955018254461766,0.0008951011029004911
2000-10-31,1.4505,-0.0017205781142465293,-0.0017220600088243387
2000-11-01,1.4452,-0.0036539124439847193,-0.0036606042879734346
2000-11-02,1.444,-0.0008303349017437789,-0.0008306798207136958
2000-11-03,1.4484,0.0030470914127422866,0.0030424584387144936
2000-11-06,1.432,-0.011322838994752837,-0.01138743037089521
2000-11-07,1.431,-0.0006983240223462639,-0.0006985679641399112
2000-11-08,1.4236,-0.005171208944793948,-0.005184625920413396
2000-11-09,1.4242,0.00042146670413023557,0.00042137791198663575
2000-11-10,1.4305,0.004423536020222052,0.004413780942140739
2000-11-13,1.4388,0.005802167074449471,0.0057853993313038985
2000-11-14,1.4306,-0.005699193772588207,-0.005715496147185359
2000-11-15,1.4257,-0.0034251363064449203,-0.0034310155143682662
2000-11-16,1.4228,-0.0020340885179209733,-0.002036160085615075
2000-11-17,1.423,0.00014056789429295335,0.00014055801555224538
2000-11-20,1.4222,-0.0005621925509488035,-0.0005623506404349057
2000-11-21,1.416,-0.004359443116298656,-0.00436897319575246
2000-11-22,1.4077,-0.005861581920903913,-0.005878828419745361
2000-11-23,1.4077,0.0,0.0
2000-11-24,1.3997,-0.005683029054486033,-0.005699238907319475
2000-11-27,1.4155,0.011288133171393877,0.011224897625354115
2000-11-28,1.4182,0.0019074531967502306,0.001905636317941985
2000-11-29,1.4209,0.0019038217458751117,0.0019020117741333604
2000-11-30,1.421,7.037792948128008e-05,7.037545307099011e-05
2000-12-01,1.4373,0.011470795214637564,0.01140550446008548
2000-12-04,1.4523,0.010436234606553851,0.010382153056572129
2000-12-05,1.441,-0.007780761550643667,-0.007811189614236136
2000-12-06,1.4365,-0.003122831367106116,-0.0031277175801777846
2000-12-07,1.44,0.002436477549599525,0.0024335141507018654
2000-12-08,1.4442,0.0029166666666666785,0.0029124214470349747
2000-12-11,1.4554,0.007755158565295739,0.0077252418959048805
2000-12-12,1.448,-0.0050845128487014835,-0.005097482967324496
2000-12-13,1.451,0.002071823204419898,0.00206967993852618
2000-12-14,1.4665,0.010682288077187962,0.010625635533317699
2000-12-15,1.4763,0.006682577565632508,0.00666034812253654
2000-12-18,1.4677,-0.005825374246426818,-0.005842407922889087
2000-12-19,1.462,-0.003883627444300597,-0.003891188307429247
2000-12-20,1.4737,0.008002735978112296,0.00797088390949356
2000-12-21,1.4707,-0.0020356924747235716,-0.0020377673129493012
2000-12-22,1.4783,0.005167607261848062,0.005154301000776131
2000-12-25,1.4783,0.0,0.0
2000-12-26,1.48,0.0011499695596293158,0.0011493088511165524
2000-12-27,1.4912,0.007567567567567712,0.007539077173166134
2000-12-28,1.4907,-0.0003353004291846151,-0.00033535665494221914
2000-12-29,1.4955,0.003219963775407564,0.003214790793618165
2001-01-01,1.4955,0.0,0.0
2001-01-02,1.4977,0.0014710799063857305,0.0014699989283470988
2001-01-03,1.5045,0.004540295119182636,0.004530019071749897
2001-01-04,1.493,-0.007643735460285739,-0.007673098530909457
2001-01-05,1.499,0.004018754186202234,0.004010700563407275
2001-01-08,1.4969,-0.00140093395597074,-0.0014019161814077237
2001-01-09,1.49,-0.004609526354465876,-0.004620182981685228
2001-01-10,1.491,0.0006711409395974144,0.0006709158252336917
2001-01-11,1.4965,0.0036887994634471344,0.00368201252801499
2001-01-12,1.4778,-0.012495823588372867,-0.01257455293820639
2001-01-15,1.4778,0.0,0.0
2001-01-16,1.4675,-0.006969820002706739,-0.006994222652295729
2001-01-17,1.4723,0.0032708688245315365,0.0032655311691113667
2001-01-18,1.4755,0.0021734700808260232,0.0021711115116313457
2001-01-19,1.4683,-0.00487970179600139,-0.0048916464141022555
2001-01-22,1.465,-0.002247497105496099,-0.0022500265177241474
2001-01-23,1.4715,0.004436860068259385,0.004427046222359784
2001-01-24,1.4616,-0.006727828746177389,-0.006750562609730525
2001-01-25,1.4605,-0.0007525998905310027,-0.0007528832360013827
2001-01-26,1.459,-0.001027045532351778,-0.001027573305009852
2001-01-29,1.457,-0.001370801919122644,-0.0013717423275807702
2001-01-30,1.4615,0.00308853809196985,0.0030837783560958456
2001-01-31,1.4613,-0.00013684570646599337,-0.00013685507069399514
2001-02-01,1.4775,0.011086019297885441,0.011025019799646592
2001-02-02,1.4692,-0.005617597292724152,-0.005633435334740974
2001-02-05,1.475,0.00394772665396137,0.003939954828407984
2001-02-06,1.4585,-0.011186440677966258,-0.01124947946614425
2001-02-07,1.4633,0.0032910524511484684,0.003285648790604733
2001-02-08,1.444,-0.013189366500375943,-0.013277118645609357
2001-02-09,1.449,0.003462603878116477,0.003456622867910973
2001-02-12,1.4513,0.0015873015873015817,0.0015860431556347797
2001-02-13,1.451,-0.00020671122441950907,-0.00020673259212934062
2001-02-14,1.4578,0.004686423156443853,0.004675476063924751
2001-02-15,1.449,-0.006036493346137983,-0.006054786627430165
2001-02-16,1.4505,0.0010351966873705098,0.0010346612407762387
2001-02-19,1.4505,0.0,0.0
2001-02-20,1.4436,-0.00475698035160288,-0.004768330792825189
2001-02-21,1.4385,-0.0035328345802162486,-0.0035390897770310238
2001-02-22,1.4447,0.004310045185957678,0.004300783543733146
2001-02-23,1.447,0.0015920260261645947,0.001590760096148189
2001-02-26,1.444,-0.0020732550103663705,-0.002075407178712418
2001-02-27,1.4405,-0.002423822714681445,-0.0024267649281883696
2001-02-28,1.4433,0.0019437695244708397,0.001941882848934708
2001-03-01,1.4553,0.008314279775514466,0.008279906545762852
2001-03-02,1.4725,0.011818868961726015,0.011749571606461137
2001-03-05,1.4687,-0.002580645161290307,-0.002583980765925018
2001-03-06,1.4655,-0.002178797576087632,-0.002181174608869551
2001-03-07,1.4612,-0.0029341521664960624,-0.0029384652298196723
2001-03-08,1.4667,0.0037640295647412003,0.0037569633315820187
2001-03-09,1.4675,0.0005454421490420636,0.0005452934495419474
2001-03-12,1.467,-0.0003407155025553221,-0.00034077355926975247
2001-03-13,1.4513,-0.010702113156100923,-0.01075979266666459
2001-03-14,1.4497,-0.001102459863570604,-0.0011030680194653948
2001-03-15,1.4436,-0.004207767124232542,-0.00421664468821822
2001-03-16,1.4265,-0.011845386533665736,-0.011916102115078715
2001-03-19,1.4237,-0.0019628461268840214,-0.001964775033854618
2001-03-20,1.4285,0.003371496804102092,0.0033658260511277576
2001-03-21,1.431,0.0017500875043752195,0.0017485578856231464
2001-03-22,1.4223,-0.006079664570230681,-0.006098220980268642
2001-03-23,1.4292,0.0048512971946848005,0.0048395675730725255
2001-03-26,1.4345,0.0037083683179401916,0.0037015092721648336
2001-03-27,1.429,-0.003834088532589819,-0.0038414574915521396
2001-03-28,1.4352,0.0043386983904829535,0.004329313374664363
2001-03-29,1.4302,-0.003483835005574254,-0.0034899176902362145
2001-03-30,1.419,-0.007831072577261788,-0.007861896454252783
2001-04-02,1.42,0.000704721634954053,0.0007044734352636159
2001-04-03,1.4305,0.007394366197183144,0.007367161894858581
2001-04-04,1.435,0.003145753233135151,0.0031408157035564175
2001-04-05,1.4266,-0.005853658536585371,-0.005870858349783745
2001-04-06,1.4383,0.00820131781858957,0.008167869765905725
2001-04-09,1.447,0.006048807620107066,0.006030587021640305
2001-04-10,1.436,-0.007601935038009766,-0.007630977023314461
2001-04-11,1.434,-0.0013927576601671099,-0.001393728448603803
2001-04-12,1.4391,0.0035564853556486753,0.0035501760165624016
2001-04-13,1.4354,-0.002571051351539233,-0.002574362180156489
2001-04-16,1.436,0.0004180019506756505,0.0004179146121978546
2001-04-17,1.4287,-0.005083565459609973,-0.005096530737057022
2001-04-18,1.4257,-0.0020998110170085127,-0.0021020187111972016
2001-04-19,1.4366,0.007645367188048091,0.007616289480786088
2001-04-20,1.4428,0.004315745510232505,0.004306459388682709
2001-04-23,1.4377,-0.003534793457166674,-0.0035410556008371743
2001-04-24,1.4365,-0.0008346664811851312,-0.0008350150092024694
2001-04-25,1.4397,0.002227636616776829,0.0022251591129652274
2001-04-26,1.4378,-0.0013197193859831868,-0.0013205909825383646
2001-04-27,1.4362,-0.0011128112393935519,-0.0011134308735540387
2001-04-30,1.4306,-0.003899178387411051,-0.003906800001933532
2001-05-01,1.434,0.002376625192227033,0.002373805485282213
2001-05-02,1.4345,0.0003486750348675738,0.00034861426185388186
2001-05-03,1.4322,-0.0016033461136285565,-0.0016046328485801822
2001-05-04,1.4362,0.0027929060187124044,0.0027890131033776783
2001-05-07,1.44,0.00264587104860059,0.0026423768938292646
2001-05-08,1.4315,-0.005902777777777701,-0.005920268031876486
2001-05-09,1.4209,-0.007404820118756539,-0.007432371894140118
2001-05-10,1.4186,-0.001618692378070219,-0.0016200038760432183
2001-05-11,1.4177,-0.0006344283096011427,-0.0006346296444006556
2001-05-14,1.4176,-7.053678493329496e-05,-7.053927276929932e-05
2001-05-15,1.4236,0.004232505643340767,0.004223573785221019
2001-05-16,1.4293,0.00400393368923857,0.003995939279031934
2001-05-17,1.431,0.0011893934093611946,0.0011886866413813523
2001-05-18,1.4333,0.0016072676450034074,0.001605977372718983
2001-05-21,1.438,0.0032791460266516914,0.003273781351821929
2001-05-22,1.4278,-0.00709318497913769,-0.007118461212631833
2001-05-23,1.4245,-0.0023112480739598817,-0.002313923130397123
2001-05-24,1.4103,-0.009968409968409975,-0.010018427239768464
2001-05-25,1.4207,0.007374317521094742,0.00734726017983682
2001-05-28,1.4207,0.0,0.0
2001-05-29,1.4187,-0.0014077567396354462,-0.0014087485600916755
2001-05-30,1.4251,0.004511172199901381,0.004501027361226765
2001-05-31,1.4175,-0.0053329590905901725,-0.005347230077259393
2001-06-01,1.416,-0.0010582010582010914,-0.0010587613482420989
2001-06-04,1.4123,-0.002612994350282394,-0.002616414178646844
2001-06-05,1.4113,-0.0007080648587410865,-0.0007083156550568719
2001-06-06,1.3906,-0.014667327995465107,-0.014775956755043769
2001-06-07,1.39,-0.00043146843089325593,-0.0004315615401801265
2001-06-08,1.3817,-0.005971223021582706,-0.005989122062113568
2001-06-11,1.373,-0.006296591155822484,-0.006316498294652741
2001-06-12,1.3781,0.0037144938091770996,0.0037076121131282332
2001-06-13,1.3909,0.009288150351933755,0.009245280731985234
2001-06-14,1.4005,0.0069020058954634145,0.00687829608707879
2001-06-15,1.4056,0.0036415565869332145,0.0036349421727241973
2001-06-18,1.4034,-0.0015651678998291896,-0.0015663940546990281
2001-06-19,1.4008,-0.0018526435798773555,-0.001854361846546162
2001-06-20,1.3952,-0.003997715591090856,-0.004005727816926963
2001-06-21,1.4167,0.015409977064220204,0.015292449230590099
2001-06-22,1.414,-0.0019058375097057434,-0.0019076559287872852
2001-06-25,1.413,-0.0007072135785006761,-0.000707463771990594
2001-06-26,1.4154,0.001698513800424628,0.0016970729571569058
2001-06-27,1.419,0.0025434506146673197,0.0025402215183584
2001-06-28,1.407,-0.008456659619450302,-0.008492620045653588
2001-06-29,1.4077,0.0004975124378108209,0.0004973887195304874
2001-07-02,1.4168,0.006464445549478004,0.006443640634704248
2001-07-03,1.4058,-0.007763975155279601,-0.007794271726818909
2001-07-04,1.4058,0.0,0.0
2001-07-05,1.3998,-0.004268032437046543,-0.00427716648636571
2001-07-06,1.4106,0.007715387912559102,0.007685776518639705
2001-07-09,1.4081,-0.0017722954771021149,-0.0017738678508130456
2001-07-10,1.4098,0.0012073006178539014,0.0012065724165093259
2001-07-11,1.4121,0.0016314370832741787,0.0016301077354310219
2001-07-12,1.4065,-0.00396572480702484,-0.003973609145294592
2001-07-13,1.3995,-0.004976892996800597,-0.0049893189744033605
2001-07-16,1.4011,0.0011432654519472063,0.0011426124216776387
2001-07-17,1.4037,0.0018556848190707242,0.0018539651630945246
2001-07-18,1.416,0.008762556101731045,0.008724387713384683
2001-07-19,1.419,0.0021186440677967155,0.0021164029063776937
2001-07-20,1.429,0.007047216349541863,0.00702250076982468
2001-07-23,1.4185,-0.007347795661301615,-0.007374923680961373
2001-07-24,1.4223,0.0026788861473385772,0.0026753043272761397
2001-07-25,1.428,0.004007593334739434,0.003999584323347284
2001-07-26,1.4265,-0.0010504201680671121,-0.001050972245974893
2001-07-27,1.4256,-0.0006309148264984632,-0.0006311139370098648
2001-07-30,1.426,0.0002805836139168072,0.00028054425769624285
2001-07-31,1.4252,-0.0005610098176717093,-0.0005611672425601634
2001-08-01,1.433,0.005472916081953327,0.005457994096490785
2001-08-02,1.4295,-0.002442428471737701,-0.0024454160658054437
2001-08-03,1.4268,-0.0018887722980062138,-0.0018905582776299547
2001-08-06,1.4175,-0.0065180824222036415,-0.006539417882829432
2001-08-07,1.4169,-0.00042328042328032556,-0.00042337003172591774
2001-08-08,1.4135,-0.0023996047709788915,-0.002402488436536081
2001-08-09,1.4218,0.00587194906261046,0.005854776361737613
2001-08-10,1.4273,0.003868335912224019,0.0038608731403401474
2001-08-13,1.4217,-0.003923491907797949,-0.0039312089940705
2001-08-14,1.4285,0.0047830062601113,0.004771604029175622
2001-08-15,1.4379,0.006580329016450781,0.0065587731628674855
2001-08-16,1.4438,0.004103206064399512,0.00409481087136539
2001-08-17,1.4465,0.001870065105970209,0.0018683187111289995
2001-08-20,1.4445,-0.0013826477704804718,-0.0013836045098998494
2001-08-21,1.4468,0.0015922464520596868,0.0015909801716530944
2001-08-22,1.4538,0.004838263754492589,0.004826596972592082
2001-08-23,1.4478,-0.004127115146512539,-0.00413565519149395
2001-08-24,1.4443,-0.002417460975272845,-0.00242038775192002
2001-08-27,1.443,-0.0009000900090008201,-0.0009004953332500951
2001-08-28,1.4501,0.004920304920304819,0.004908239779978541
2001-08-29,1.4515,0.0009654506585752287,0.0009649849108350267
2001-08-30,1.4577,0.004271443334481484,0.0042623466152823305
2001-08-31,1.451,-0.0045962818138162165,-0.004606877195779083
2001-09-03,1.451,0.0,0.0
2001-09-04,1.4444,-0.004548587181254393,-0.00455896348088525
2001-09-05,1.4553,0.007546386042647457,0.007518054515977852
2001-09-06,1.4561,0.0005497148354289827,0.000549563797578134
2001-09-07,1.4626,0.004463979122312889,0.004454045119991862
2001-09-10,1.4585,-0.0028032271297688816,-0.0028071635290746848
2001-09-11,1.4585,0.0,0.0
2001-09-12,1.4666,0.005553651011312999,0.005538286351923034
2001-09-13,1.4697,0.0021137324423838866,0.0021115016529398155
2001-09-14,1.4678,-0.001292780839627139,-0.0012936172016763897
2001-09-17,1.4661,-0.001158195939501283,-0.0011588671667435856
2001-09-18,1.4635,-0.0017734124548119956,-0.0017749868122781977
2001-09-19,1.4714,0.005398018448923736,0.00538350136622344
2001-09-20,1.4642,-0.004893298899007803,-0.004905310285621809
2001-09-21,1.4547,-0.0064881846742247395,-0.006509324433125924
2001-09-24,1.4616,0.004743246030109338,0.004732032284380711
2001-09-25,1.4692,0.0051997810618500395,0.005186308881715299
2001-09-26,1.4745,0.0036074053906887116,0.0036009143098185903
2001-09-27,1.4733,-0.0008138351983721925,-0.0008141665420221948
2001-09-28,1.4691,-0.0028507432294848645,-0.0028548143369272554
2001-10-01,1.4785,0.006398475256959912,0.006378091916150396
2001-10-02,1.4618,-0.011295231653703053,-0.01135950724624055
2001-10-03,1.4756,0.00944041592557121,0.00939613367622923
2001-10-04,1.4774,0.0012198427758201014,0.0012190993721169169
2001-10-05,1.4795,0.0014214160010830312,0.0014204067456270013
2001-10-08,1.4795,0.0,0.0
2001-10-09,1.4605,-0.012842176410949757,-0.0129253500124688
2001-10-10,1.449,-0.007874015748031371,-0.00790517950711315
2001-10-11,1.4415,-0.005175983436852993,-0.005189425242225496
2001-10-12,1.4518,0.007145334720777052,0.007119927772283469
2001-10-15,1.447,-0.0033062405289984165,-0.0033117182192563296
2001-10-16,1.4478,0.0005528680027642174,0.000552715227557066
2001-10-17,1.4505,0.0018648984666389534,0.001863161702417573
2001-10-18,1.444,-0.004481213374698312,-0.004491284108687101
2001-10-19,1.4372,-0.00470914127423816,-0.004720264213407806
2001-10-22,1.4265,-0.007445032006679564,-0.007472884585808886
2001-10-23,1.4214,-0.0035751840168244398,-0.003581590260759954
2001-10-24,1.4263,0.003447305473476714,0.0034413771365816555
2001-10-25,1.4306,0.0030147935216995325,0.0030102581449069073
2001-10-26,1.4348,0.002935831119809773,0.0029315299838439638
2001-10-29,1.4525,0.012336214106495547,0.012260743067938652
2001-10-30,1.4546,0.0014457831325300763,0.0014447389943739854
2001-10-31,1.4534,-0.0008249690636600304,-0.0008253095379047199
2001-11-01,1.462,0.00591715976331364,0.005899722127188322
2001-11-02,1.4615,-0.0003419972640218427,-0.00034205575842313887
2001-11-05,1.457,-0.003079028395484018,-0.0030837783560957225
2001-11-06,1.4591,0.0014413177762526708,0.00144028007477199
2001-11-07,1.465,0.004043588513467311,0.004035435181191059
2001-11-08,1.454,-0.007508532423208258,-0.007536863357703073
2001-11-09,1.4574,0.002338376891334315,0.0023356471427172037
2001-11-12,1.4574,0.0,0.0
2001-11-13,1.4425,-0.010223686016193279,-0.010276306853927246
2001-11-14,1.4429,0.00027729636048534623,0.0002772579209555073
2001-11-15,1.431,-0.008247279783768824,-0.008281476746759173
2001-11-16,1.4278,-0.002236198462613581,-0.0022387024880907683
2001-11-19,1.4107,-0.011976467292337811,-0.012048762987903461
2001-11-20,1.418,0.005174735946692932,0.005161393011615959
2001-11-21,1.4154,-0.0018335684062058544,-0.0018352514503883926
2001-11-22,1.4154,0.0,0.0
2001-11-23,1.4095,-0.0041684329518157925,-0.004177145087517159
2001-11-26,1.4125,0.0021284143313231585,0.002126152466428763
2001-11-27,1.4137,0.0008495575221239005,0.0008491968523908697
2001-11-28,1.4235,0.006932163825422721,0.006908246845105446
2001-11-29,1.4232,-0.00021074815595356622,-0.00021077036646678974
2001-11-30,1.4255,0.0016160764474424383,0.00161477200110135
2001-12-03,1.4217,-0.0026657313223430457,-0.0026692907110743855
2001-12-04,1.4216,-7.0338327354591e-05,-7.034080121074381e-05
2001-12-05,1.4164,-0.003657850309510269,-0.003664556602692767
2001-12-06,1.425,0.006071731149392745,0.006053372465002151
2001-12-07,1.4315,0.004561403508771988,0.0045510318354188995
2001-12-10,1.4342,0.0018861334264757001,0.0018843569103047316
2001-12-11,1.4365,0.0016036814949100808,0.0016023969708697718
2001-12-12,1.444,0.005221023320570728,0.005207441033427193
2001-12-13,1.4454,0.0009695290858726668,0.0009690593961092331
2001-12-14,1.4547,0.006434205064342002,0.006413593930535555
2001-12-17,1.4588,0.0028184505396302573,0.0028144861551089658
2001-12-18,1.4565,-0.0015766383328764677,-0.001577882535035996
2001-12-19,1.4508,-0.0039134912461378235,-0.003921168990741814
2001-12-20,1.4464,-0.0030328094844225273,-0.003037417770835389
2001-12-21,1.4385,-0.005461836283185861,-0.0054768066463094685
2001-12-24,1.4385,0.0,0.0
2001-12-25,1.4385,0.0,0.0
2001-12-26,1.449,0.007299270072992803,0.007272759329079878
2001-12-27,1.454,0.003450655624568588,0.0034447157727822172
2001-12-28,1.4475,-0.004470426409903694,-0.004480448646314346
2001-12-31,1.4543,0.004697754749568128,0.004686754736514085
2002-01-01,1.4543,0.0,0.0
2002-01-02,1.4451,-0.00632606752389453,-0.00634616187937956
2002-01-03,1.44,-0.0035291675316587723,-0.0035354097342385573
2002-01-04,1.4455,0.0038194444444445974,0.0038121688863545994
2002-01-07,1.4385,-0.004842615012106588,-0.004854378464798199
2002-01-08,1.4426,0.0028501911713592065,0.002846137077969805
2002-01-09,1.4373,-0.0036739220851241816,-0.0036806875123862235
2002-01-10,1.4433,0.004174493842621585,0.004165804816331583
2002-01-11,1.4448,0.0010392849719393915,0.001038745289203347
2002-01-14,1.4482,0.002353266888150518,0.002350502291999319
2002-01-15,1.445,-0.0022096395525479373,-0.0022120844081877948
2002-01-16,1.4375,-0.005190311418685201,-0.00520382787502711
2002-01-17,1.4348,-0.001878260869565218,-0.0018800270133779952
2002-01-18,1.4365,0.0011848341232227888,0.001184132761216772
2002-01-21,1.4365,0.0,0.0
2002-01-22,1.4295,-0.004872955099199494,-0.0048848666569778
2002-01-23,1.4273,-0.0015389996502273018,-0.0015401851266436469
2002-01-24,1.4229,-0.0030827436418412457,-0.0030875050840770877
2002-01-25,1.4096,-0.009347108018834871,-0.009391066369730753
2002-01-28,1.4074,-0.0015607264472190518,-0.0015619456494664983
2002-01-29,1.4132,0.004121074321443707,0.004112605952541517
2002-01-30,1.416,0.00198131899235765,0.0019793587686747984
2002-01-31,1.412,-0.0028248587570621764,-0.0028288562004777137
2002-02-01,1.4158,0.00269121813031159,0.0026876032869014607
2002-02-04,1.4197,0.002754626359655399,0.0027508393294394876
2002-02-05,1.417,-0.001901810241600299,-0.0019036209788478038
2002-02-06,1.4138,-0.0022582921665491584,-0.0022608459538268726
2002-02-07,1.4117,-0.0014853586080068037,-0.0014864628466997479
2002-02-08,1.4176,0.004179358220585128,0.004170648960662578
2002-02-11,1.4237,0.004303047404063287,0.004293815768883689
2002-02-12,1.4322,0.005970358923930608,0.005952606953139307
2002-02-13,1.4298,-0.0016757436112274648,-0.001677149240087955
2002-02-14,1.4285,-0.0009092180724575849,-0.0009096316619235752
2002-02-15,1.4315,0.0021001050052502634,0.0020979028673419795
2002-02-18,1.4315,0.0,0.0
2002-02-19,1.4302,-0.0009081383164513124,-0.0009085509238742033
2002-02-20,1.4269,-0.002307369598657405,-0.0023100356777659295
2002-02-21,1.4253,-0.0011213119349638978,-0.0011219410755441781
2002-02-22,1.4301,0.0033677120606188105,0.00336205401790434
2002-02-25,1.4263,-0.0026571568421789316,-0.0026606933495131684
2002-02-26,1.4225,-0.002664236135455189,-0.002667791528890402
2002-02-27,1.4165,-0.004217926186291798,-0.0042268467299148025
2002-02-28,1.4129,-0.0025414754677021145,-0.0025447104988091415
2002-03-01,1.419,0.004317361455163038,0.004308068388280425
2002-03-04,1.4228,0.0026779422128260233,0.002674362914257564
2002-03-05,1.4212,-0.0011245431543436268,-0.0011251759274281934
2002-03-06,1.4238,0.0018294399099352265,0.0018277685229008233
2002-03-07,1.4245,0.000491642084562649,0.0004915212681903126
2002-03-08,1.4227,-0.001263601263601255,-0.0012644002808416632
2002-03-11,1.422,-0.0004920222112885231,-0.0004921432939352536
2002-03-12,1.4146,-0.005203938115330375,-0.005217525761296484
2002-03-13,1.4157,0.0007776049766716753,0.0007773027985617909
2002-03-14,1.42,0.003037366673730224,0.003032763194854806
2002-03-15,1.4238,0.0026760563380281432,0.0026724820744664416
2002-03-18,1.4256,0.0012642225031604948,0.00126342404677192
2002-03-19,1.4213,-0.0030162738496071206,-0.0030208319715786707
2002-03-20,1.426,0.003306831773728147,0.003301376229274987
2002-03-21,1.4287,0.0018934081346424492,0.0018916178968712612
2002-03-22,1.4263,-0.0016798488136069434,-0.0016812613417360094
2002-03-25,1.4255,-0.000560891817990572,-0.0005610491766498572
2002-03-26,1.427,0.0010522623640827344,0.0010517091241096903
2002-03-27,1.4238,-0.002242466713384794,-0.0022449848070636063
2002-03-28,1.4242,0.00028093833403564084,0.00028089887825146403
2002-03-29,1.425,0.0005617188597109024,0.0005615611547267039
2002-04-01,1.4407,0.011017543859649148,0.010957292864676414
2002-04-02,1.4358,-0.0034011244533908025,-0.00340692142504474
2002-04-03,1.435,-0.0005571806658308809,-0.0005573359486611416
2002-04-04,1.4349,-6.968641114979413e-05,-6.968883936055311e-05
2002-04-05,1.435,6.969126768407996e-05,6.968883936050557e-05
2002-04-08,1.431,-0.0027874564459929863,-0.00279134863727053
2002-04-09,1.4345,0.002445842068483639,0.002442855864968632
2002-04-10,1.4365,0.0013942140118508028,0.0013932429979247472
2002-04-11,1.4382,0.0011834319526626835,0.001182732249049394
2002-04-12,1.4371,-0.00076484494507012,-0.0007651375881923761
2002-04-15,1.4372,6.958458005712487e-05,6.958215916253798e-05
2002-04-16,1.4396,0.0016699137211244608,0.0016685209655120214
2002-04-17,1.4438,0.0029174770769657687,0.00291322950018495
2002-04-18,1.4479,0.0028397284942511813,0.0028357040823152576
2002-04-19,1.4472,-0.00048345880240341366,-0.0004835757062905516
2002-04-22,1.4488,0.001105583195135429,0.0011049724881182432
2002-04-23,1.4486,-0.00013804527885141749,-0.00013805480797790144
2002-04-24,1.448,-0.00041419301394463037,-0.00041427881556413616
2002-04-25,1.454,0.004143646408839796,0.004135085147803017
2002-04-26,1.4545,0.0003438789546079679,0.0003438198417916375
2002-04-29,1.4592,0.0032313509797181617,0.003226141384810665
2002-04-30,1.4565,-0.0018503289473684736,-0.001852042920577702
2002-05-01,1.4621,0.0038448335049776627,0.003837461023902965
2002-05-02,1.4645,0.0016414745913411188,0.0016401288443957842
2002-05-03,1.4664,0.0012973711164219193,0.0012965302577070221
2002-05-06,1.4676,0.0008183306055646877,0.0008179959556317626
2002-05-07,1.4675,-6.813845734532364e-05,-6.814077887546594e-05
2002-05-08,1.4533,-0.00967632027257237,-0.009723440070126703
2002-05-09,1.4585,0.003578063717057711,0.0035716776756513115
2002-05-10,1.4606,0.0014398354473774688,0.0014387998782333024
2002-05-13,1.4588,-0.0012323702587976326,-0.0012331302514841055
2002-05-14,1.4474,-0.007814642171647956,-0.00784533650249787
2002-05-15,1.4558,0.005803509741605595,0.0057867342521301796
2002-05-16,1.4567,0.0006182167880204315,0.0006180257707446063
2002-05-17,1.4602,0.0024026910139354207,0.002399809167083144
2002-05-20,1.4588,-0.0009587727708532112,-0.000959232687460122
2002-05-21,1.4568,-0.0013709898546750976,-0.0013719305211269824
2002-05-22,1.4589,0.001441515650741243,0.001440477664451496
2002-05-23,1.4545,-0.0030159709370074506,-0.003020528142593595
2002-05-24,1.4577,0.0022000687521486206,0.0021976521447107924
2002-05-27,1.4577,0.0,0.0
2002-05-28,1.4618,0.002812650065171063,0.0028087019663242375
2002-05-29,1.46,-0.0012313585989875975,-0.0012321173439092592
2002-05-30,1.4655,0.003767123287671259,0.003760045448565026
2002-05-31,1.4625,-0.0020470829068578444,-0.002049181044935681
2002-06-03,1.4622,-0.00020512820512819108,-0.00020514924679600286
2002-06-04,1.4605,-0.001162631650936996,-0.001163308031419939
2002-06-05,1.4574,-0.0021225607668605706,-0.0021248165916137466
2002-06-06,1.4593,0.0013036915054205345,0.0013028424375181738
2002-06-07,1.4604,0.0007537860618103132,0.0007535021077815896
2002-06-10,1.461,0.00041084634346755244,0.0004107619692176924
2002-06-11,1.4686,0.005201916495550796,0.005188433266810428
2002-06-12,1.4705,0.001293749148849166,0.001292912976539534
2002-06-13,1.4709,0.00027201632097928474,0.00027197933124756697
2002-06-14,1.4735,0.0017676252634442058,0.0017660648524522103
2002-06-17,1.4782,0.00318968442483869,0.0031846081730368364
2002-06-18,1.4868,0.005817886618860735,0.005801028072310654
2002-06-19,1.4873,0.0003362927091741241,0.00033623617545523217
2002-06-20,1.4982,0.007328716466079355,0.007301991915230172
2002-06-21,1.4987,0.0003337338139099977,0.00033367813716785413
2002-06-24,1.5056,0.00460399012477497,0.0045934241801649355
2002-06-25,1.4999,-0.003785866099893731,-0.0037930506298014146
2002-06-26,1.5217,0.014534302286819178,0.014429691724755124
2002-06-27,1.5285,0.004468686337648631,0.004458731404820301
2002-06-28,1.5245,-0.0026169447170428795,-0.0026203749025797505
2002-07-01,1.5307,0.004066907182682877,0.0040586596693520365
2002-07-02,1.53,-0.0004573071143920693,-0.00045741171118029186
2002-07-03,1.5268,-0.0020915032679739154,-0.002093693515406535
2002-07-04,1.5268,0.0,0.0
2002-07-05,1.5206,-0.004060780717841217,-0.004069048076738382
2002-07-08,1.5348,0.009338419045113788,0.009295085578461064
2002-07-09,1.5465,0.007623143080531802,0.007594233752327127
2002-07-10,1.5483,0.0011639185257033002,0.0011632416976669485
2002-07-11,1.5545,0.0040043919137118245,0.003996395676017357
2002-07-12,1.55,-0.002894821486008281,-0.0028990195855161153
2002-07-15,1.5656,0.010064516129032253,0.010014206168574164
2002-07-16,1.5693,0.002363311190597628,0.0023605229628083767
2002-07-17,1.5682,-0.0007009494679155459,-0.0007011952478534206
2002-07-18,1.5685,0.00019130212983031747,0.000191283833911207
2002-07-19,1.5785,0.006375518010838466,0.006355280367313589
2002-07-22,1.58,0.000950269242952162,0.0009498180229661362
2002-07-23,1.5657,-0.009050632911392409,-0.00909183870353525
2002-07-24,1.5745,0.0056204892380404825,0.005604753223602085
2002-07-25,1.5754,0.0005716100349315578,0.0005714467281444426
2002-07-26,1.5635,-0.007553637171512029,-0.007582310371328003
2002-07-29,1.557,-0.004157339302846119,-0.004166005063897586
2002-07-30,1.5725,0.009955041746949389,0.009905816740597387
2002-07-31,1.5625,-0.006359300476947549,-0.00637960696403904
2002-08-01,1.5578,-0.0030079999999998996,-0.003012533124708311
2002-08-02,1.5709,0.00840929515984068,0.008374134020045797
2002-08-05,1.5665,-0.002800942135081752,-0.0028048721136476
2002-08-06,1.5382,-0.01806575167571023,-0.018230929769293035
2002-08-07,1.5354,-0.0018203094526069163,-0.0018219682291552809
2002-08-08,1.5278,-0.004949850201901862,-0.004962141286538878
2002-08-09,1.5235,-0.0028145045162979443,-0.0028184726814955907
2002-08-12,1.5317,0.005382343288480529,0.005367910244744632
2002-08-13,1.531,-0.000457008552588678,-0.00045711301282460746
2002-08-14,1.5442,0.008621815806662436,0.008584860217031769
2002-08-15,1.536,-0.00531019298018387,-0.005324342167097881
2002-08-16,1.5372,0.0007812499999999556,0.000780944983071351
2002-08-19,1.5272,-0.006505334374186877,-0.006526586279151057
2002-08-20,1.5266,-0.0003928758512309338,-0.0003929530471677824
2002-08-21,1.5295,0.001899646272763178,0.0018978442265883224
2002-08-22,1.5192,-0.006734226871526583,-0.006757004092881964
2002-08-23,1.5215,0.0015139547130067488,0.0015128098389495474
2002-08-26,1.5236,0.001380216891225805,0.0013792652674232508
2002-08-27,1.5305,0.004528747702809088,0.004518523781018172
2002-08-28,1.5363,0.0037896112381574643,0.0037824487511471144
2002-08-29,1.5484,0.007876065872550964,0.007845211566878757
2002-08-30,1.5476,-0.0005166623611468912,-0.0005167958771350419
2002-09-02,1.5476,0.0,0.0
2002-09-03,1.5625,0.009627810803825243,0.00958175878419863
2002-09-04,1.5642,0.0010879999999999779,0.0010874085569544608
2002-09-05,1.566,0.0011507479861909697,0.00115008638323731
2002-09-06,1.5597,-0.004022988505747116,-0.004031102492968622
2002-09-09,1.5585,-0.0007693787266782603,-0.000769674850388057
2002-09-10,1.5544,-0.002630734680782787,-0.002634201144161427
2002-09-11,1.5492,-0.0033453422542460975,-0.0033509504226332918
2002-09-12,1.5549,0.0036793183578620603,0.00367256622317337
2002-09-13,1.5585,0.0023152614316033215,0.00231258534362122
2002-09-16,1.544,-0.00930381777350009,-0.009347368622670223
2002-09-17,1.5343,-0.006282383419689119,-0.006302200633561456
2002-09-18,1.5525,0.011862086945186645,0.011792283856473722
2002-09-19,1.5545,0.0012882447665056862,0.001287415691174722
2002-09-20,1.5558,0.0008362817626246244,0.0008359322738651861
2002-09-23,1.5575,0.001092685435145846,0.001092088888934447
2002-09-24,1.5565,-0.0006420545746389505,-0.0006422607799454556
2002-09-25,1.5625,0.003854802441374927,0.0038473917288937517
2002-09-26,1.5563,-0.0039679999999999715,-0.003975893399592218
2002-09-27,1.5548,-0.0009638244554391884,-0.0009642892328962249
2002-09-30,1.57,0.009776177000257347,0.009728699364285722
2002-10-01,1.5708,0.0005095541401274328,0.0005094243615008585
2002-10-02,1.5655,-0.0033740769034886764,-0.0033797819373941763
2002-10-03,1.5704,0.0031299904183967886,0.0031251021957910317
2002-10-04,1.569,-0.000891492613346978,-0.000891890229218777
2002-10-07,1.5643,-0.0029955385595920037,-0.003000034165307895
2002-10-08,1.5569,-0.004730550405932399,-0.0047417748720957964
2002-10-09,1.5595,0.0016699852270538607,0.0016685923522292104
2002-10-10,1.5625,0.0019236934915036752,0.0019218455626986012
2002-10-11,1.5605,-0.0012799999999999478,-0.001280819899722391
2002-10-14,1.5605,0.0,0.0
2002-10-15,1.5542,-0.004037167574495348,-0.004045338935692283
2002-10-16,1.5543,6.434178355418929e-05,6.43397137104183e-05
2002-10-17,1.5525,-0.0011580775911986807,-0.0011587486812185406
2002-10-18,1.5461,-0.004122383252817996,-0.004130903699084886
2002-10-21,1.5418,-0.0027811913847746172,-0.0027850660833871133
2002-10-22,1.5463,0.0029186664937086437,0.0029144154562229722
2002-10-23,1.5499,0.002328138136196145,0.0023254322216203463
2002-10-24,1.5478,-0.0013549261242660204,-0.0013558448666462686
2002-10-25,1.5533,0.0035534306757978307,0.0035471321575027176
2002-10-28,1.5602,0.0044421554110603,0.004432318160351195
2002-10-29,1.5585,-0.001089603896936353,-0.001090197946821047
2002-10-30,1.5568,-0.0010907924286173154,-0.0010913877756512141
2002-10-31,1.563,0.003982528263103857,0.0039746189897360475
2002-11-01,1.5638,0.0005118362124121312,0.0005117052689371325
2002-11-04,1.5545,-0.005947052052692192,-0.00596480619160517
2002-11-05,1.5625,0.005146349308459364,0.005133152111748114
2002-11-06,1.559,-0.0022400000000000198,-0.002242512552780064
2002-11-07,1.5796,0.013213598460551701,0.013127060354717897
2002-11-08,1.5915,0.007533552798176801,0.007505317309653213
2002-11-11,1.5915,0.0,0.0
2002-11-12,1.5879,-0.002262016965127178,-0.0022645791900958953
2002-11-13,1.585,-0.001826311480571885,-0.001827981220670633
2002-11-14,1.5788,-0.003911671924290205,-0.003919342522688926
2002-11-15,1.579,0.0001266784899924822,0.00012667046695012628
2002-11-18,1.579,0.0,0.0
2002-11-19,1.588,0.005699810006333239,0.005683627551439058
2002-11-20,1.575,-0.00818639798488674,-0.008220090547347686
2002-11-21,1.5753,0.00019047619047607434,0.0001904580521897431
2002-11-22,1.5778,0.0015869993017203488,0.0015857413490659767
2002-11-25,1.5667,-0.0070351121815186435,-0.007059975261547914
2002-11-26,1.5485,-0.01161677411118911,-0.011684775986183893
2002-11-27,1.544,-0.002906038101388453,-0.002910268828536017
2002-11-28,1.544,0.0,0.0
2002-11-29,1.5553,0.00731865284974087,0.007292001465792873
2002-12-02,1.5555,0.00012859255449115814,0.0001285842871773586
2002-12-03,1.5687,0.008486017357762776,0.008450213524502906
2002-12-04,1.5682,-0.00031873525849424045,-0.00031878606537299336
2002-12-05,1.5708,0.0016579517918633435,0.0016565789070330452
2002-12-06,1.573,0.0014005602240896309,0.0013995803544232636
2002-12-09,1.5785,0.0034965034965035446,0.0034904049397685676
2002-12-10,1.5699,-0.005448210326259084,-0.0054631059517745
2002-12-11,1.5744,0.0028664246130325477,0.0028623242517170264
2002-12-12,1.58,0.0035569105691057867,0.0035505997230236056
2002-12-13,1.5896,0.006075949367088551,0.006057565216594549
2002-12-16,1.5905,0.0005661801711123182,0.0005660199515917958
2002-12-17,1.5963,0.003646651996227712,0.003640019081234615
2002-12-18,1.6,0.002317860051368914,0.002315177957439425
2002-12-19,1.5986,-0.0008750000000000702,-0.0008753830359540099
2002-12-20,1.6015,0.0018140873264105295,0.001812443857294089
2002-12-23,1.587,-0.009054011863877554,-0.0090952485228037
2002-12-24,1.5958,0.005545053560176427,0.005529736347771491
2002-12-25,1.5958,0.0,0.0
2002-12-26,1.5978,0.001253289885950526,0.0012525051737608827
2002-12-27,1.6022,0.0027537864563775827,0.002750001733074946
2002-12-30,1.6044,0.001373111971039842,0.0013721701148813959
2002-12-31,1.6095,0.0031787584143603276,0.003173716842964869
2003-01-01,1.6095,0.0,0.0
2003-01-02,1.5975,-0.00745573159366264,-0.0074836644871729965
2003-01-03,1.6045,0.004381846635367781,0.00437227429822171
2003-01-06,1.608,0.0021813649111872557,0.0021789891890000887
2003-01-07,1.6055,-0.0015547263681593426,-0.0015559362093431955
2003-01-08,1.6063,0.0004982871379632936,0.0004981630341518744
2003-01-09,1.6035,-0.0017431364004234506,-0.0017446574305109651
2003-01-10,1.6079,0.002743997505456841,0.0027402396171562924
2003-01-13,1.603,-0.0030474531998259113,-0.00305210614081297
2003-01-14,1.607,0.0024953212726137597,0.0024922131279595436
2003-01-15,1.6029,-0.002551337896701922,-0.002554598105677229
2003-01-16,1.6073,0.0027450246428348812,0.0027412639432599973
2003-01-17,1.6173,0.006221613886642219,0.006202339550637434
2003-01-20,1.6173,0.0,0.0
2003-01-21,1.6123,-0.0030915723737091616,-0.0030963611560385343
2003-01-22,1.6162,0.0024189046703466666,0.002415983829653122
2003-01-23,1.6233,0.004393020665759195,0.004383399517452019
2003-01-24,1.632,0.005359452966180012,0.005345142207253052
2003-01-27,1.6351,0.0018995098039216174,0.001897708016488476
2003-01-28,1.64,0.0029967586080361652,0.00299227727770332
2003-01-29,1.6457,0.0034756097560975086,0.003469583783092973
2003-01-30,1.6482,0.0015191104089447016,0.001517957727946228
2003-01-31,1.6448,-0.0020628564494600266,-0.002064987068437219
2003-02-03,1.6405,-0.002614299610894877,-0.0026177228596895833
2003-02-04,1.648,0.004571776897287272,0.004561358068260546
2003-02-05,1.6455,-0.0015169902912620659,-0.0015181420860223105
2003-02-06,1.6354,-0.006137951990276558,-0.006156866655517788
2003-02-07,1.6284,-0.0042802983979454146,-0.004289485099053076
2003-02-10,1.6275,-0.000552689756816549,-0.000552842546099502
2003-02-11,1.6193,-0.005038402457757329,-0.005051138003299235
2003-02-12,1.6155,-0.0023466930155005006,-0.002349450814872135
2003-02-13,1.6209,0.003342618384401197,0.0033370442535769133
2003-02-14,1.6105,-0.006416188537232359,-0.006436860746876218
2003-02-17,1.6105,0.0,0.0
2003-02-18,1.5921,-0.011425023284694191,-0.011490790269294539
2003-02-19,1.5957,0.0022611644997172498,0.0022586119144225093
2003-02-20,1.5925,-0.0020053894842387843,-0.002007402970063069
2003-02-21,1.5864,-0.0038304552590266994,-0.0038378102407322016
2003-02-24,1.586,-0.0002521432173474558,-0.0002521750107929297
2003-02-25,1.5727,-0.008385876418663396,-0.008421235698113625
2003-02-26,1.5806,0.005023208494945086,0.0050106342741952714
2003-02-27,1.5798,-0.000506136910034094,-0.0005062650405561585
2003-02-28,1.5737,-0.0038612482592733643,-0.0038687221235000403
2003-03-03,1.5755,0.001143801232763364,0.0011431475905103925
2003-03-04,1.582,0.004125674389082956,0.004117187130270011
2003-03-05,1.6003,0.011567635903919182,0.01150124232434547
2003-03-06,1.6049,0.002874461038555154,0.002870337675165827
2003-03-07,1.602,-0.0018069661661161973,-0.0018086006988059038
2003-03-10,1.6007,-0.000811485642946419,-0.0008118150756527713
2003-03-11,1.6038,0.0019366527144373258,0.001934779820276349
2003-03-12,1.6129,0.005674024192542815,0.0056579875502086475
2003-03-13,1.6057,-0.004464008928017904,-0.004474002367497907
2003-03-14,1.5821,-0.014697639658715733,-0.014806720100620686
2003-03-17,1.5682,-0.008785791037228985,-0.00882461365819664
2003-03-18,1.5624,-0.003698507843387322,-0.003705364234352392
2003-03-19,1.5648,0.001536098310291889,0.0015349197180837407
2003-03-20,1.567,0.0014059304703475384,0.0014049430754678298
2003-03-21,1.566,-0.0006381620931715792,-0.0006383658052723308
2003-03-24,1.5748,0.005619412515964095,0.005603682518833899
2003-03-25,1.5707,-0.0026035052070103593,-0.002606900220595757
2003-03-26,1.5742,0.0022283058508945075,0.00222582685936314
2003-03-27,1.5676,-0.004192605768009061,-0.004201419382873299
2003-03-28,1.5673,-0.00019137535085489432,-0.0001913936654540309
2003-03-31,1.579,0.007465067313213725,0.007437341595619561
2003-04-01,1.5767,-0.0014566181127295685,-0.00145768001220601
2003-04-02,1.5659,-0.006849749476755207,-0.006873316692038803
2003-04-03,1.5718,0.0037678012644486447,0.003760720880677408
2003-04-04,1.5597,-0.007698180430080193,-0.007727964374294804
2003-04-07,1.55,-0.006219144707315549,-0.006238564144487514
2003-04-08,1.5507,0.0004516129032257066,0.000451510956810916
2003-04-09,1.5562,0.0035467853227575397,0.0035405103127265124
2003-04-10,1.5719,0.010088677547873015,0.0100381265513625
2003-04-11,1.5713,-0.000381703670717104,-0.0003817765381063133
2003-04-14,1.5713,0.0,0.0
2003-04-15,1.5705,-0.0005091325653916456,-0.0005092622173847856
2003-04-16,1.574,0.0022285896211398093,0.002226109998647345
2003-04-17,1.5748,0.0005082592121981033,0.0005081300922337996
2003-04-18,1.5733,-0.0009525019050038441,-0.0009529558232048869
2003-04-21,1.5592,-0.008962054280810983,-0.009002455053026494
2003-04-22,1.5768,0.011287839917906606,0.01122460764515938
2003-04-23,1.5815,0.0029807204464737946,0.002976286907193007
2003-04-24,1.5971,0.009864053114132298,0.009815720916560336
2003-04-25,1.5915,-0.0035063552689249544,-0.0035125169401162347
2003-04-28,1.5906,-0.0005655042412817668,-0.0005656641991126179
2003-04-29,1.5904,-0.00012573871495036304,-0.00012574662072529667
2003-04-30,1.6,0.006036217303822866,0.006018072325562945
2003-05-01,1.6103,0.006437499999999874,0.006416867796077592
2003-05-02,1.602,-0.0051543190709805176,-0.005167648395645747
2003-05-05,1.606,0.0024968789013732895,0.002493766878402458
2003-05-06,1.614,0.00498132004981322,0.004968954323187144
2003-05-07,1.593,-0.013011152416356975,-0.01309653891984568
2003-05-08,1.6034,0.00652856246076583,0.006507343698802702
2003-05-09,1.6045,0.0006860421604091282,0.0006858069410603108
2003-05-12,1.6095,0.0031162355874103653,0.00311139018895125
2003-05-13,1.6092,-0.00018639328984149106,-0.00018641066322962888
2003-05-14,1.6163,0.0044121302510564675,0.00440242534012987
2003-05-15,1.6262,0.006125100538266315,0.006106418357974086
2003-05-16,1.6241,-0.0012913540769893261,-0.0012921885931800278
2003-05-19,1.6352,0.00683455452250481,0.006811304828828178
2003-05-20,1.6393,0.0025073385518590285,0.002504200423025242
2003-05-21,1.6415,0.0013420362349783055,0.0013411365092367113
2003-05-22,1.6346,-0.004203472433749522,-0.004212331859617929
2003-05-23,1.6376,0.0018353113911659946,0.0018336292650503992
2003-05-26,1.6376,0.0,0.0
2003-05-27,1.64,0.0014655593551538004,0.0014644864711642503
2003-05-28,1.635,-0.0030487804878047697,-0.0030534374868902317
2003-05-29,1.6484,0.008195718654434359,0.008162316133308626
2003-05-30,1.6393,-0.0055205047318612754,-0.005535799032251752
2003-06-02,1.6372,-0.001281034587933827,-0.001281855814162626
2003-06-03,1.6278,-0.005741509894942598,-0.005758055725306889
2003-06-04,1.6333,0.0033787934635705064,0.0033730981661525654
2003-06-05,1.6597,0.01616359517541177,0.016034355067579546
2003-06-06,1.6622,0.0015062963186116551,0.0015051629922527288
2003-06-09,1.6452,-0.010227409457345682,-0.010280068762656951
2003-06-10,1.6523,0.004315584731339639,0.0043062993006760695
2003-06-11,1.6675,0.009199297948314422,0.009157242132833632
2003-06-12,1.6682,0.0004197901049474151,0.0004197020177325411
2003-06-13,1.6676,-0.00035966910442386535,-0.00035973380086954407
2003-06-16,1.6815,0.0083353322139601,0.008300785173682384
2003-06-17,1.684,0.0014867677668748414,0.001485663621947771
2003-06-18,1.6798,-0.002494061757719712,-0.002497177110745289
2003-06-19,1.674,-0.0034527919990475775,-0.0034587666421061875
2003-06-20,1.6644,-0.00573476702508946,-0.005751273940634268
2003-06-23,1.6682,0.0022831050228309113,0.0022805026987250815
2003-06-24,1.6607,-0.004495863805298983,-0.00450600059480388
2003-06-25,1.6787,0.010838802914433732,0.010780484115660946
2003-06-26,1.664,-0.008756776076726092,-0.008795341947214451
2003-06-27,1.6492,-0.008894230769230682,-0.008934020548408868
2003-06-30,1.6529,0.002243512005821069,0.0022409990905627904
2003-07-01,1.6626,0.005868473591868817,0.00585132117368004
2003-07-02,1.6646,0.0012029351617948159,0.001202212215007067
2003-07-03,1.6718,0.004325363450678799,0.004316035953060945
2003-07-04,1.6718,0.0,0.0
2003-07-07,1.6515,-0.012142600789568081,-0.012216924434211353
2003-07-08,1.6326,-0.011444141689373244,-0.01151012981358868
2003-07-09,1.6306,-0.00122503981379396,-0.0012257907884452004
2003-07-10,1.6326,0.0012265423770392303,0.0012257907884452922
2003-07-11,1.6323,-0.00018375597206909955,-0.00018377285726627063
2003-07-14,1.6238,-0.005207376095080707,-0.00522098173164341
2003-07-15,1.5986,-0.015519152605000586,-0.015640835236427387
2003-07-16,1.5952,-0.002126861003378,-0.0021291259843448265
2003-07-17,1.5893,-0.003698595787362091,-0.0037054525047999854
2003-07-18,1.5867,-0.001635940351097931,-0.0016372799627299404
2003-07-21,1.601,0.009012415705552446,0.0089720462566708
2003-07-22,1.5978,-0.0019987507807619487,-0.0020007509487730635
2003-07-23,1.609,0.007009638252597261,0.006985184944441602
2003-07-24,1.611,0.0012430080795524656,0.0012422361845911183
2003-07-25,1.6198,0.005462445685909367,0.0054475806379151205
2003-07-28,1.6272,0.004568465242622555,0.004558061479406009
2003-07-29,1.6225,-0.0028883972468042307,-0.0028925767160503492
2003-07-30,1.6167,-0.0035747303543913755,-0.0035811349706843625
2003-07-31,1.609,-0.004762788396115547,-0.004774166615177496
2003-08-01,1.6045,-0.002796768178993103,-0.002800686442471588
2003-08-04,1.608,0.0021813649111872557,0.0021789891890000887
2003-08-05,1.6085,0.0003109452736318463,0.00031089694016936425
2003-08-06,1.6081,-0.00024867889337887306,-0.0002487098191020351
2003-08-07,1.617,0.0055344816864622,0.00551922271712781
2003-08-08,1.608,-0.005565862708719838,-0.005581409838195152
2003-08-11,1.6068,-0.0007462686567164534,-0.0007465472537845817
2003-08-12,1.6028,-0.0024894199651481763,-0.0024925237231376986
2003-08-13,1.6082,0.003369104067881157,0.003363441352059132
2003-08-14,1.6,-0.0050988682999626445,-0.005111911886176021
2003-08-15,1.5958,-0.0026249999999999885,-0.0026284513536920236
2003-08-18,1.5891,-0.004198521117934617,-0.0042073596555899226
2003-08-19,1.5872,-0.001195645333836759,-0.0011963606879823359
2003-08-20,1.5922,0.0031502016129032473,0.003145250123869491
2003-08-21,1.5845,-0.004836075869865675,-0.00484780752350246
2003-08-22,1.5755,-0.005680025244556686,-0.005696217933646183
2003-08-25,1.5728,-0.001713741669311264,-0.001715211804427125
2003-08-26,1.5732,0.00025432349949139343,0.00025429116475240315
2003-08-27,1.5746,0.0008899059242308827,0.0008895101927123714
2003-08-28,1.577,0.00152419662136416,0.0015230362126715633
2003-08-29,1.5773,0.0001902346227014018,0.00019021653039005094
2003-09-01,1.5773,0.0,0.0
2003-09-02,1.574,-0.0020921828441006207,-0.00209437451607977
2003-09-03,1.5732,-0.0005082592121983254,-0.0005083884196941725
2003-09-04,1.5785,0.003368929570302548,0.003363267440391855
2003-09-05,1.5891,0.0067152359835285225,0.0066927892205442
2003-09-08,1.5858,-0.002076647158768985,-0.00207880638029204
2003-09-09,1.5909,0.0032160423760876355,0.0032108819728953403
2003-09-10,1.5897,-0.0007542900245144368,-0.000754574644367922
2003-09-11,1.5937,0.002516198024784533,0.0025130376987618536
2003-09-12,1.6062,0.007843383321829878,0.007812783888774037
2003-09-15,1.6018,-0.002739384883576279,-0.0027431438647800726
2003-09-16,1.5871,-0.009177175677362981,-0.009219545376069031
2003-09-17,1.6044,0.010900384348812464,0.010841403382385095
2003-09-18,1.6155,0.006918474195961144,0.006894651368655179
2003-09-19,1.6315,0.009904054472299695,0.009855330768822463
2003-09-22,1.6472,0.009623046276432845,0.009577039680204492
2003-09-23,1.656,0.005342399222923788,0.005328179231625348
2003-09-24,1.6558,-0.00012077294685985951,-0.00012078024049946159
2003-09-25,1.6587,0.0017514192535330597,0.0017498873072915087
2003-09-26,1.6597,0.0006028817748837678,0.000602700114675943
2003-09-29,1.6642,0.002711333373501157,0.0027076643396563376
2003-09-30,1.662,-0.0013219564956135077,-0.001322831050936016
2003-10-01,1.6667,0.002827918170878574,0.002823927132737015
2003-10-02,1.675,0.004979900401991921,0.0049675417110363685
2003-10-03,1.663,-0.0071641791044776415,-0.007189965066239163
2003-10-06,1.6742,0.006734816596512205,0.006712239033028209
2003-10-07,1.6628,-0.006809222315135477,-0.006832510847473518
2003-10-08,1.6598,-0.001804185710849282,-0.0018058152141348877
2003-10-09,1.6609,0.0006627304494517539,0.0006625109406055486
2003-10-10,1.6654,0.002709374435546863,0.00270571069676568
2003-10-13,1.6654,0.0,0.0
2003-10-14,1.6737,0.0049837876786358315,0.004971409717873474
2003-10-15,1.6698,-0.0023301666965406254,-0.002332885759692283
2003-10-16,1.676,0.0037130195232961682,0.0037061432821282195
2003-10-17,1.6721,-0.002326968973747068,-0.0023296805734050285
2003-10-20,1.6749,0.001674540996351892,0.0016731405158010824
2003-10-21,1.6746,-0.00017911517105495545,-0.00017913121409293605
2003-10-22,1.6935,0.011286277319956906,0.011223062487494814
2003-10-23,1.6943,0.0004723944493651988,0.00047228290623415806
2003-10-24,1.6972,0.0017116213185386364,0.0017101581641092178
2003-10-27,1.6952,-0.0011784115012962726,-0.001179106374080495
2003-10-28,1.6956,0.00023596035865969256,0.0002359325243926995
2003-10-29,1.6988,0.0018872375560274879,0.0018854589606341523
2003-10-30,1.7025,0.0021780080056510442,0.002175639584551332
2003-10-31,1.6956,-0.004052863436123322,-0.004061098545185339
2003-11-03,1.6786,-0.01002594951639535,-0.010076547829754864
2003-11-04,1.6802,0.0009531752651017467,0.0009527212820194727
2003-11-05,1.678,-0.001309367932389005,-0.0013102259035952886
2003-11-06,1.6693,-0.005184743742550624,-0.005198231165809089
2003-11-07,1.6708,0.000898580243215763,0.000898176761677949
2003-11-10,1.6737,0.0017356954752214548,0.0017341908965720853
2003-11-11,1.6737,0.0,0.0
2003-11-12,1.677,0.0019716795124575803,0.0019697383036166496
2003-11-13,1.688,0.0065593321407273475,0.006537913332693432
2003-11-14,1.6841,-0.0023104265402843494,-0.002313099693893799
2003-11-17,1.6885,0.0026126714565644082,0.0026092643636138452
2003-11-18,1.6998,0.006692330470832175,0.006670036238903556
2003-11-19,1.6982,-0.0009412872102601,-0.0009417304992628766
2003-11-20,1.7024,0.002473206924979321,0.002470153582062117
2003-11-21,1.7025,5.874060150379279e-05,5.873887634221796e-05
2003-11-24,1.695,-0.004405286343612258,-0.00441501820911672
2003-11-25,1.6983,0.0019469026548670776,0.0019450098961731016
2003-11-26,1.709,0.006300418065124047,0.006280653404867074
2003-11-27,1.709,0.0,0.0
2003-11-28,1.7219,0.007548273844353304,0.007519928176549165
2003-12-01,1.7209,-0.0005807538184563477,-0.0005809225212748729
2003-12-02,1.7291,0.004764948573420913,0.00475363213987839
2003-12-03,1.7248,-0.0024868428662310205,-0.00248994019606567
2003-12-04,1.72,-0.00278293135436003,-0.002786810907179395
2003-12-05,1.727,0.004069767441860606,0.004061508339180015
2003-12-08,1.7334,0.003705848291835512,0.0036989985535659216
2003-12-09,1.743,0.005538248528902834,0.005522968819776455
2003-12-10,1.7446,0.0009179575444635546,0.0009175364790972204
2003-12-11,1.7445,-5.73197294508887e-05,-5.73213722893592e-05
2003-12-12,1.7466,0.001203783319002616,0.0012030593528037715
2003-12-15,1.745,-0.0009160654986830608,-0.000916485343104909
2003-12-16,1.751,0.0034383954154726393,0.0034324976493241735
2003-12-17,1.7615,0.005996573386636284,0.005978665495440551
2003-12-18,1.7673,0.003292648311098434,0.003287239414458958
2003-12-19,1.7675,0.00011316697787577823,0.00011316057497639742
2003-12-22,1.7635,-0.002263083451202297,-0.00226564809462117
2003-12-23,1.765,0.0008505812305075189,0.0008502196912904627
2003-12-24,1.7748,0.005552407932011283,0.005537050137357235
2003-12-25,1.7748,0.0,0.0
2003-12-26,1.7725,-0.0012959206671173673,-0.0012967610984718062
2003-12-29,1.7705,-0.0011283497884344573,-0.0011289868543241832
2003-12-30,1.7786,0.004574978819542608,0.004564545413581367
2003-12-31,1.7842,0.003148543798493275,0.003143597514143483
2004-01-01,1.7842,0.0,0.0
2004-01-02,1.7902,0.0033628516982400214,0.003357209957155403
2004-01-05,1.8085,0.01022232152832081,0.010170426955314012
2004-01-06,1.8245,0.008847110865358054,0.008808204484349718
2004-01-07,1.8193,-0.00285009591668961,-0.0028541651737445588
2004-01-08,1.8338,0.007970098389490587,0.00793850491304265
2004-01-09,1.8472,0.00730723088668328,0.007280662424485086
2004-01-12,1.8511,0.002111303594629632,0.002109077925353757
2004-01-13,1.8432,-0.004267732699476001,-0.004276865464067348
2004-01-14,1.8409,-0.0012478298611110494,-0.0012486090490556275
2004-01-15,1.8205,-0.011081536205117093,-0.01114339383702831
2004-01-16,1.7996,-0.0114803625377643,-0.011546770648470858
2004-01-19,1.7996,0.0,0.0
2004-01-20,1.8187,0.010613469659924268,0.010557542165954845
2004-01-21,1.8295,0.005938307582338931,0.005920745326289172
2004-01-22,1.8446,0.008253621207980455,0.008219746342357132
2004-01-23,1.8203,-0.013173587769706119,-0.013261129149765327
2004-01-26,1.82,-0.00016480799868157092,-0.00016482158101212394
2004-01-27,1.8277,0.00423076923076926,0.004221844689555462
2004-01-28,1.837,0.00508836242271693,0.005075460454729039
2004-01-29,1.8112,-0.014044637996733833,-0.014144197206261883
2004-01-30,1.8215,0.005686837455830318,0.00567072843975462
2004-02-02,1.8182,-0.0018116936590720778,-0.0018133367608605365
2004-02-03,1.838,0.010889891101089066,0.010831023227874602
2004-02-04,1.8335,-0.002448313384113221,-0.002451315404251711
2004-02-05,1.8378,0.0023452413416962248,0.0023424955554038765
2004-02-06,1.8459,0.004407443682663992,0.004397759347769683
2004-02-09,1.858,0.006555067988515129,0.006533676959229558
2004-02-10,1.8697,0.006297093649084928,0.006277349797444555
2004-02-11,1.885,0.008183130983580256,0.00814983071088265
2004-02-12,1.891,0.0031830238726791027,0.0031779687763464144
2004-02-13,1.883,-0.004230565838180822,-0.004239540001305049
2004-02-16,1.883,0.0,0.0
2004-02-17,1.9045,0.011417950079660066,0.011353257261506272
2004-02-18,1.9023,-0.001155158834339698,-0.0011558265445630797
2004-02-19,1.8921,-0.005361930294906281,-0.0053763570363805175
2004-02-20,1.8668,-0.013371386290365161,-0.013461588262054642
2004-02-23,1.8686,0.000964216841654153,0.0009637522831946995
2004-02-24,1.8901,0.011505940276142379,0.011440250348055195
2004-02-25,1.8757,-0.00761864451616312,-0.007647814640615023
2004-02-26,1.8609,-0.007890387588633585,-0.007921681419114038
2004-02-27,1.8575,-0.0018270729217045867,-0.0018287440552673434
2004-03-01,1.868,0.005652759084791459,0.005636842196873773
2004-03-02,1.8386,-0.015738758029978595,-0.01586392735913367
2004-03-03,1.8192,-0.010551506581094383,-0.010607568433382748
2004-03-04,1.825,0.003188214599824102,0.0031831430203202887
2004-03-05,1.8428,0.00975342465753437,0.00970616704517016
2004-03-08,1.8471,0.0023334056869981357,0.002330687523512312
2004-03-09,1.8395,-0.00411455795571436,-0.004123046040445084
2004-03-10,1.8,-0.02147322642022287,-0.021707130660572973
2004-03-11,1.8008,0.0004444444444444695,0.0004443457082664513
2004-03-12,1.7943,-0.003609506885828506,-0.0036160368739014464
2004-03-15,1.7993,0.0027866020174998063,0.0027827266398519402
2004-03-16,1.8105,0.006224642916689893,0.006205349847222932
2004-03-17,1.8132,0.0014913007456502925,0.0014901898609982317
2004-03-18,1.8363,0.01273990734612851,0.012659437458439768
2004-03-19,1.827,-0.005064531939225625,-0.0050774001471271405
2004-03-22,1.8485,0.011767925561029013,0.011699221998679893
2004-03-23,1.8502,0.0009196645929132607,0.0009192419605317075
2004-03-24,1.8351,-0.008161279861636617,-0.008194765420589386
2004-03-25,1.8099,-0.01373222167729271,-0.013827380801803048
2004-03-26,1.8104,0.0002762583568152177,0.0002762202045017978
2004-03-29,1.8163,0.0032589482987184226,0.0032536494360700463
2004-03-30,1.8283,0.006606838077410027,0.006585108579061346
2004-03-31,1.84,0.0063993874090686464,0.0063789982685722195
2004-04-01,1.8564,0.00891304347826094,0.008873556763989515
2004-04-02,1.8293,-0.014598146951088187,-0.014705748369768273
2004-04-05,1.814,-0.008363855026512823,-0.008399028322170573
2004-04-06,1.8374,0.012899669239250233,0.01281717716228412
2004-04-07,1.841,0.0019592903015130947,0.001957373395711869
2004-04-08,1.8325,-0.004617055947854443,-0.004627747472271315
2004-04-09,1.8322,-0.00016371077762622477,-0.0001637241796983093
2004-04-12,1.8358,0.0019648509987992835,0.001962923203882347
2004-04-13,1.816,-0.010785488615317584,-0.01084407362375201
2004-04-14,1.7902,-0.014207048458149796,-0.01430893472440004
2004-04-15,1.7785,-0.006535582616467472,-0.006557033048328729
2004-04-16,1.8004,0.01231374754006187,0.012238550030267758
2004-04-19,1.8055,0.0028327038435904672,0.002828699298734965
2004-04-20,1.7914,-0.007809471060647999,-0.007840124676417487
2004-04-21,1.772,-0.010829518812102368,-0.010888584876068778
2004-04-22,1.7684,-0.002031602708803648,-0.0020336692129381533
2004-04-23,1.7674,-0.0005654829224156499,-0.0005656428681839978
2004-04-26,1.7857,0.010354192599298484,0.010300955119175045
2004-04-27,1.7925,0.003808030464243606,0.0038007982706962998
2004-04-28,1.772,-0.011436541143654111,-0.011502441308749164
2004-04-29,1.7751,0.001749435665914234,0.0017479071857318341
2004-04-30,1.7744,-0.0003943439806207705,-0.00039442175465545005
2004-05-03,1.772,-0.0013525698827772104,-0.0013534854310762652
2004-05-04,1.7907,0.010553047404063154,0.01049775267768756
2004-05-05,1.7932,0.0013961020829842408,0.001395128438570496
2004-05-06,1.7941,0.0005018960517511051,0.0005017701440543458
2004-05-07,1.7842,-0.005518087063151489,-0.005533367945655688
2004-05-10,1.7723,-0.00666965586817625,-0.006691997418589132
2004-05-11,1.7544,-0.010099870225131147,-0.010151219957415516
2004-05-12,1.7743,0.011342909256725875,0.011279060825855211
2004-05-13,1.7584,-0.0089612805049879,-0.009001674280176824
2004-05-14,1.7572,-0.0006824385805276334,-0.0006826715477322986
2004-05-17,1.7695,0.006999772365126278,0.006975387683893513
2004-05-18,1.7695,0.0,0.0
2004-05-19,1.7827,0.007459734388245209,0.007432048172297733
2004-05-20,1.771,-0.006563078476468309,-0.006584710174982352
2004-05-21,1.788,0.009599096555618303,0.009553317950625919
2004-05-24,1.7908,0.0015659955257270042,0.001564770633350951
2004-05-25,1.8135,0.012675899039535476,0.01259623235614666
2004-05-26,1.8142,0.0003859939343811014,0.0003859194578867789
2004-05-27,1.8369,0.012512402160731906,0.012434768971174633
2004-05-28,1.833,-0.002123142250530785,-0.0021253993123134776
2004-05-31,1.833,0.0,0.0
2004-06-01,1.8359,0.0015821058374250185,0.0015808556264549543
2004-06-02,1.8381,0.0011983223487117556,0.001197604933558589
2004-06-03,1.8387,0.00032642402480820287,0.0003263707600771602
2004-06-04,1.8367,-0.001087725023114161,-0.0010883170253064493
2004-06-07,1.8386,0.0010344639843196113,0.0010339292951648629
2004-06-08,1.8361,-0.0013597302295224045,-0.001360655501512915
2004-06-09,1.8292,-0.003757965252437323,-0.0037650441442412643
2004-06-10,1.838,0.004810846271594116,0.004799311131732214
2004-06-11,1.8175,-0.011153427638737834,-0.011216093507958004
2004-06-14,1.8148,-0.001485557083906408,-0.00148666161786554
2004-06-15,1.8278,0.007163323782235054,0.007137789048292527
2004-06-16,1.8262,-0.0008753692964219573,-0.0008757526558615658
2004-06-17,1.8341,0.004325922680976868,0.004316592774747148
2004-06-18,1.8368,0.001472111662395692,0.0014710291682603473
2004-06-21,1.831,-0.003157665505226448,-0.0031626614507365373
2004-06-22,1.8217,-0.005079191698525332,-0.005092134637727409
2004-06-23,1.8184,-0.0018114947576439722,-0.0018131374984498017
2004-06-24,1.8216,0.0017597888253411131,0.001758242211196566
2004-06-25,1.8218,0.00010979358805451866,0.00010978756117966716
2004-06-28,1.8294,0.004171698320342365,0.004163020911554478
2004-06-29,1.809,-0.011151197113807743,-0.0112138378269689
2004-06-30,1.8126,0.0019900497512437276,0.001988072225386115
2004-07-01,1.816,0.00187575857883715,0.001874001540557421
2004-07-02,1.83,0.007709251101321701,0.007679686674228136
2004-07-05,1.83,0.0,0.0
2004-07-06,1.8423,0.006721311475409886,0.006698824167996653
2004-07-07,1.8571,0.008033436465287869,0.00800134019554396
2004-07-08,1.8566,-0.0002692369823918961,-0.0002692732331750868
2004-07-09,1.8555,-0.0005924808790261915,-0.0005926564651799151
2004-07-12,1.864,0.004580975478307936,0.004570514744884413
2004-07-13,1.854,-0.005364806866952843,-0.005379249119736084
2004-07-14,1.8564,0.0012944983818770073,0.0012936612412202692
2004-07-15,1.8545,-0.001023486317603961,-0.0010240104373752503
2004-07-16,1.8708,0.008789431113507717,0.008751028922085685
2004-07-19,1.8734,0.0013897797733588568,0.0013888149232989134
2004-07-20,1.8556,-0.009501441229849528,-0.00954686789744164
2004-07-21,1.8354,-0.010885966803190317,-0.01094565249267581
2004-07-22,1.847,0.006320148196578446,0.006300259814327231
2004-07-23,1.8321,-0.008067135896047573,-0.008099851302041128
2004-07-26,1.8393,0.003929916489274543,0.003922214539553119
2004-07-27,1.8219,-0.009460120698091545,-0.009505151865112466
2004-07-28,1.8222,0.0001646632636258527,0.00016464970811870102
2004-07-29,1.8174,-0.0026341784655911082,-0.0026376540185115305
2004-07-30,1.8183,0.0004952129415649598,0.0004950903641025073
2004-08-02,1.8273,0.0049496782709124165,0.004937468885199617
2004-08-03,1.8243,-0.00164176654079784,-0.0016431157163748367
2004-08-04,1.8248,0.00027407772844378897,0.00027404017600454267
2004-08-05,1.8231,-0.0009316089434459052,-0.0009320431607590944
2004-08-06,1.8459,0.012506170807964567,0.012428614605135191
2004-08-09,1.8403,-0.0030337504740235444,-0.0030383616234055106
2004-08-10,1.8387,-0.0008694234635657772,-0.0008698016313531297
2004-08-11,1.828,-0.005819328873660656,-0.005836327145700356
2004-08-12,1.821,-0.003829321663019747,-0.0038366722864874177
2004-08-13,1.8432,0.012191103789126911,0.012117390773964206
2004-08-16,1.8392,-0.0021701388888888395,-0.0021724970526002607
2004-08-17,1.8288,-0.005654632448890751,-0.005670680408425511
2004-08-18,1.8225,-0.0034448818897637734,-0.0034508291577329897
2004-08-19,1.8313,0.004828532235939598,0.004816912264089675
2004-08-20,1.8213,-0.0054606017583137545,-0.005475565342404867
2004-08-23,1.8143,-0.0038434085543292973,-0.0038508134283805587
2004-08-24,1.7935,-0.011464476657664036,-0.011530700403780124
2004-08-25,1.7965,0.0016727069974908915,0.001671309581236106
2004-08-26,1.7939,-0.0014472585583077402,-0.0014483068485284445
2004-08-27,1.7921,-0.0010034004125091256,-0.0010039041557019805
2004-08-30,1.7925,0.0002232018302550376,0.00022317692443247085
2004-08-31,1.8031,0.005913528591352746,0.005896112308547105
2004-09-01,1.794,-0.005046863734679108,-0.005059642163581158
2004-09-02,1.7916,-0.0013377926421404007,-0.0013386882855963484
2004-09-03,1.7759,-0.008763116767135593,-0.008801738672595589
2004-09-06,1.7759,0.0,0.0
2004-09-07,1.7733,-0.0014640463990088781,-0.0014651191621159235
2004-09-08,1.7882,0.008402413579202461,0.00836730980278404
2004-09-09,1.7853,-0.0016217425343920677,-0.00162305898230156
2004-09-10,1.7979,0.007057637371870262,0.007032848813333177
2004-09-13,1.7956,-0.0012792702597475003,-0.0012800892244722248
2004-09-14,1.8001,0.002506126085987992,0.0025029909888818597
2004-09-15,1.7772,-0.012721515471362799,-0.012803126834905582
2004-09-16,1.7909,0.007708755345487317,0.0076791947109403225
2004-09-17,1.7921,0.0006700541627115975,0.0006698297766493958
2004-09-20,1.788,-0.0022878187601138578,-0.002290439815883556
2004-09-21,1.7946,0.003691275167785113,0.003684479130497766
2004-09-22,1.7949,0.00016716817118012095,0.0001671542001383804
2004-09-23,1.8003,0.0030085241517634476,0.0030040075994811678
2004-09-24,1.8031,0.0015552963394989128,0.0015540881187457265
2004-09-27,1.8076,0.0024957018468194647,0.0024925927548020746
2004-09-28,1.8105,0.0016043372427527736,0.0016030516685712176
2004-09-29,1.797,-0.0074565037282519064,-0.007484442422136886
2004-09-30,1.809,0.006677796327211993,0.006655598611736067
2004-10-01,1.7976,-0.006301824212271878,-0.006321764524175624
2004-10-04,1.7827,-0.008288829550511911,-0.008323372913303671
2004-10-05,1.7828,5.6094687832963785e-05,5.609311458479588e-05
2004-10-06,1.779,-0.002131478573031198,-0.0021337534065656227
2004-10-07,1.7822,0.001798763350196797,0.0017971475127843634
2004-10-08,1.7935,0.006340478060823829,0.006320461793717943
2004-10-11,1.7935,0.0,0.0
2004-10-12,1.7879,-0.0031223863953164788,-0.0031272712145629144
2004-10-13,1.789,0.0006152469377480596,0.0006150577509446126
2004-10-14,1.7972,0.00458356623812195,0.004573093687285818
2004-10-15,1.8048,0.004228800356109508,0.00421988410773488
2004-10-18,1.801,-0.0021054964539006793,-0.0021077161277836516
2004-10-19,1.8039,0.0016102165463631746,0.0016089215376766483
2004-10-20,1.8187,0.008204445922722847,0.008170972419339404
2004-10-21,1.8297,0.006048276241271244,0.006030058837548111
2004-10-22,1.8277,-0.0010930753675465477,-0.00109367321012382
2004-10-25,1.8404,0.0069486239536029615,0.006924593520917136
2004-10-26,1.8369,-0.0019017604868507565,-0.0019035711292951112
2004-10-27,1.8323,-0.00250421906472853,-0.002507359865889072
2004-10-28,1.832,-0.00016372864705560541,-0.00016374205205374684
2004-10-29,1.8345,0.0013646288209607782,0.00136369856126124
2004-11-01,1.8323,-0.0011992368492776961,-0.0011999565092073697
2004-11-02,1.8385,0.00338372537248266,0.003378013455197354
2004-11-03,1.8445,0.0032635300516725696,0.003258216295403635
2004-11-04,1.844,-0.0002710761724044053,-0.0002711129201911443
2004-11-05,1.8542,0.0055314533622559114,0.005516211056342837
2004-11-08,1.8564,0.001186495523676001,0.0011857921941387424
2004-11-09,1.8589,0.0013466925231631066,0.0013457865460776307
2004-11-10,1.8476,-0.00607886384420897,-0.006097415356648091
2004-11-11,1.8476,0.0,0.0
2004-11-12,1.8552,0.004113444468499594,0.004105007384871495
2004-11-15,1.848,-0.0038809831824061503,-0.003888533739692369
2004-11-16,1.8544,0.0034632034632033903,0.0034572203838577208
2004-11-17,1.858,0.0019413287316651928,0.0019394467882965286
2004-11-18,1.8514,-0.003552206673842928,-0.0035585307406730245
2004-11-19,1.86,0.004645133412552793,0.004634378074136172
2004-11-22,1.859,-0.0005376344086022167,-0.0005377789858029807
2004-11-23,1.8713,0.006616460462614215,0.006594667762298734
2004-11-24,1.8813,0.005343878587078521,0.0053296507333420095
2004-11-25,1.8813,0.0,0.0
2004-11-26,1.8965,0.008079519481209774,0.008047054911868766
2004-11-29,1.8948,-0.0008963880833113835,-0.0008967900793569316
2004-11-30,1.9073,0.006597002322144885,0.006575337332784299
2004-12-01,1.9297,0.011744350652755253,0.011675921019929284
2004-12-02,1.9225,-0.003731149919676602,-0.003738128022511112
2004-12-03,1.9375,0.007802340702210531,0.007772059847702889
2004-12-06,1.9423,0.0024774193548386947,0.0024743556105850796
2004-12-07,1.9459,0.0018534726870205187,0.0018517571260229571
2004-12-08,1.9283,-0.009044657998869443,-0.009085809238550803
2004-12-09,1.9185,-0.0050821967536170964,-0.005095155038552207
2004-12-10,1.9134,-0.0026583268178265174,-0.0026618664429402263
2004-12-13,1.9235,0.005278561722588115,0.005264678948282928
2004-12-14,1.9239,0.00020795425006503443,0.00020793263057716535
2004-12-15,1.9446,0.010759394978949066,0.010701924552629822
2004-12-16,1.9375,-0.0036511364805101865,-0.0036578181480546915
2004-12-17,1.939,0.0007741935483871476,0.0007738940151497955
2004-12-20,1.9482,0.004744713769984532,0.004733493094203469
2004-12-21,1.9263,-0.011241145672928887,-0.011304804868742921
2004-12-22,1.9125,-0.007163993147484726,-0.007189777767421386
2004-12-23,1.9193,0.003555555555555534,0.0035492495111414894
2004-12-24,1.9236,0.0022404001458864453,0.0022378941916750906
2004-12-27,1.9369,0.006914119359534343,0.006890326444686083
2004-12-28,1.9316,-0.0027363312509680604,-0.002740081848806717
2004-12-29,1.9157,-0.008231517912611341,-0.008265583928331512
2004-12-30,1.922,0.0032886151276296793,0.003283219459182541
2004-12-31,1.916,-0.003121748178980255,-0.0031266309994319734
2005-01-03,1.9058,-0.0053235908141962,-0.0053378116167179575
2005-01-04,1.8834,-0.011753594291111336,-0.011823213838124975
2005-01-05,1.8875,0.0021769140915366414,0.002174548047216958
2005-01-06,1.8751,-0.00656953642384106,-0.006591210807506903
2005-01-07,1.8702,-0.002613193962988536,-0.0026166143143263607
2005-01-10,1.8751,0.0026200406373648732,0.0026166143143263516
2005-01-11,1.8796,0.0023998720068263424,0.0023969969129878253
2005-01-12,1.8932,0.007235582038731758,0.007209530803432379
2005-01-13,1.8832,-0.005282062117050512,-0.005296061526080664
2005-01-14,1.8695,-0.007274851316907416,-0.007301442088843886
2005-01-17,1.8695,0.0,0.0
2005-01-18,1.8693,-0.0001069804760630566,-0.00010698619888234287
2005-01-19,1.8742,0.0026213020916920904,0.0026178724714372562
2005-01-20,1.872,-0.0011738341692455467,-0.001174523652185893
2005-01-21,1.874,0.0010683760683760646,0.001067805760830137
2005-01-24,1.8778,0.0020277481323371926,0.0020256950260795267
2005-01-25,1.8647,-0.006976248801789264,-0.007000696594399283
2005-01-26,1.8833,0.009974794873169879,0.009925374970653706
2005-01-27,1.8866,0.0017522434025381006,0.0017507100150513223
2005-01-28,1.885,-0.0008480865048234865,-0.0008484463336416795
2005-01-31,1.885,0.0,0.0
2005-02-01,1.8792,-0.003076923076923088,-0.003081666537408112
2005-02-02,1.8826,0.0018092805449128058,0.0018076457684168966
2005-02-03,1.8805,-0.0011154785934346378,-0.0011161012027288014
2005-02-04,1.885,0.0023929805902684897,0.0023901219717200007
2005-02-07,1.8607,-0.012891246684350155,-0.012975059888515465
2005-02-08,1.857,-0.001988498952007367,-0.001990478640889961
2005-02-09,1.8582,0.0006462035541197064,0.0006459948545064759
2005-02-10,1.8708,0.006780755569906427,0.0067578696445191
2005-02-11,1.866,-0.0025657472738934706,-0.0025690444444419597
2005-02-14,1.8917,0.013772775991425457,0.013678793264328437
2005-02-15,1.8894,-0.0012158376063857723,-0.0012165773365836422
2005-02-16,1.878,-0.006033661479834862,-0.006051937566825739
2005-02-17,1.895,0.009052183173589023,0.009011457748318604
2005-02-18,1.8949,-5.2770448548788984e-05,-5.277184095789459e-05
2005-02-21,1.8949,0.0,0.0
2005-02-22,1.9092,0.007546572378489547,0.007518239456172607
2005-02-23,1.9066,-0.0013618269432222885,-0.0013627550722637182
2005-02-24,1.9104,0.0019930766810027922,0.0019910931388051377
2005-02-25,1.9149,0.002355527638191024,0.0023527577318384414
2005-02-28,1.9249,0.0052222048148728994,0.005208616390468502
2005-03-01,1.9206,-0.0022338822795989755,-0.002236381116717426
2005-03-02,1.9124,-0.004269499114859965,-0.004278639451924096
2005-03-03,1.9098,-0.0013595482116712798,-0.0013604732358462415
2005-03-04,1.9243,0.007592418054246597,0.007563740710411269
2005-03-07,1.9159,-0.004365223717715527,-0.004374779124566631
2005-03-08,1.9292,0.006941907197661745,0.006917923092870184
2005-03-09,1.9239,-0.0027472527472527375,-0.002751033371889871
2005-03-10,1.9233,-0.0003118665211289118,-0.000311915161605566
2005-03-11,1.9261,0.0014558311235897126,0.0014547724288554414
2005-03-14,1.9116,-0.007528165723482694,-0.007556645386173569
2005-03-15,1.9134,0.0009416195856875031,0.0009411765400639063
2005-03-16,1.9264,0.006794188355806474,0.00677121187043502
2005-03-17,1.924,-0.001245847176079673,-0.0012466238888500405
2005-03-18,1.9192,-0.002494802494802495,-0.0024979197001669816
2005-03-21,1.8974,-0.01135889954147562,-0.011423904566708366
2005-03-22,1.8997,0.0012121850953936697,0.001211450992226979
2005-03-23,1.8712,-0.015002368795072885,-0.01511604268103417
2005-03-24,1.8709,-0.0001603249251816985,-0.00016033777859634927
2005-03-25,1.8684,-0.0013362552782083537,-0.0013371488634199664
2005-03-28,1.8657,-0.0014450867052023808,-0.001446131849999738
2005-03-29,1.8752,0.005091922602776577,0.005079002604740331
2005-03-30,1.8816,0.0034129692832765013,0.0034071583216143558
2005-03-31,1.8888,0.003826530612244916,0.003819228066995397
2005-04-01,1.8789,-0.00524142312579412,-0.005255207571826266
2005-04-04,1.8733,-0.0029804672946937005,-0.0029849177324637187
2005-04-05,1.8773,0.0021352693108418475,0.0021329928633033483
2005-04-06,1.8787,0.0007457518776967653,0.0007454739429368833
2005-04-07,1.8768,-0.001011337627082609,-0.0010118493740423173
2005-04-08,1.8824,0.0029838022165387112,0.002979359513941633
2005-04-11,1.8908,0.004462388440289011,0.004452461505928588
2005-04-12,1.8842,-0.0034905859953459073,-0.0034966923045139397
2005-04-13,1.893,0.004670417153168405,0.004659544594755422
2005-04-14,1.8806,-0.006550449022715288,-0.006571997366346341
2005-04-15,1.893,0.00659364032755505,0.006571997366346334
2005-04-18,1.9052,0.0064447966191230055,0.006424117717382398
2005-04-19,1.9165,0.00593113583875704,0.0059136158939044085
2005-04-20,1.9197,0.0016697104096008442,0.001668317992914497
2005-04-21,1.9104,-0.004844506954211569,-0.004856279615241291
2005-04-22,1.9151,0.0024602177554438054,0.0024571963742308716
2005-04-25,1.9117,-0.0017753642107461998,-0.0017769420375412972
2005-04-26,1.904,-0.004027828634199926,-0.0040359621836620055
2005-04-27,1.9047,0.00036764705882363913,0.0003675794932034021
2005-04-28,1.9097,0.002625085315272724,0.002621645796854419
2005-04-29,1.9122,0.0013091061423260442,0.001308250009977396
2005-05-02,1.8959,-0.008524212948436305,-0.008560751843352999
2005-05-03,1.891,-0.002584524500237273,-0.0025878701495351012
2005-05-04,1.9,0.004759386567953383,0.004748096496074253
2005-05-05,1.9048,0.00252631578947371,0.0025231300181212226
2005-05-06,1.892,-0.006719865602688002,-0.006742545560829495
2005-05-09,1.8836,-0.004439746300211378,-0.004449631242424033
2005-05-10,1.8828,-0.00042471862391157966,-0.0004248088424122176
2005-05-11,1.8735,-0.004939451880178525,-0.004951691293245229
2005-05-12,1.865,-0.004536962903656239,-0.004547286155826122
2005-05-13,1.853,-0.006434316353887359,-0.006455105792556095
2005-05-16,1.8368,-0.008742579600647615,-0.008781020160112516
2005-05-17,1.8401,0.001796602787456525,0.0017949908270814634
2005-05-18,1.8382,-0.001032552578664192,-0.0010330860283195376
2005-05-19,1.8367,-0.0008160156675008912,-0.0008163487895198811
2005-05-20,1.8246,-0.006587902215930752,-0.006609698223115356
2005-05-23,1.8288,0.002301874383426439,0.002299229129172181
2005-05-24,1.8288,0.0,0.0
2005-05-25,1.8312,0.001312335958005173,0.0013114755978106555
2005-05-26,1.8205,-0.00584316295325471,-0.00586030102286882
2005-05-27,1.8227,0.0012084592145014117,0.0012077296153995378
2005-05-30,1.8227,0.0,0.0
2005-05-31,1.8231,0.00021945465518191654,0.0002194305785315003
2005-06-01,1.812,-0.006088530524929969,-0.006107141206494494
2005-06-02,1.8156,0.001986754966887494,0.0019847839793859824
2005-06-03,1.8119,-0.002037893809209046,-0.002039973140248692
2005-06-06,1.8209,0.004967161543131482,0.004954865895735758
2005-06-07,1.832,0.006095886649459148,0.006077381896278048
2005-06-08,1.8368,0.0026200873362445254,0.0026166608911716888
2005-06-09,1.8209,-0.008656358885017479,-0.008694042787449723
2005-06-10,1.8128,-0.004448349717172784,-0.004458273064055706
2005-06-13,1.8011,-0.006454104148278961,-0.006475021930730134
2005-06-14,1.8062,0.002831602909333153,0.002827601473686568
2005-06-15,1.8219,0.008692282139298069,0.008654721754941055
2005-06-16,1.8206,-0.0007135408090455098,-0.0007137955004509443
2005-06-17,1.8266,0.0032956168296165433,0.003290198186390083
2005-06-20,1.8231,-0.0019161283258513073,-0.0019179664481593338
2005-06-21,1.824,0.000493664637156499,0.000493542824857477
2005-06-22,1.8218,-0.0012061403508771829,-0.0012068683235672204
2005-06-23,1.818,-0.0020858491601712936,-0.0020880275732853594
2005-06-24,1.8221,0.0022552255225523066,0.0022526863184089045
2005-06-27,1.8252,0.0017013336260358614,0.0016998879974144535
2005-06-28,1.8157,-0.005204909051062856,-0.005218501776626164
2005-06-29,1.808,-0.004240788676543539,-0.004249806324499526
2005-06-30,1.793,-0.00829646017699126,-0.00833106734698904
2005-07-01,1.7708,-0.012381483547127758,-0.012458772747146959
2005-07-04,1.7708,0.0,0.0
2005-07-05,1.757,-0.007793087869889304,-0.007823612670888757
2005-07-06,1.7583,0.0007398975526466955,0.0007396239633961829
2005-07-07,1.7418,-0.00938406415287496,-0.00942837189185405
2005-07-08,1.736,-0.0033298886209668366,-0.0033354450383437503
2005-07-11,1.7563,0.011693548387096797,0.011625707207394453
2005-07-12,1.7753,0.010818197346694758,0.01076009928506206
2005-07-13,1.7554,-0.011209373063707506,-0.0112726715547347
2005-07-14,1.7585,0.0017659792639852512,0.0017644217560197518
2005-07-15,1.7533,-0.002957065680978088,-0.0029614464379544665
2005-07-18,1.7523,-0.0005703530485371422,-0.000570515761709374
2005-07-19,1.7364,-0.009073788734805688,-0.009115206288934901
2005-07-20,1.7303,-0.00351301543423177,-0.0035192005628358293
2005-07-21,1.7471,0.009709298965497437,0.009662466617796297
2005-07-22,1.7413,-0.0033197870757255554,-0.003325309795061917
2005-07-25,1.7455,0.002411991041176176,0.0024090868597537586
2005-07-26,1.7415,-0.0022916069894013402,-0.002294236739034867
2005-07-27,1.7438,0.0013207005455067033,0.0013198291876587317
2005-07-28,1.7547,0.006250716825323854,0.006231262123374987
2005-07-29,1.7593,0.00262153074599647,0.002618100527910652
2005-08-01,1.7695,0.005797760472915359,0.005781018140517625
2005-08-02,1.7728,0.0018649335970613024,0.001863196767446587
2005-08-03,1.7808,0.004512635379061436,0.0045024839683157755
2005-08-04,1.7797,-0.0006176999101527025,-0.0006178907653404057
2005-08-05,1.7748,-0.0027532730235433345,-0.0027570702511855566
2005-08-08,1.7863,0.00647960333558717,0.006458700950084447
2005-08-09,1.7844,-0.0010636511224318967,-0.0010642172007291663
2005-08-10,1.7922,0.0043712172158709706,0.004361691196009505
2005-08-11,1.8071,0.008313804262916946,0.008279434953999073
2005-08-12,1.8148,0.004260970615904025,0.0042519183856906
2005-08-15,1.8088,-0.0033061494379545975,-0.0033116268260487466
2005-08-16,1.8096,0.0004422821760283746,0.0004421843980959872
2005-08-17,1.8076,-0.001105216622457994,-0.0011058278247313823
2005-08-18,1.7949,-0.007025890683779679,-0.007050688473028895
2005-08-19,1.7933,-0.0008914145634854043,-0.0008918121097172933
2005-08-22,1.8022,0.004962917526348143,0.004950642846558535
2005-08-23,1.7996,-0.0014426811674619344,-0.00144372283391967
2005-08-24,1.7965,-0.0017226050233385415,-0.0017240904134438258
2005-08-25,1.8045,0.004453103256331747,0.0044432175292698295
2005-08-26,1.8066,0.001163757273483057,0.0011630806328999854
2005-08-29,1.8006,-0.0033211557622052634,-0.0033266830413667316
2005-08-30,1.784,-0.009219149172497998,-0.009261908534421685
2005-08-31,1.8012,0.009641255605381094,0.009595075287461821
2005-09-01,1.8279,0.01482345103264504,0.014714657495141939
2005-09-02,1.8403,0.0067837409048634445,0.006760834868590389
2005-09-05,1.8403,0.0,0.0
2005-09-06,1.842,0.000923762430038666,0.0009233360241034075
2005-09-07,1.8394,-0.0014115092290989395,-0.0014125063466550612
2005-09-08,1.8388,-0.00032619332390992906,-0.0003262465365242584
2005-09-09,1.84,0.0006525995214270441,0.0006523866709584024
2005-09-12,1.8236,-0.00891304347826083,-0.008953002263744918
2005-09-13,1.8214,-0.0012064049133583277,-0.0012071332055682738
2005-09-14,1.8244,0.00164708466015151,0.0016457297038271403
2005-09-15,1.8069,-0.009592194694146072,-0.009638496119760339
2005-09-16,1.8035,-0.0018816757983285415,-0.00188344837419131
2005-09-19,1.8041,0.000332686443027308,0.0003326311151635009
2005-09-20,1.8046,0.00027714649963961335,0.00027710810164289856
2005-09-21,1.8097,0.0028261110495402253,0.0028221251057552713
2005-09-22,1.7917,-0.009946399955793828,-0.009996195860303208
2005-09-23,1.7788,-0.0071998660490038,-0.007225910169310949
2005-09-26,1.7746,-0.0023611423431526557,-0.0023639342353039545
2005-09-27,1.7677,-0.003888200157782018,-0.003895778859399933
2005-09-28,1.7639,-0.0021496860326978284,-0.002151999924405936
2005-09-29,1.762,-0.0010771585690798613,-0.0010777391213066467
2005-09-30,1.7696,0.004313280363223537,0.004304004831890773
2005-10-03,1.7558,-0.007798372513562413,-0.00782893883590732
2005-10-04,1.7587,0.0016516687549834597,0.001650306250210093
2005-10-05,1.7655,0.003866492295445667,0.003859036626122781
2005-10-06,1.7728,0.004134806003964764,0.0041262811845234545
2005-10-07,1.7599,-0.0072766245487364545,-0.0073032283167994184
2005-10-10,1.7599,0.0,0.0
2005-10-11,1.7489,-0.006250355133814445,-0.006269970381019699
2005-10-12,1.7532,0.0024586883183717045,0.0024556706895086937
2005-10-13,1.7484,-0.002737850787132179,-0.0027416055554947273
2005-10-14,1.7677,0.011038663921299596,0.01097818255267811
2005-10-17,1.7553,-0.007014764948803487,-0.007039484079537293
2005-10-18,1.7487,-0.0037600410186293676,-0.003767127742686398
2005-10-19,1.7627,0.008005947275118608,0.00797406970629393
2005-10-20,1.7712,0.004822147841379909,0.00481055852846487
2005-10-21,1.7692,-0.001129177958446248,-0.0011298159602007348
2005-10-24,1.7711,0.0010739317205514798,0.001073355468414674
2005-10-25,1.7855,0.00813054034216032,0.008097665571916665
2005-10-26,1.7766,-0.004984598151778319,-0.004997062698902649
2005-10-27,1.7836,0.003940110323089163,0.003932368417721111
2005-10-28,1.7781,-0.003083651042834701,-0.003088415291419402
2005-10-31,1.7689,-0.005174062201226071,-0.0051874940124403655
2005-11-01,1.763,-0.0033354061846345706,-0.003340981051591671
2005-11-02,1.7755,0.007090187180941676,0.007065169985272455
2005-11-03,1.772,-0.0019712756969868517,-0.001973221218116415
2005-11-04,1.751,-0.011851015801354503,-0.011921798879174508
2005-11-07,1.744,-0.003997715591090745,-0.004005727816926852
2005-11-08,1.7415,-0.0014334862385321223,-0.0014345146628690706
2005-11-09,1.7415,0.0,0.0
2005-11-10,1.7462,0.002698822853861582,0.0026951875706513655
2005-11-11,1.7462,0.0,0.0
2005-11-14,1.7349,-0.006471194593975382,-0.006492223544424904
2005-11-15,1.7366,0.0009798835667760297,0.0009794037942623664
2005-11-16,1.7166,-0.011516756881262302,-0.011583588342425274
2005-11-17,1.719,0.0013981125480602152,0.0013971360987297754
2005-11-18,1.7147,-0.002501454333915132,-0.0025045881980436703
2005-11-21,1.7165,0.001049746311308164,0.001049195712941159
2005-11-22,1.7138,-0.0015729682493444974,-0.0015742066627282135
2005-11-23,1.7214,0.0044345898004434225,0.004424785980355636
2005-11-24,1.7214,0.0,0.0
2005-11-25,1.7155,-0.003427442779133316,-0.0034333299168697517
2005-11-28,1.7221,0.0038472748469833284,0.003839893012349312
2005-11-29,1.7203,-0.0010452354683235798,-0.0010457821078602523
2005-11-30,1.7321,0.006859268732197998,0.00683585097324102
2005-12-01,1.729,-0.0017897350037525683,-0.0017913384929438376
2005-12-02,1.7304,0.0008097165991902688,0.0008093889555584958
2005-12-05,1.7397,0.005374479889042938,0.005360088911655527
2005-12-06,1.7402,0.00028740587457609656,0.0002873645814194672
2005-12-07,1.735,-0.0029881622801976038,-0.0029926357509644013
2005-12-08,1.7514,0.009452449567723287,0.009408054707164448
2005-12-09,1.7554,0.002283887175973609,0.0022812830698932607
2005-12-12,1.774,0.010595875583912395,0.010540132711507468
2005-12-13,1.7674,-0.0037204058624576986,-0.0037273437856207266
2005-12-14,1.7739,0.003677718682810971,0.003670972410989915
2005-12-15,1.7648,-0.005129939680929119,-0.005143142995655971
2005-12-16,1.7716,0.003853127833182368,0.0038457235498052422
2005-12-19,1.7641,-0.0042334612779408864,-0.0042424477466829775
2005-12-20,1.7544,-0.005498554503712949,-0.0055137271986817615
2005-12-21,1.7402,-0.00809393524851798,-0.008126868971754365
2005-12-22,1.7395,-0.0004022526146419958,-0.00040233353992732165
2005-12-23,1.7326,-0.003966657085369474,-0.003974545135956917
2005-12-26,1.7326,0.0,0.0
2005-12-27,1.7308,-0.0010389010735311066,-0.0010394411053101947
2005-12-28,1.7226,-0.004737693552114619,-0.004748951995656442
2005-12-29,1.7261,0.002031812376640074,0.0020297510375703776
2005-12-30,1.7188,-0.004229187184983441,-0.004238155491803446
2006-01-02,1.7188,0.0,0.0
2006-01-03,1.7404,0.012566907144519357,0.012488598945684926
2006-01-04,1.7588,0.01057228223396911,0.01051678646012992
2006-01-05,1.7566,-0.0012508528542187758,-0.0012516358236380222
2006-01-06,1.7697,0.007457588523283709,0.00742991819412235
2006-01-09,1.7645,-0.0029383511329604817,-0.0029426765618146156
2006-01-10,1.7645,0.0,0.0
2006-01-11,1.7643,-0.00011334655709827057,-0.0001133529813047193
2006-01-12,1.7612,-0.001757070792948956,-0.0017586162524211271
2006-01-13,1.7715,0.005848285260049879,0.005831250423927836
2006-01-16,1.7715,0.0,0.0
2006-01-17,1.7628,-0.0049110922946655755,-0.004923191337694794
2006-01-18,1.7622,-0.0003403675970047315,-0.00034042553520250666
2006-01-19,1.7618,-0.00022698899103390513,-0.00022701475693405465
2006-01-20,1.7663,0.0025542059257577243,0.0025509494857024594
2006-01-23,1.7842,0.010134178791824766,0.010083172318285349
2006-01-24,1.7885,0.0024100437170719857,0.002407144219389248
2006-01-25,1.7874,-0.0006150405367625345,-0.0006152297517807137
2006-01-26,1.783,-0.0024616761776883322,-0.0024647110841512624
2006-01-27,1.7733,-0.005440269209197934,-0.005455121364706865
2006-01-30,1.7688,-0.002537641684994152,-0.0025408669551970305
2006-01-31,1.782,0.007462686567164312,0.007434978487518212
2006-02-01,1.7781,-0.002188552188552184,-0.0021909505688524457
2006-02-02,1.7807,0.0014622349699116022,0.0014611669453664451
2006-02-03,1.7626,-0.01016454203403161,-0.010216553741708668
2006-02-06,1.7462,-0.009304436627709078,-0.009347993288852833
2006-02-07,1.7444,-0.0010308097583323628,-0.001031341408095877
2006-02-08,1.7405,-0.0022357257509745265,-0.002238228717117771
2006-02-09,1.7411,0.00034472852628564254,0.0003446691210592836
2006-02-10,1.7454,0.002469703061283024,0.0024666583566580933
2006-02-13,1.7438,-0.0009166953133952216,-0.0009171157354963055
2006-02-14,1.7343,-0.005447872462438386,-0.0054627662371745985
2006-02-15,1.7401,0.003344288762036518,0.0033387090649925582
2006-02-16,1.7354,-0.002700994195735884,-0.0027046484621433596
2006-02-17,1.7403,0.002823556528754212,0.0028195777807390344
2006-02-20,1.7403,0.0,0.0
2006-02-21,1.7447,0.002528299718439264,0.002525108945727693
2006-02-22,1.7425,-0.0012609617699317344,-0.0012617574511771036
2006-02-23,1.7522,0.005566714490674363,0.00555127759758454
2006-02-24,1.7448,-0.004223262184682164,-0.004232205344844194
2006-02-27,1.7409,-0.0022352132049519025,-0.0022377150227470602
2006-02-28,1.7539,0.007467401918547889,0.007439658899419876
2006-03-01,1.7473,-0.0037630423627343923,-0.003770140419099353
2006-03-02,1.7493,0.0011446231328335887,0.0011439685512273632
2006-03-03,1.7531,0.0021722974904248016,0.0021699414636085013
2006-03-06,1.7492,-0.002224630654269588,-0.0022271088210629214
2006-03-07,1.7362,-0.007431968900068697,-0.007459723581058024
2006-03-08,1.7359,-0.0001727911530929882,-0.00017280608320416734
2006-03-09,1.7366,0.00040324903508270893,0.0004031677520413659
2006-03-10,1.7256,-0.006334216284694216,-0.006354362551598146
2006-03-13,1.731,0.0031293463143255984,0.0031244601012627746
2006-03-14,1.7479,0.009763142692085447,0.009715791164831535
2006-03-15,1.746,-0.001087018708164078,-0.0010876099414933213
2006-03-16,1.7552,0.005269186712485663,0.005255353121418267
2006-03-17,1.7567,0.0008546034639926869,0.0008542384983714739
2006-03-20,1.7563,-0.00022769966414293297,-0.0002277255916473224
2006-03-21,1.7459,-0.005921539600296066,-0.005939141436961272
2006-03-22,1.7483,0.0013746491780743941,0.0013737052128746353
2006-03-23,1.7367,-0.006635016873534294,-0.00665712645053459
2006-03-24,1.7427,0.0034548281223010235,0.0034488739135279897
2006-03-27,1.747,0.0024674355884548582,0.0024643964674602166
2006-03-28,1.7497,0.0015455065827132408,0.001544313516517553
2006-03-29,1.7356,-0.008058524318454552,-0.008091169726378421
2006-03-30,1.7448,0.005300760543904159,0.0052867609632236984
2006-03-31,1.7393,-0.003152223750573002,-0.003157202473311577
2006-04-03,1.7389,-0.0002299775771863466,-0.00023000402608453093
2006-04-04,1.7559,0.009776295359135156,0.009728816577261793
2006-04-05,1.7497,-0.0035309527877441793,-0.0035372013147108128
2006-04-06,1.7504,0.0004000685831857531,0.00039998857708803317
2006-04-07,1.7407,-0.005541590493601478,-0.005557002068998526
2006-04-10,1.7405,-0.0001148963060837449,-0.00011490290716995254
2006-04-11,1.7467,0.003562194771617344,0.003555865182853577
2006-04-12,1.7508,0.002347283448789206,0.0023445328823931567
2006-04-13,1.7529,0.0011994516792324106,0.0011987329117608256
2006-04-14,1.751,-0.0010839180786126335,-0.0010845059426492357
2006-04-17,1.7716,0.011764705882353121,0.011696039763191456
2006-04-18,1.7762,0.0025965229171369675,0.0025931577753605098
2006-04-19,1.7895,0.0074878955072628095,0.007460000381676886
2006-04-20,1.7801,-0.005252863928471685,-0.005266708722693283
2006-04-21,1.7817,0.000898825908656864,0.0008984222065370001
2006-04-24,1.7839,0.00123477577594433,0.00123401406729768
2006-04-25,1.7876,0.0020741072930097193,0.002071959302074577
2006-04-26,1.7897,0.0011747594540165718,0.0011740699640662327
2006-04-27,1.8011,0.00636978264513588,0.006349581319648957
2006-04-28,1.822,0.011604019765698803,0.011537209476891902
2006-05-01,1.8286,0.003622392974752975,0.003615847910422514
2006-05-02,1.8397,0.006070217652849097,0.006051868101411353
2006-05-03,1.8446,0.0026634777409360044,0.002659936969880867
2006-05-04,1.8485,0.002114279518594886,0.0021120475750681707
2006-05-05,1.8588,0.005572085474709221,0.0055566188341366505
2006-05-08,1.8584,-0.00021519259737468044,-0.00021521575462390153
2006-05-09,1.8632,0.00258286698235044,0.002579537113931885
2006-05-10,1.8648,0.0008587376556461468,0.0008583691514160834
2006-05-11,1.8842,0.01040326040326045,0.010349518893020049
2006-05-12,1.8911,0.0036620316314615042,0.0036553427186597253
2006-05-15,1.8836,-0.003965945745862176,-0.0039738309638276915
2006-05-16,1.8819,-0.0009025270758122872,-0.0009029345985922534
2006-05-17,1.882,5.3137786279799926e-05,5.313637451764629e-05
2006-05-18,1.8878,0.003081827842720486,0.0030770887455190657
2006-05-19,1.8755,-0.006515520711939837,-0.006536839368902023
2006-05-22,1.8861,0.005651826179685404,0.005635914535183057
2006-05-23,1.8809,-0.002757011823339206,-0.002760819380366289
2006-05-24,1.8678,-0.0069647509171142374,-0.006989118001141451
2006-05-25,1.8719,0.002195095834671701,0.0021926901316658694
2006-05-26,1.8566,-0.008173513542390043,-0.008207099841451236
2006-05-29,1.8566,0.0,0.0
2006-05-30,1.8825,0.013950231606161712,0.013853822708216373
2006-05-31,1.8732,-0.00494023904382479,-0.004952482364662042
2006-06-01,1.8686,-0.002455690796497989,-0.00245871095053145
2006-06-02,1.8817,0.0070105961682542794,0.006986136191743538
2006-06-05,1.8786,-0.0016474464579900872,-0.0016488049901837822
2006-06-06,1.8608,-0.009475141062493364,-0.009520315796015054
2006-06-07,1.8585,-0.0012360275150472555,-0.0012367920270931134
2006-06-08,1.8425,-0.008609093354856046,-0.008646365673815139
2006-06-09,1.8426,5.4274084124728006e-05,5.427261133991334e-05
2006-06-12,1.844,0.0007597959405187815,0.0007595074417074021
2006-06-13,1.8398,-0.0022776572668112838,-0.0022802550734822573
2006-06-14,1.8491,0.005054897271442371,0.005042164169883408
2006-06-15,1.8477,-0.0007571250878806168,-0.000757411851833224
2006-06-16,1.8484,0.0003788493803107418,0.0003787776350041322
2006-06-19,1.8401,-0.004490370049772707,-0.004500482043782582
2006-06-20,1.8399,-0.0001086897451225699,-0.00010869565228095287
2006-06-21,1.846,0.0033153975759552257,0.003309913762749742
2006-06-22,1.8306,-0.00834236186348869,-0.008377354112118573
2006-06-23,1.8204,-0.005571943625040987,-0.005587524808192102
2006-06-26,1.819,-0.0007690617446715065,-0.0007693576243646265
2006-06-27,1.8237,0.0025838372732271964,0.0025805049046643933
2006-06-28,1.8159,-0.004277019246586633,-0.004286191857035279
2006-06-29,1.8108,-0.002808524698496684,-0.002812476003947791
2006-06-30,1.8491,0.02115087254252268,0.02093029765113698
2006-07-03,1.841,-0.004380509437023394,-0.004390131979862589
2006-07-04,1.841,0.0,0.0
2006-07-05,1.8342,-0.0036936447582834875,-0.0037004831082339804
2006-07-06,1.8376,0.0018536691745718592,0.0018519532500445124
2006-07-07,1.8513,0.007455376578145323,0.007427722620242288
2006-07-10,1.842,-0.005023497002106581,-0.005036157179878665
2006-07-11,1.8431,0.0005971769815418249,0.0005969987423248913
2006-07-12,1.8347,-0.004557538928978366,-0.004567956172903075
2006-07-13,1.8404,0.003106774949583002,0.003101958896639533
2006-07-14,1.8364,-0.0021734405564007853,-0.002175805906246552
2006-07-17,1.8203,-0.00876715312568066,-0.008805810723213838
2006-07-18,1.8271,0.0037356479701147194,0.0037286877657665128
2006-07-19,1.8377,0.005801543429478473,0.005784779283759005
2006-07-20,1.8495,0.006421069815530256,0.00640054257112998
2006-07-21,1.8586,0.004920248715869269,0.004908183850730374
2006-07-24,1.8492,-0.005057570214139662,-0.00507040300916855
2006-07-25,1.8407,-0.004596582305862018,-0.004607179075394025
2006-07-26,1.8474,0.003639919595805896,0.0036333111198332676
2006-07-27,1.8627,0.008281909710945223,0.008247802880447222
2006-07-28,1.8645,0.0009663391850540659,0.0009658725799188036
2006-07-31,1.8685,0.0021453472780905702,0.0021430493066630207
2006-08-01,1.8711,0.0013914905004013267,0.0013905232746479715
2006-08-02,1.8781,0.0037411148522259463,0.0037341342867051206
2006-08-03,1.8847,0.003514189872743767,0.0035080295356903655
2006-08-04,1.9098,0.013317769406271607,0.013229867493520106
2006-08-07,1.9102,0.00020944601528949391,0.00020942408453498624
2006-08-08,1.9077,-0.0013087634802637638,-0.00130962065916532
2006-08-09,1.9089,0.0006290297216544616,0.000628831965384468
2006-08-10,1.8888,-0.010529624391010572,-0.010585453135553027
2006-08-11,1.8952,0.0033883947479880216,0.0033826670732724244
2006-08-14,1.8902,-0.002638243984803612,-0.0026417302836198755
2006-08-15,1.8948,0.00243360490953326,0.002430648488640867
2006-08-16,1.8999,0.002691576947434937,0.002687961140897444
2006-08-17,1.894,-0.0031054266014001186,-0.0031102584444708003
2006-08-18,1.8808,-0.006969376979936603,-0.0069937765201637594
2006-08-21,1.8968,0.008507018290089263,0.00847103752533591
2006-08-22,1.8881,-0.004586672290172955,-0.0045972233467092794
2006-08-23,1.8929,0.002542238228907534,0.002539012207687508
2006-08-24,1.8884,-0.0023773046648000173,-0.002380134940042116
2006-08-25,1.8884,0.0,0.0
2006-08-28,1.8968,0.0044482101249734285,0.004438346079063953
2006-08-29,1.8914,-0.002846900042176359,-0.0028509601697839994
2006-08-30,1.9042,0.0067674738289098535,0.00674467727017927
2006-08-31,1.9024,-0.0009452788572628101,-0.0009457259150735391
2006-09-01,1.905,0.0013666947014296937,0.0013657616242838753
2006-09-04,1.905,0.0,0.0
2006-09-05,1.8926,-0.006509186351706053,-0.006530463486669039
2006-09-06,1.881,-0.006129134523935376,-0.006147994773101979
2006-09-07,1.8763,-0.0024986709197235557,-0.0025017978077014834
2006-09-08,1.8655,-0.005756009166977605,-0.005772638832116415
2006-09-11,1.863,-0.0013401232913428096,-0.0013410220596240853
2006-09-12,1.8747,0.006280193236714915,0.0062605550015571755
2006-09-13,1.8767,0.0010668373606443904,0.001066268694081244
2006-09-14,1.8886,0.006340917568071536,0.0063208985317418165
2006-09-15,1.8783,-0.005453775283278617,-0.005468701409594362
2006-09-18,1.8773,-0.0005323963158175848,-0.0005325380890580666
2006-09-19,1.8828,0.0029297395195226894,0.002925456196670718
2006-09-20,1.8894,0.0035054174633524227,0.003499287808046714
2006-09-21,1.897,0.004022440986556575,0.004014372599980238
2006-09-22,1.9012,0.0022140221402213722,0.002211574804840132
2006-09-25,1.9001,-0.0005785819482432286,-0.0005787493913681398
2006-09-26,1.8954,-0.0024735540234723796,-0.002476618312391662
2006-09-27,1.8866,-0.0046428194576342285,-0.0046536308203416425
2006-09-28,1.8746,-0.0063606487861761485,-0.0063809639033673435
2006-09-29,1.8716,-0.0016003414061667165,-0.001601623320324283
2006-10-02,1.8861,0.007747381919213536,0.007717525065063902
2006-10-03,1.8873,0.0006362334976934836,0.000636031186968382
2006-10-04,1.8839,-0.0018015153923595095,-0.0018031400727650192
2006-10-05,1.8772,-0.0035564520409787637,-0.003562791251066034
2006-10-06,1.8712,-0.0031962497336458506,-0.003201368650293316
2006-10-09,1.8712,0.0,0.0
2006-10-10,1.8548,-0.00876442924326637,-0.008803062752663522
2006-10-11,1.8568,0.0010782833728704144,0.0010777024429215435
2006-10-12,1.8558,-0.0005385609651012979,-0.000538706041148399
2006-10-13,1.8551,-0.00037719581851491935,-0.00037726697475145773
2006-10-16,1.8606,0.002964799741253854,0.0029604133901308042
2006-10-17,1.8734,0.006879501236160435,0.006855945440571989
2006-10-18,1.8675,-0.003149354115511871,-0.003154323768057789
2006-10-19,1.876,0.004551539491298495,0.00454121255919758
2006-10-20,1.8828,0.0036247334754797578,0.0036181799608172483
2006-10-23,1.871,-0.006267261525387702,-0.006286983252897584
2006-10-24,1.8745,0.0018706574024585088,0.0018689099018770303
2006-10-25,1.8772,0.0014403841024273056,0.0014393477442958672
2006-10-26,1.8876,0.005540166204986097,0.005524875931969807
2006-10-27,1.8968,0.004873913964823062,0.004862074898963281
2006-10-30,1.9025,0.003005061155630484,0.0030005549846451257
2006-10-31,1.9084,0.003101182654402068,0.003096383906111007
2006-11-01,1.9091,0.0003667994131208996,0.00036673215866159486
2006-11-02,1.9088,-0.000157142108847097,-0.00015715445696190628
2006-11-03,1.9011,-0.004033948030176093,-0.004042106346070756
2006-11-06,1.8967,-0.0023144495292198863,-0.0023171320073042396
2006-11-07,1.9098,0.006906732746348787,0.0068829905258253115
2006-11-08,1.9057,-0.0021468216567179788,-0.0021491293817718343
2006-11-09,1.9067,0.0005247415647793297,0.000524603936068658
2006-11-10,1.912,0.0027796716840613467,0.0027758155409474934
2006-11-13,1.9024,-0.005020920502091908,-0.005033567674829068
2006-11-14,1.8946,-0.004100084104289303,-0.004108512495083268
2006-11-15,1.8883,-0.0033252401562334777,-0.0033307810539018453
2006-11-16,1.8902,0.0010061960493565891,0.0010056901734235239
2006-11-17,1.8936,0.0017987514548725159,0.0017971356388184663
2006-11-20,1.8963,0.001425855513307983,0.0014248399465885526
2006-11-21,1.8984,0.001107419712070845,0.0011068069751910472
2006-11-22,1.9145,0.008480825958702143,0.00844506579579547
2006-11-23,1.9145,0.0,0.0
2006-11-24,1.9315,0.008879603029511518,0.008840411188986692
2006-11-27,1.9368,0.0027439813616361164,0.002740223517512819
2006-11-28,1.948,0.0057827344072696185,0.005766078578631572
2006-11-29,1.9492,0.0006160164271047375,0.0006158267668707221
2006-11-30,1.9693,0.010311922840139598,0.01025911766879957
2006-12-01,1.9794,0.0051287259432286625,0.005115618824440209
2006-12-04,1.9788,-0.00030312215822980715,-0.000303168109037252
2006-12-05,1.9746,-0.002122498483929647,-0.002124754176204267
2006-12-06,1.9692,-0.0027347310847766204,-0.0027384772933036873
2006-12-07,1.9628,-0.0032500507820434343,-0.0032553436682971576
2006-12-08,1.9564,-0.0032606480538007743,-0.0032659755505462886
2006-12-11,1.9552,-0.0006133714986709116,-0.0006135596879258208
2006-12-12,1.9655,0.00526800327332233,0.005254175884638736
2006-12-13,1.9663,0.00040702111422019627,0.00040693830359617205
2006-12-14,1.9646,-0.0008645679702995457,-0.0008649419247420714
2006-12-15,1.9538,-0.005497302249821812,-0.005512468021927013
2006-12-18,1.9458,-0.004094584911454646,-0.004102990677514928
2006-12-19,1.9666,0.010689690615685032,0.010632959804728535
2006-12-20,1.9648,-0.0009152852639071618,-0.0009157043932324378
2006-12-21,1.9622,-0.0013232899022802558,-0.0013241662235330158
2006-12-22,1.957,-0.0026500866374477017,-0.002653604333214144
2006-12-25,1.957,0.0,0.0
2006-12-26,1.9568,-0.00010219724067450642,-0.0001022024631683265
2006-12-27,1.9566,-0.00010220768601809649,-0.00010221290957956553
2006-12-28,1.9621,0.0028109986711641888,0.0028070552027273732
2006-12-29,1.9586,-0.0017838030681412986,-0.0017853959393618157
2007-01-01,1.9586,0.0,0.0
2007-01-02,1.9736,0.007658531604207042,0.007629353928452792
2007-01-03,1.9498,-0.012059181191730883,-0.012132483019975828
2007-01-04,1.9443,-0.0028208021335521805,-0.0028247880933911732
2007-01-05,1.9305,-0.007097670112636845,-0.007122978397488859
2007-01-08,1.9385,0.004144004144003954,0.004135441406692584
2007-01-09,1.94,0.0007737941707506302,0.0007734949463900476
2007-01-10,1.9334,-0.0034020618556700466,-0.00340786202686871
2007-01-11,1.9439,0.005430847212165135,0.005416153337562158
2007-01-12,1.9577,0.007099130613714699,0.007074050414429804
2007-01-15,1.9577,0.0,0.0
2007-01-16,1.9605,0.0014302497829083993,0.0014292279498892425
2007-01-17,1.972,0.005865850548329554,0.005848713430194443
2007-01-18,1.9715,-0.00025354969574031827,-0.000253581844898811
2007-01-19,1.9759,0.002231803195536397,0.0022293164220898902
2007-01-22,1.9772,0.0006579280327951853,0.0006577116930324787
2007-01-23,1.9847,0.003793242969856392,0.003786066765408712
2007-01-24,1.9675,-0.008666297173376303,-0.008704067906654595
2007-01-25,1.9703,0.0014231257941550446,0.0014221141103638382
2007-01-26,1.9598,-0.005329137694767283,-0.005343388200203998
2007-01-29,1.9592,-0.0003061536891518779,-0.00030620056376003547
2007-01-30,1.9617,0.0012760310330746094,0.0012752175973818507
2007-01-31,1.9611,-0.0003058571647041042,-0.0003059039485463967
2007-02-01,1.9686,0.003824384274131676,0.0038170899083171863
2007-02-02,1.9662,-0.0012191405059432947,-0.0012198842622870212
2007-02-05,1.96,-0.0031532906113315162,-0.0031582727082610134
2007-02-06,1.9693,0.004744897959183758,0.004733676413587805
2007-02-07,1.9699,0.0003046767887067148,0.0003046303841592795
2007-02-08,1.9586,-0.005736331793492089,-0.005752847735615773
2007-02-09,1.9512,-0.0037782089247421213,-0.003785364384983537
2007-02-12,1.9474,-0.001947519475194781,-0.0019494183570547164
2007-02-13,1.9443,-0.001591866077847448,-0.0015931344428759028
2007-02-14,1.9628,0.009514992542303258,0.009470010113968445
2007-02-15,1.9532,-0.004890972080701106,-0.004902972028243204
2007-02-16,1.9499,-0.0016895351218513266,-0.0016909639959641124
2007-02-19,1.9499,0.0,0.0
2007-02-20,1.9547,0.0024616647007540404,0.002458639767435262
2007-02-21,1.9524,-0.001176651148513952,-0.0011773439459838821
2007-02-22,1.9571,0.0024072935873797885,0.0024044006979311817
2007-02-23,1.9639,0.0034745286393131902,0.003468506410253822
2007-02-26,1.9631,-0.00040735271653336014,-0.0004074357071896051
2007-02-27,1.9661,0.0015281952014669642,0.001527028699457364
2007-02-28,1.9613,-0.0024413814149839563,-0.002444366445979858
2007-03-01,1.9579,-0.0017335440779076006,-0.0017350484042380117
2007-03-02,1.9458,-0.00618009091373406,-0.006199266721900018
2007-03-05,1.9235,-0.011460581765854627,-0.011526760348977438
2007-03-06,1.927,0.0018195996880685517,0.0018179462220165045
2007-03-07,1.9315,0.002335236118318651,0.002332513691969626
2007-03-08,1.93,-0.0007765984985762531,-0.0007769002074047772
2007-03-09,1.9318,0.0009326424870466088,0.0009322078462642671
2007-03-12,1.9291,-0.001397660213272589,-0.0013986378513518802
2007-03-13,1.9322,0.00160696697942031,0.0016056771895654287
2007-03-14,1.9337,0.0007763171514336697,0.0007760159731370365
2007-03-15,1.9365,0.0014480012411439702,0.001446953898260752
2007-03-16,1.9423,0.0029950942421894666,0.002990617883280223
2007-03-19,1.946,0.0019049580394379095,0.001903145907863346
2007-03-20,1.958,0.006166495375128367,0.006147560344505219
2007-03-21,1.9596,0.0008171603677222805,0.0008168266739641615
2007-03-22,1.9672,0.003878342518881528,0.0038708411375631946
2007-03-23,1.9632,-0.0020333468889792705,-0.00203541694533583
2007-03-26,1.9694,0.0031581092094539187,0.003153132857054673
2007-03-27,1.9664,-0.001523306590839879,-0.001524468001931352
2007-03-28,1.9611,-0.0026952807160292025,-0.0026989195249767107
2007-03-29,1.9627,0.0008158686451480435,0.0008155360052396609
2007-03-30,1.9685,0.0029551128547409267,0.0029507550917588954
2007-04-02,1.9786,0.005130810261620544,0.005117692505330009
2007-04-03,1.9781,-0.00025270393207310615,-0.00025273586709193197
2007-04-04,1.9756,-0.0012638390374601904,-0.0012646383555604181
2007-04-05,1.9708,-0.0024296416278598576,-0.0024325979966617205
2007-04-06,1.9655,-0.002689263243352946,-0.0026928858078929985
2007-04-09,1.9608,-0.0023912490460442637,-0.0023941126480121946
2007-04-10,1.9718,0.005609955120359,0.005594277927038107
2007-04-11,1.9786,0.0034486256212598043,0.003442692748181277
2007-04-12,1.9769,-0.0008591933690487163,-0.0008595626872304002
2007-04-13,1.9829,0.003035054883909094,0.0030304584028679484
2007-04-16,1.9907,0.003933632558374089,0.003925916055128033
2007-04-17,2.0061,0.007735972271060376,0.007706203068154762
2007-04-18,2.0041,-0.0009969592742135047,-0.0009974565686597394
2007-04-19,2.0029,-0.0005987725163416613,-0.0005989518521959847
2007-04-20,2.0047,0.0008986968895103864,0.0008982933032438267
2007-04-23,2.0017,-0.0014964832643288295,-0.0014976041137702196
2007-04-24,2.0028,0.0005495328970375191,0.0005493819591294215
2007-04-25,2.0042,0.0006990213700817094,0.000698777168438612
2007-04-26,1.9903,-0.006935435585270988,-0.006959597499053742
2007-04-27,1.9985,0.004119981912274584,0.0041115180262034584
2007-04-30,2.0,0.0007505629221917776,0.0007502813907042828
2007-05-01,1.9993,-0.00034999999999996145,-0.0003500612642953807
2007-05-02,1.991,-0.004151453008553019,-0.004160094213590677
2007-05-03,1.9878,-0.0016072325464591142,-0.0016085255302911608
2007-05-04,1.9931,0.0026662642116912494,0.002662716034786705
2007-05-07,1.9944,0.0006522502634087601,0.0006520376406561757
2007-05-08,1.9902,-0.002105896510228633,-0.0021081170282863837
2007-05-09,1.9963,0.0030650185910963135,0.003060330997546183
2007-05-10,1.9833,-0.006512047287481781,-0.006533343170965786
2007-05-11,1.9824,-0.0004537891393133764,-0.00045389213276424064
2007-05-14,1.9803,-0.0010593220338982468,-0.0010598835120431353
2007-05-15,1.9862,0.0029793465636520633,0.0029749171064234643
2007-05-16,1.9774,-0.004430570939482403,-0.004440415006225575
2007-05-17,1.9748,-0.0013148578942044908,-0.0013157230783247373
2007-05-18,1.9755,0.0003544662750658567,0.00035440346673762824
2007-05-21,1.9695,-0.0030372057706909983,-0.0030418274404848886
2007-05-22,1.9768,0.003706524498603647,0.0036996722634396887
2007-05-23,1.9879,0.005615135572642815,0.0055994294660754815
2007-05-24,1.9852,-0.0013582172141455295,-0.0013591404271898482
2007-05-25,1.9845,-0.00035260930888580955,-0.0003526714901657277
2007-05-28,1.9845,0.0,0.0
2007-05-29,1.9814,-0.0015621063240109923,-0.0015633276841901017
2007-05-30,1.9747,-0.0033814474613910184,-0.0033871774756660455
2007-05-31,1.9797,0.002532030181799927,0.0025288299942218826
2007-06-01,1.9804,0.00035358892761516714,0.00035352642978222826
2007-06-04,1.9922,0.005958392243991195,0.005940711223797394
2007-06-05,1.9941,0.0009537195060735915,0.0009532650045804632
2007-06-06,1.9915,-0.001303846346722759,-0.0013046970939468686
2007-06-07,1.9798,-0.005874968616620624,-0.005892294135991899
2007-06-08,1.9657,-0.007121931508233148,-0.007147413521954095
2007-06-11,1.9686,0.0014753014193416014,0.0014742142313579393
2007-06-12,1.975,0.0032510413491821932,0.0032457681401113275
2007-06-13,1.9728,-0.0011139240506329307,-0.001114544925142411
2007-06-14,1.9696,-0.0016220600162206722,-0.0016233769798908598
2007-06-15,1.9765,0.003503249390739205,0.0034971273065511053
2007-06-18,1.9822,0.0028838856564634696,0.0028797352358679073
2007-06-19,1.9884,0.0031278377560286508,0.00312295624790945
2007-06-20,1.9937,0.0026654596660631302,0.0026619136282635954
2007-06-21,1.9924,-0.0006520539700055616,-0.0006522666496528927
2007-06-22,1.9975,0.0025597269624573205,0.002556456441301394
2007-06-25,1.9962,-0.0006508135168961093,-0.0006510253879436783
2007-06-26,1.9997,0.0017533313295261532,0.0017517960384712454
2007-06-27,1.9965,-0.0016002400360054514,-0.0016015217876812714
2007-06-28,2.0022,0.002854996243426111,0.002850928482107426
2007-06-29,2.0063,0.0020477474777742533,0.0020456537007717056
2007-07-02,2.0161,0.00488461346757707,0.004872722449510339
2007-07-03,2.0168,0.0003472049997521598,0.0003471447380446073
2007-07-04,2.0168,0.0,0.0
2007-07-05,2.0114,-0.0026775089250297146,-0.0026810998633300014
2007-07-06,2.0119,0.0002485830764640262,0.00024855218481039624
2007-07-09,2.0166,0.0023361002037876055,0.0023333757639245633
2007-07-10,2.0248,0.004066250123970994,0.004058005271799271
2007-07-11,2.032,0.0035559067562229707,0.003549599467458347
2007-07-12,2.0288,-0.0015748031496063408,-0.0015760444554657658
2007-07-13,2.0344,0.0027602523659306932,0.0027564498650031874
2007-07-16,2.0374,0.001474636256389994,0.0014735500480560048
2007-07-17,2.0455,0.0039756552468834805,0.003967773213487472
2007-07-18,2.0534,0.0038621363969688627,0.0038546974954110293
2007-07-19,2.049,-0.002142787571832061,-0.0021450866259646014
2007-07-20,2.0566,0.003709126403123486,0.0037022645561904915
2007-07-23,2.0585,0.0009238549061558743,0.0009234284148692256
2007-07-24,2.0626,0.0019917415593879717,0.0019897606720093134
2007-07-25,2.0511,-0.005575487249103173,-0.005591088294110766
2007-07-26,2.0488,-0.001121349519769832,-0.0011219787025424216
2007-07-27,2.029,-0.009664193674346011,-0.009711195059500797
2007-07-30,2.0238,-0.0025628388368653665,-0.0025661285301550978
2007-07-31,2.0364,0.006225911651349003,0.006206610732521436
2007-08-01,2.0309,-0.0027008446277745346,-0.002704498489116952
2007-08-02,2.0346,0.0018218523807180809,0.0018201948205840818
2007-08-03,2.0426,0.003931976801336834,0.003924266784350609
2007-08-06,2.0293,-0.006511309115832753,-0.006532600161075451
2007-08-07,2.0202,-0.004484304932735439,-0.004494389587839326
2007-08-08,2.0368,0.008217008217008104,0.00818343240805816
2007-08-09,2.0271,-0.0047623723487824066,-0.004773748576903476
2007-08-10,2.0219,-0.002565240984657824,-0.002568536852983406
2007-08-13,2.0123,-0.004748009298184752,-0.004759316900932427
2007-08-14,2.0,-0.006112408686577697,-0.006131165930240369
2007-08-15,1.9923,-0.00385000000000002,-0.0038574303273046988
2007-08-16,1.9829,-0.004718164934999658,-0.004729330610017895
2007-08-17,1.9828,-5.0431186645938375e-05,-5.043245834098721e-05
2007-08-20,1.983,0.00010086746015747217,0.00010086237337727038
2007-08-21,1.9813,-0.0008572869389813498,-0.0008576546195827613
2007-08-22,1.9916,0.005198606975218345,0.00518514086781449
2007-08-23,2.0035,0.005975095400682751,0.005957315308171469
2007-08-24,2.0099,0.0031944097828799922,0.0031893184955069484
2007-08-27,2.0134,0.0017413801681673835,0.0017398657236165807
2007-08-28,2.0065,-0.0034270388397734663,-0.003432924588351463
2007-08-29,2.0182,0.005831049090456064,0.005814114323457031
2007-08-30,2.016,-0.0010900802695472667,-0.0010906748391693109
2007-08-31,2.0165,0.00024801587301603867,0.00024798512216376597
2007-09-03,2.0165,0.0,0.0
2007-09-04,2.0109,-0.002777089015621237,-0.0027809522814012523
2007-09-05,2.0221,0.005569645432393466,0.0055541923096622614
2007-09-06,2.0242,0.001038524306414157,0.001037985413116904
2007-09-07,2.0283,0.002025491552218206,0.00202344300994113
2007-09-10,2.0288,0.000246511857220133,0.000246481478164687
2007-09-11,2.0319,0.0015279968454258164,0.0015268306460608238
2007-09-12,2.0314,-0.0002460751021210461,-0.00024610538356676314
2007-09-13,2.0278,-0.0017721768238653235,-0.0017737489869213683
2007-09-14,2.0067,-0.010405365420652957,-0.0104598797260074
2007-09-17,1.992,-0.00732545970997156,-0.007352422647928471
2007-09-18,1.9973,0.002660642570281091,0.0026571093265825105
2007-09-19,1.9983,0.0005006759124817073,0.0005005506161172075
2007-09-20,2.0132,0.007456337887204123,0.00742867681496149
2007-09-21,2.0208,0.003775084442678267,0.0037679766940216784
2007-09-24,2.0222,0.0006927949327000249,0.0006925550610721426
2007-09-25,2.0169,-0.002620907922065152,-0.0026243485141980794
2007-09-26,2.0159,-0.0004958104021024479,-0.0004959333567229972
2007-09-27,2.0235,0.0037700282752120007,0.0037629395295422892
2007-09-28,2.0389,0.007610575735112368,0.007581761407008309
2007-10-01,2.0436,0.0023051645495120177,0.0023025117337142995
2007-10-02,2.0417,-0.0009297318457623938,-0.0009301643144889828
2007-10-03,2.0369,-0.0023509820247832325,-0.0023537499220591374
2007-10-04,2.0392,0.001129166871225884,0.0011285298418109249
2007-10-05,2.0436,0.002157708905453193,0.002155384394737294
2007-10-08,2.0436,0.0,0.0
2007-10-09,2.0331,-0.005137991779213147,-0.005151236646465932
2007-10-10,2.0432,0.0049677831882346535,0.004955484468097815
2007-10-11,2.0342,-0.004404855129209295,-0.004414585086779223
2007-10-12,2.034,-9.831874938548424e-05,-9.832358299054987e-05
2007-10-15,2.0419,0.003883972468043284,0.0038764493204837985
2007-10-16,2.0327,-0.004505607522405586,-0.0045157883640727795
2007-10-17,2.0387,0.0029517390662663345,0.002947391238176797
2007-10-18,2.0457,0.0034335606023447873,0.003427679391623812
2007-10-19,2.0484,0.0013198416190056683,0.0013189713936782835
2007-10-22,2.0279,-0.010007810974419162,-0.010058225757777322
2007-10-23,2.0495,0.010651412791558013,0.010595086113774473
2007-10-24,2.0491,-0.0001951695535495901,-0.00019518860160534714
2007-10-25,2.0485,-0.00029281147820992004,-0.0002928543558610557
2007-10-26,2.0514,0.0014156700024408053,0.0014146688863848325
2007-10-29,2.0609,0.004630983718436177,0.0046202937041521655
2007-10-30,2.0671,0.0030083943907999178,0.0030038782277272903
2007-10-31,2.0777,0.005127957041265674,0.005114853845550204
2007-11-01,2.0818,0.0019733359002742645,0.0019713914306275656
2007-11-02,2.082,9.607070804107387e-05,9.606609354614495e-05
2007-11-05,2.0799,-0.0010086455331411726,-0.0010091545583597297
2007-11-06,2.0859,0.0028847540747152234,0.0028806011565275006
2007-11-07,2.1045,0.008917014238458032,0.008877492437543303
2007-11-08,2.1104,0.0028035162746495867,0.0027995937524248568
2007-11-09,2.0911,-0.009145185746777806,-0.009187259670296075
2007-11-12,2.0911,0.0,0.0
2007-11-13,2.0729,-0.008703553153842414,-0.008741650287288365
2007-11-14,2.0586,-0.0068985479280235795,-0.0069224529130066
2007-11-15,2.0483,-0.00500340036918312,-0.005015959285849247
2007-11-16,2.048,-0.00014646292047049148,-0.0001464736472114205
2007-11-19,2.0478,-9.76562500000222e-05,-9.766101868206784e-05
2007-11-20,2.0652,0.00849692352768816,0.008461027864777598
2007-11-21,2.0585,-0.003244237846213416,-0.0032495117955346413
2007-11-22,2.0585,0.0,0.0
2007-11-23,2.0564,-0.0010201603109060153,-0.0010206810286098023
2007-11-26,2.0681,0.0056895545613693255,0.005673430177281015
2007-11-27,2.0653,-0.001353899714713891,-0.0013548170650263462
2007-11-28,2.0688,0.00169466905534299,0.0016932347239887542
2007-11-29,2.0642,-0.002223511214230478,-0.002225986885760114
2007-11-30,2.0567,-0.0036333688596065228,-0.0036399855764189027
2007-12-03,2.0658,0.00442456362133492,0.004414804017118933
2007-12-04,2.0577,-0.0039209991286667245,-0.003928706399147554
2007-12-05,2.0288,-0.014044807309131602,-0.014144368930478648
2007-12-06,2.0289,4.92902208202306e-05,4.928900609721216e-05
2007-12-07,2.0289,0.0,0.0
2007-12-10,2.0457,0.008280348957563133,0.008246254945712869
2007-12-11,2.0387,-0.003421811604829683,-0.0034276793916236973
2007-12-12,2.0494,0.005248442635012562,0.005234717562524342
2007-12-13,2.0395,-0.004830682150873455,-0.004842387608004422
2007-12-14,2.0197,-0.009708261828879627,-0.009755694243270439
2007-12-17,2.0168,-0.0014358568104173575,-0.001436888640632604
2007-12-18,2.014,-0.0013883379611265845,-0.001389302595202513
2007-12-19,1.9931,-0.010377358490565869,-0.010431578709815481
2007-12-20,1.9821,-0.005519040690381893,-0.005534326864742325
2007-12-21,1.9833,0.0006054184955350816,0.0006052353036924711
2007-12-24,1.9774,-0.0029748399132758507,-0.002979273544609548
2007-12-25,1.9774,0.0,0.0
2007-12-26,1.9833,0.002983715990694913,0.002979273544609612
2007-12-27,1.9907,0.0037311551454646263,0.003724211652245604
2007-12-28,1.9929,0.0011051388958658315,0.0011045286794174952
2007-12-31,1.9843,-0.004315319383812466,-0.004324657248098617
2008-01-01,1.9843,0.0,0.0
2008-01-02,1.9824,-0.0009575165045607736,-0.0009579752163284623
2008-01-03,1.9733,-0.004590395480225884,-0.004600963699497725
2008-01-04,1.9757,0.0012162367607559954,0.0012154977439791095
2008-01-07,1.9703,-0.0027332084830693493,-0.0027369505174373305
2008-01-08,1.9731,0.0014211033852713495,0.001420094573492991
2008-01-09,1.9564,-0.008463838629567788,-0.008499860310213004
2008-01-10,1.9565,5.111429155602032e-05,5.1112985265132916e-05
2008-01-11,1.9592,0.0013800153335037368,0.0013790639874908604
2008-01-14,1.9583,-0.00045937117190697485,-0.0004594767151673562
2008-01-15,1.9671,0.004493693509676877,0.004483627014892839
2008-01-16,1.9638,-0.0016775964617965489,-0.0016790052024935938
2008-01-17,1.9744,0.005397698339953072,0.00538318297587877
2008-01-18,1.9529,-0.010889384116693601,-0.010949107422331931
2008-01-21,1.9529,0.0,0.0
2008-01-22,1.9577,0.002457883148138551,0.0024548674937601898
2008-01-23,1.9515,-0.0031669816621545666,-0.003172007161827312
2008-01-24,1.9733,0.011170894183961,0.01110896055471046
2008-01-25,1.9802,0.003496680687173681,0.00349058151303402
2008-01-28,1.9857,0.002777497222502756,0.0027736471045725014
2008-01-29,1.9857,0.0,0.0
2008-01-30,1.988,0.0011582817142570256,0.001157611423532632
2008-01-31,1.9895,0.0007545271629778583,0.0007542426504639742
2008-02-01,1.9687,-0.010454888162855114,-0.010509924440941917
2008-02-04,1.9777,0.004571544674150552,0.004561126901937838
2008-02-05,1.9626,-0.007635131718663146,-0.007664428555586105
2008-02-06,1.9604,-0.0011209619891979772,-0.0011215907370007673
2008-02-07,1.942,-0.009385839624566406,-0.009430164184122203
2008-02-08,1.9473,0.0027291452111226633,0.002725427856262471
2008-02-11,1.9486,0.0006675910234683613,0.0006673682837082501
2008-02-12,1.9622,0.0069793698039617436,0.006955126738049498
2008-02-13,1.9618,-0.0002038528182651822,-0.00020387359907513862
2008-02-14,1.9708,0.004587623610969649,0.004577132539592882
2008-02-15,1.9613,-0.004820377511670415,-0.004832033002342778
2008-02-18,1.9613,0.0,0.0
2008-02-19,1.9511,-0.00520063223372258,-0.0052142025916123045
2008-02-20,1.9405,-0.005432832761006701,-0.005447644266892106
2008-02-21,1.9614,0.010770419994846847,0.010712832149259093
2008-02-22,1.9668,0.002753135515448202,0.0027493525795644303
2008-02-25,1.9668,0.0,0.0
2008-02-26,1.9747,0.00401667683546858,0.004008631525479396
2008-02-27,1.9923,0.00891274623993521,0.008873262151513805
2008-02-28,1.9879,-0.0022085027355317477,-0.0022109450743019944
2008-02-29,1.9864,-0.0007545651189697633,-0.0007548499465187817
2008-03-03,1.985,-0.0007047925896093155,-0.0007050410726660374
2008-03-04,1.9854,0.00020151133501267182,0.0002014910343307684
2008-03-05,1.9939,0.004281253147980335,0.0042721146572322465
2008-03-06,2.0073,0.006720497517427981,0.006698015644027131
2008-03-07,2.0128,0.0027399990036367505,0.0027362520492404613
2008-03-10,2.0166,0.001887917329093769,0.0018861374529935608
2008-03-11,2.0041,-0.006198552018248371,-0.00621784279973214
2008-03-12,2.0211,0.00848261064817124,0.008446835475341174
2008-03-13,2.0311,0.004947800702587601,0.00493560056271605
2008-03-14,2.0294,-0.0008369848850376949,-0.0008373353524575203
2008-03-17,2.0008,-0.014092835320784425,-0.01419308228157317
2008-03-18,2.0216,0.010395841663334737,0.010342176510575243
2008-03-19,1.9858,-0.017708745548080662,-0.01786742147449067
2008-03-20,1.9823,-0.001762513848323155,-0.0017640689033285336
2008-03-21,1.9826,0.0001513393532763807,0.00015132790263172984
2008-03-24,1.9852,0.0013114092605670535,0.001310550114488756
2008-03-25,1.9997,0.007304049969776294,0.007277504577671445
2008-03-26,2.0019,0.001100165024753741,0.001099560286713349
2008-03-27,2.0097,0.003896298516409491,0.0038887276046610983
2008-03-28,1.989,-0.01030004478280333,-0.010353457328359301
2008-03-31,1.9855,-0.0017596782302664593,-0.0017612282826660382
2008-04-01,1.9774,-0.0040795769327625075,-0.004087921108273554
2008-04-02,1.9827,0.002680287245878432,0.0026767016814842485
2008-04-03,1.9961,0.006758460684924694,0.006735724672320235
2008-04-04,1.9947,-0.0007013676669506141,-0.0007016137403180658
2008-04-07,1.9855,-0.004612222389331677,-0.00462289150521275
2008-04-08,1.969,-0.008310249307479256,-0.008344971932180647
2008-04-09,1.9726,0.0018283392585067837,0.0018266698807675348
2008-04-10,1.9742,0.0008111122376559532,0.0008107834638945182
2008-04-11,1.9707,-0.0017728700233006212,-0.001774443417250691
2008-04-14,1.9816,0.005531029583396796,0.005515789608612884
2008-04-15,1.9627,-0.009537747274929398,-0.009583522883116527
2008-04-16,1.9756,0.006572578590716915,0.006551073374436495
2008-04-17,1.9908,0.007693865154889679,0.0076644183179293696
2008-04-18,1.9965,0.002863170584689545,0.0028590795188768703
2008-04-21,1.9813,-0.007613323315802556,-0.00764245260306269
2008-04-22,1.9994,0.009135416140917618,0.00909394063286715
2008-04-23,1.9786,-0.01040312093628093,-0.010457611643958184
2008-04-24,1.9716,-0.0035378550490244853,-0.0035441280578994137
2008-04-25,1.9833,0.005934266585514436,0.0059167281764195565
2008-04-28,1.9908,0.003781576160943878,0.0037744439767569827
2008-04-29,1.9747,-0.008087201125175802,-0.008120079921135202
2008-04-30,1.9847,0.005064060363599632,0.005051281134949102
2008-05-01,1.9749,-0.004937773970877135,-0.004950005056272127
2008-05-02,1.9756,0.0003544483264974474,0.0003543855245289658
2008-05-05,1.9679,-0.0038975501113586164,-0.003905165353425794
2008-05-06,1.9747,0.003455460135169508,0.003449503750219926
2008-05-07,1.9522,-0.011394135818098894,-0.011459546322399126
2008-05-08,1.9543,0.0010757094559983305,0.0010751312951663712
2008-05-09,1.9486,-0.002916645346159652,-0.0029209070447901633
2008-05-12,1.9616,0.006671456430257461,0.00664930075065124
2008-05-13,1.947,-0.007442903752039154,-0.007470740369692579
2008-05-14,1.9451,-0.0009758602978942044,-0.0009763367595532724
2008-05-15,1.9488,0.0019022158243793275,0.001900408902931583
2008-05-16,1.958,0.004720853858784846,0.004709745574877758
2008-05-19,1.9472,-0.005515832482124616,-0.005531100857192965
2008-05-20,1.9705,0.01196589975349216,0.011894874401795617
2008-05-21,1.9669,-0.0018269474752600212,-0.001828618379211342
2008-05-22,1.9785,0.0058976053688544194,0.005880282569631887
2008-05-23,1.9818,0.001667930250189631,0.0016665407993200839
2008-05-26,1.9818,0.0,0.0
2008-05-27,1.9751,-0.0033807649611463653,-0.003386492659986846
2008-05-28,1.9806,0.0027846691306767646,0.0027807991223901094
2008-05-29,1.9759,-0.00237301827728964,-0.0023758383474305044
2008-05-30,1.9793,0.0017207348550027923,0.0017192560869176774
2008-06-02,1.9666,-0.006416409841863313,-0.006437083480633599
2008-06-03,1.965,-0.0008135869012507735,-0.0008139180426941266
2008-06-04,1.9548,-0.005190839694656502,-0.005204358907361867
2008-06-05,1.9563,0.0007673419275628923,0.0007670476712665018
2008-06-06,1.9695,0.006747431375556001,0.006724769343694386
2008-06-09,1.9758,0.003198781416603236,0.0031936761994130675
2008-06-10,1.9543,-0.010881668185038995,-0.010941306574342499
2008-06-11,1.9646,0.005270429309727209,0.005256589204738032
2008-06-12,1.9467,-0.009111269469612049,-0.009153030945536664
2008-06-13,1.9496,0.0014897005188265755,0.0014885920157638463
2008-06-16,1.9637,0.007232252769798997,0.007206225445188145
2008-06-17,1.9544,-0.004735957631002763,-0.004747207812653903
2008-06-18,1.957,0.0013303315595580845,0.0013294474525456818
2008-06-19,1.9729,0.008124680633622816,0.008091853104847457
2008-06-20,1.9737,0.0004054944497946522,0.0004054122591380645
2008-06-23,1.9609,-0.006485281451081737,-0.006506402254590801
2008-06-24,1.9707,0.004997705135396879,0.004985258061065714
2008-06-25,1.9672,-0.001776018673567692,-0.0017775976645540653
2008-06-26,1.9873,0.010217568117120823,0.01016572163225604
2008-06-27,1.9938,0.0032707693855984488,0.0032654320543646863
2008-06-30,1.9906,-0.0016049754238138814,-0.0016062647766404792
2008-07-01,1.993,0.0012056666331761168,0.0012049404008317324
2008-07-02,1.9925,-0.0002508780732565219,-0.0002509095484247388
2008-07-03,1.9825,-0.005018820577164407,-0.0050314571553670955
2008-07-04,1.9825,0.0,0.0
2008-07-07,1.9697,-0.006456494325346784,-0.006477427637354092
2008-07-08,1.9685,-0.0006092298319541056,-0.0006094154878567494
2008-07-09,1.9812,0.006451612903225934,0.006430890330290553
2008-07-10,1.9777,-0.0017666060973148268,-0.001768168386103425
2008-07-11,1.9895,0.005966526773524716,0.005948797539003965
2008-07-14,1.9925,0.0015079165619502621,0.0015067807973867995
2008-07-15,2.0036,0.0055708908406524316,0.005555430819091616
2008-07-16,1.9995,-0.0020463166300658253,-0.0020484131965886276
2008-07-17,2.0038,0.0021505376344086446,0.002148228538289605
2008-07-18,1.9985,-0.0026449745483582143,-0.0026484786737844966
2008-07-21,1.9979,-0.0003002251688766222,-0.0003002702454749477
2008-07-22,1.9941,-0.001901997096951824,-0.0019038081902573954
2008-07-23,2.0021,0.004011834912993395,0.004003808962007946
2008-07-24,1.9832,-0.009440087907696904,-0.009484927956672978
2008-07-25,1.988,0.0024203307785397588,0.002417406495538622
2008-07-28,1.9943,0.0031690140845070935,0.0031640033426566204
2008-07-29,1.9805,-0.006919721205435492,-0.006943773497204579
2008-07-30,1.981,0.0002524614996213259,0.00025242963657961176
2008-07-31,1.9806,-0.00020191822311976804,-0.00020193861134873146
2008-08-01,1.9743,-0.0031808542865797707,-0.003185923957019145
2008-08-04,1.9606,-0.00693916831281971,-0.00696335630255734
2008-08-05,1.9532,-0.003774354789350176,-0.0037814956401205514
2008-08-06,1.9479,-0.0027134958017612787,-0.0027171840049545
2008-08-07,1.9439,-0.002053493505826842,-0.002055604814483645
2008-08-08,1.9193,-0.012654971963578343,-0.012735728156234725
2008-08-11,1.9144,-0.0025530141197310785,-0.0025562786176687724
2008-08-12,1.9005,-0.007260760551608847,-0.007287248164860121
2008-08-13,1.8682,-0.016995527492765006,-0.01714160899055504
2008-08-14,1.8715,0.0017664061663633657,0.001764847905735343
2008-08-15,1.8651,-0.0034197168047021,-0.0034255774010821098
2008-08-18,1.8673,0.0011795614176184355,0.0011788662816328286
2008-08-19,1.8655,-0.0009639586568842562,-0.0009644235638217375
2008-08-20,1.8603,-0.0027874564459929863,-0.00279134863727053
2008-08-21,1.8758,0.00833198946406477,0.008297470050895994
2008-08-22,1.8544,-0.011408465721292171,-0.011474041489350778
2008-08-25,1.8587,0.0023188093183779124,0.0023161250288199924
2008-08-26,1.8387,-0.010760208748049727,-0.010818518454511513
2008-08-27,1.8318,-0.0037526513297437836,-0.0037597101909085376
2008-08-28,1.8264,-0.0029479200786112214,-0.002952273753301409
2008-08-29,1.819,-0.00405168637757336,-0.00405991669746351
2008-09-01,1.819,0.0,0.0
2008-09-02,1.7853,-0.01852666300164918,-0.0187004311992061
2008-09-03,1.7795,-0.0032487537108609743,-0.0032540423686687617
2008-09-04,1.7689,-0.0059567294183759945,-0.0059745415007855665
2008-09-05,1.7687,-0.00011306461642823784,-0.00011307100871381396
2008-09-08,1.7543,-0.008141572906654626,-0.008174896505608951
2008-09-09,1.7672,0.007353360314655388,0.007326456170768337
2008-09-10,1.7547,-0.00707333635129026,-0.007098470988817711
2008-09-11,1.7497,-0.0028494899413004093,-0.002853557466515594
2008-09-12,1.7896,0.022803909241584375,0.022547786525345854
2008-09-15,1.7877,-0.001061689763075524,-0.0010622537548769196
2008-09-16,1.7802,-0.004195334787716054,-0.004204159896211781
2008-09-17,1.7895,0.005224132119986624,0.005210533681249478
2008-09-18,1.8186,0.016261525565800516,0.016130723085731987
2008-09-19,1.8297,0.006103596172880366,0.00608504467870799
2008-09-22,1.8484,0.010220254686560626,0.010168381025590973
2008-09-23,1.8558,0.004003462454014173,0.003995469922967507
2008-09-24,1.8502,-0.0030175665481193548,-0.003022128581860655
2008-09-25,1.8406,-0.005188628256404759,-0.005202135932461758
2008-09-26,1.84,-0.0003259806584808844,-0.0003260338017251632
2008-09-29,1.8044,-0.01934782608695651,-0.01953744506879043
2008-09-30,1.7804,-0.013300820217246767,-0.013390068392541643
2008-10-01,1.7804,0.0,0.0
2008-10-02,1.7655,-0.00836890586385075,-0.008404121773258088
2008-10-03,1.774,0.004814500141602895,0.00480294750108365
2008-10-06,1.738,-0.020293122886133053,-0.02050185704418747
2008-10-07,1.7592,0.012197928653624901,0.012124133415214124
2008-10-08,1.731,-0.016030013642564844,-0.01615988406434222
2008-10-09,1.7225,-0.004910456383593442,-0.0049225522883957614
2008-10-10,1.7037,-0.010914368650217665,-0.010974367336317046
2008-10-13,1.7037,0.0,0.0
2008-10-14,1.7482,0.026119621999178166,0.025784330594890922
2008-10-15,1.7432,-0.002860084658505846,-0.0028641825159773948
2008-10-16,1.7243,-0.010842129417163893,-0.010901333624324251
2008-10-17,1.7307,0.0037116511047960987,0.0037047799248674544
2008-10-20,1.7134,-0.009995955393771183,-0.010046250401009725
2008-10-21,1.6837,-0.01733395587720321,-0.017485947866189545
2008-10-22,1.6174,-0.03937756132327619,-0.04017383100203233
2008-10-23,1.6181,0.00043279337207868807,0.0004326997440406526
2008-10-24,1.5631,-0.03399048266485394,-0.03458159250433698
2008-10-27,1.5472,-0.01017209391593632,-0.010224183202395657
2008-10-28,1.5591,0.007691313340227435,0.007661885983475912
2008-10-29,1.6298,0.045346674363414774,0.044348576203613536
2008-10-30,1.627,-0.0017180022088599811,-0.0017194796670816175
2008-10-31,1.6165,-0.006453595574677284,-0.006474510053549989
2008-11-03,1.5855,-0.01917723476647082,-0.019363503187085806
2008-11-04,1.6095,0.015137180700094621,0.015023756760460851
2008-11-05,1.6156,0.003789996893445169,0.0037828329503949475
2008-11-06,1.5814,-0.02116860609061655,-0.021395874052431197
2008-11-07,1.5788,-0.0016441128114328407,-0.0016454658481345507
2008-11-10,1.5639,-0.009437547504433708,-0.009482363346522077
2008-11-11,1.5639,0.0,0.0
2008-11-12,1.5012,-0.04009207749856125,-0.040917913181304125
2008-11-13,1.4799,-0.014188649080735471,-0.01429027035306357
2008-11-14,1.486,0.004121900128386979,0.004113428369902143
2008-11-17,1.503,0.01144010767160153,0.011375164475269931
2008-11-18,1.5042,0.0007984031936127955,0.000798084639328239
2008-11-19,1.5095,0.003523467623986143,0.0035172747545907557
2008-11-20,1.4789,-0.020271613116926157,-0.02047990197417012
2008-11-21,1.4816,0.0018256812495773822,0.0018240167191915368
2008-11-24,1.5177,0.02436555075593949,0.024073446074085132
2008-11-25,1.5349,0.011332937998286718,0.011269201353362108
2008-11-26,1.5218,-0.008534757964688167,-0.00857138757693991
2008-11-27,1.5218,0.0,0.0
2008-11-28,1.5348,0.008542515442239385,0.008506234630374875
2008-12-01,1.484,-0.033098775084701604,-0.033658934645471573
2008-12-02,1.4949,0.007345013477088935,0.0073181702281428
2008-12-03,1.4783,-0.01110442170044812,-0.011166536048424294
2008-12-04,1.4791,0.0005411621457080962,0.000541015770280302
2008-12-05,1.4606,-0.012507605976607494,-0.012586484491315034
2008-12-08,1.4831,0.015404628234972018,0.01528718156190755
2008-12-09,1.4776,-0.0037084485199919692,-0.0037153418628867035
2008-12-10,1.483,0.003654574986464487,0.0036479132529018397
2008-12-11,1.4953,0.008293998651382362,0.008259792451865935
2008-12-12,1.4874,-0.005283220758376284,-0.00529722632059822
2008-12-15,1.5278,0.027161489848056997,0.026799162838059488
2008-12-16,1.532,0.0027490509228955684,0.0027452791932771853
2008-12-17,1.5457,0.008942558746736218,0.0089028108577362
2008-12-18,1.5103,-0.02290224493756876,-0.023168575585976996
2008-12-19,1.4854,-0.01648679070383363,-0.0166242103370998
2008-12-22,1.4805,-0.0032987747408106394,-0.0033042276935501837
2008-12-23,1.4761,-0.002971968929415758,-0.0029763939986948997
2008-12-24,1.4673,-0.005961655714382452,-0.005979497329529847
2008-12-25,1.4673,0.0,0.0
2008-12-26,1.47,0.0018401144960129567,0.0018384235593606611
2008-12-29,1.4591,-0.007414965986394462,-0.007442593502805163
2008-12-30,1.4395,-0.013432938112535209,-0.013523976217746248
2008-12-31,1.4619,0.01556095866620355,0.015441128465339635
2009-01-01,1.4619,0.0,0.0
2009-01-02,1.452,-0.006772009029345383,-0.0067950431328288015
2009-01-05,1.4602,0.005647382920110244,0.00563149623724403
2009-01-06,1.4777,0.011984659635666306,0.011913412287602813
2009-01-07,1.5254,0.03227989443053403,0.03176984582055006
2009-01-08,1.519,-0.004195620820768409,-0.004204447134365434
2009-01-09,1.5239,0.003225806451613078,0.0032206147000423783
2009-01-12,1.4827,-0.027035894743749678,-0.027408088271834746
2009-01-13,1.4528,-0.02016591353611641,-0.02037202117695142
2009-01-14,1.4617,0.006126101321585864,0.006107413048218151
2009-01-15,1.4602,-0.001026202367106821,-0.001026729273261688
2009-01-16,1.4737,0.009245308861799861,0.009202832597231982
2009-01-19,1.4737,0.0,0.0
2009-01-20,1.4023,-0.04844948089841883,-0.04966249948661202
2009-01-21,1.3728,-0.02103686800256732,-0.021261295998907387
2009-01-22,1.384,0.008158508158508049,0.008125407443916932
2009-01-23,1.3658,-0.013150289017341055,-0.013237519650626008
2009-01-26,1.396,0.022111582955044673,0.02187066679532891
2009-01-27,1.4148,0.013467048710601892,0.013377174009007942
2009-01-28,1.4317,0.01194515125812834,0.011874371034956272
2009-01-29,1.4262,-0.0038415869246350987,-0.0038489847720786534
2009-01-30,1.4413,0.010587575375122782,0.010531919494853907
2009-02-02,1.4228,-0.01283563449663494,-0.012918723014756894
2009-02-03,1.4394,0.01166713522631424,0.011599598999403687
2009-02-04,1.4472,0.005418924551896742,0.005404295007381606
2009-02-05,1.4633,0.011124930901050378,0.011063504017295509
2009-02-06,1.4775,0.009704093487323151,0.009657311181872427
2009-02-09,1.4936,0.010896785109983043,0.010837842947259558
2009-02-10,1.4604,-0.022228173540439267,-0.02247894244603112
2009-02-11,1.4367,-0.016228430566967877,-0.01636155376480835
2009-02-12,1.4248,-0.008282870467042569,-0.008317364041221516
2009-02-13,1.4422,0.012212240314430023,0.012138272507207183
2009-02-16,1.4422,0.0,0.0
2009-02-17,1.4224,-0.013729025100540748,-0.013824139723018923
2009-02-18,1.4235,0.0007733408323957747,0.0007730419584519396
2009-02-19,1.4307,0.005057955742887366,0.005045207254196222
2009-02-20,1.4333,0.0018172922345705,0.0018156429568816344
2009-02-23,1.4553,0.01534919416730629,0.015232586990110639
2009-02-24,1.4408,-0.00996358139215281,-0.01001355005753421
2009-02-25,1.4265,-0.009925041643531363,-0.009974623208191626
2009-02-26,1.4342,0.0053978268489307535,0.005383310794919615
2009-02-27,1.4276,-0.004601868637567952,-0.004612489832469186
2009-03-02,1.3989,-0.020103670495937198,-0.020308499133620376
2009-03-03,1.4034,0.0032168132103795877,0.003211650335803479
2009-03-04,1.4142,0.007695596408721528,0.007666136351951941
2009-03-05,1.4124,-0.0012728044123885285,-0.001273615115908986
2009-03-06,1.411,-0.0009912206173888771,-0.0009917122014173752
2009-03-09,1.3757,-0.025017717930545746,-0.02533598038586414
2009-03-10,1.384,0.006033292142182178,0.006015164710664994
2009-03-11,1.378,-0.00433526011560692,-0.00434468460401098
2009-03-12,1.3811,0.002249637155297579,0.002247110510279134
2009-03-13,1.3972,0.011657374556512945,0.011589950848793959
2009-03-16,1.4091,0.008517034068136198,0.008480968768382125
2009-03-17,1.4018,-0.005180611737988894,-0.00519407763483483
2009-03-18,1.3974,-0.003138821515194734,-0.003143757947874055
2009-03-19,1.4584,0.0436524974953485,0.04272657724610296
2009-03-20,1.4435,-0.01021667580910579,-0.010269224261463417
2009-03-23,1.4496,0.004225839972289647,0.0042169361857251715
2009-03-24,1.473,0.01614238410596025,0.01601348117391537
2009-03-25,1.4585,-0.00984385607603544,-0.0098926271548543
2009-03-26,1.4497,-0.006033596160438748,-0.006051871850924268
2009-03-27,1.4325,-0.011864523694557372,-0.011935468867957027
2009-03-30,1.4148,-0.012356020942408397,-0.012432991257569095
2009-03-31,1.43,0.010743567995476377,0.010686265922627397
2009-04-01,1.4402,0.007132867132867204,0.0071075485608135406
2009-04-02,1.47,0.020691570615192445,0.020480407958015662
2009-04-03,1.4801,0.006870748299319773,0.0068472522703611
2009-04-06,1.4712,-0.006013107222484937,-0.006031258753031675
2009-04-07,1.4744,0.002175095160413143,0.0021727330655020665
2009-04-08,1.4692,-0.0035268583830709854,-0.0035330924101011863
2009-04-09,1.4623,-0.004696433433160951,-0.004707496327678886
2009-04-10,1.4635,0.0008206250427409412,0.0008202885141071858
2009-04-13,1.4831,0.013392552101127553,0.013303664615976426
2009-04-14,1.4907,0.005124401591261485,0.005111316528467674
2009-04-15,1.499,0.0055678540283090605,0.005552410826213331
2009-04-16,1.4909,-0.005403602401601204,-0.005418254668244405
2009-04-17,1.4778,-0.00878663894292031,-0.008825469079806133
2009-04-20,1.4532,-0.016646366220056774,-0.016786474007500284
2009-04-21,1.4688,0.01073492981007429,0.01067771951917911
2009-04-22,1.4496,-0.013071895424836666,-0.013158084577511199
2009-04-23,1.4635,0.00958885209713034,0.009543170843225753
2009-04-24,1.4697,0.004236419542193337,0.004227471180698237
2009-04-27,1.4678,-0.001292780839627139,-0.0012936172016763897
2009-04-28,1.4607,-0.004837171276740659,-0.004848908254197473
2009-04-29,1.4802,0.013349763811870918,0.013261440906601002
2009-04-30,1.4799,-0.00020267531414674966,-0.0002026958555637709
2009-05-01,1.4881,0.005540914926684293,0.005525620528202371
2009-05-04,1.4985,0.006988777635911436,0.006964469320713201
2009-05-05,1.5099,0.007607607607607703,0.007578815693706195
2009-05-06,1.5063,-0.0023842638585337417,-0.0023871107416545603
2009-05-07,1.5019,-0.002921064860917477,-0.002925339497234434
2009-05-08,1.509,0.004727345362540714,0.004716206556313762
2009-05-11,1.5145,0.0036447978793903157,0.003638171699443085
2009-05-12,1.524,0.0062726972598217134,0.006253105779299582
2009-05-13,1.5165,-0.004921259842519676,-0.004933409117955777
2009-05-14,1.5195,0.001978239366963397,0.001976285228211959
2009-05-15,1.5222,0.0017769002961500746,0.0017753234764434536
2009-05-18,1.5309,0.005715411903823409,0.005699140904744265
2009-05-19,1.5501,0.01254164217127185,0.012463647223213206
2009-05-20,1.567,0.010902522417908456,0.010843518394772144
2009-05-21,1.5763,0.005934907466496497,0.005917365276475889
2009-05-22,1.5892,0.008183721372835073,0.00815041630794712
2009-05-25,1.5892,0.0,0.0
2009-05-26,1.5938,0.002894538132393709,0.0028903570232039354
2009-05-27,1.6068,0.00815660685154973,0.008123521521479347
2009-05-28,1.5956,-0.006970375902414783,-0.006994782453875619
2009-05-29,1.616,0.01278515918776657,0.01270411904978934
2009-06-01,1.6448,0.017821782178217838,0.0176648361798053
2009-06-02,1.6515,0.004073443579766467,0.004065169569998304
2009-06-03,1.6405,-0.006660611565243668,-0.006682892429687972
2009-06-04,1.6173,-0.014142029868942418,-0.014242981275423608
2009-06-05,1.6017,-0.009645705805972904,-0.009692526951482492
2009-06-08,1.5976,-0.002559780233501896,-0.002563062072644764
2009-06-09,1.6267,0.018214822233350025,0.018050919670802267
2009-06-10,1.6334,0.004118768058031463,0.00411030915176745
2009-06-11,1.6547,0.0130402840700381,0.012955991573623385
2009-06-12,1.6523,-0.0014504139723212628,-0.0014514668408534483
2009-06-15,1.6268,-0.015433032742238173,-0.015553361623875715
2009-06-16,1.6446,0.010941726088025572,0.01088229850372564
2009-06-17,1.6293,-0.009303174024078875,-0.009346718827885897
2009-06-18,1.6369,0.004664579880930386,0.004653734441399559
2009-06-19,1.6537,0.010263302584152978,0.010210992505841785
2009-06-22,1.6343,-0.011731269274959044,-0.011800623557138288
2009-06-23,1.6344,6.118827632617396e-05,6.118640439995365e-05
2009-06-24,1.6486,0.008688203622124302,0.008650678375714817
2009-06-25,1.6336,-0.009098629139876357,-0.009140274468726133
2009-06-26,1.6498,0.009916748285994093,0.009867900016230183
2009-06-29,1.6533,0.002121469269002363,0.0021192221306680866
2009-06-30,1.6452,-0.004899292324441973,-0.0049113332010302805
2009-07-01,1.6524,0.004376367614879806,0.004366819166340611
2009-07-02,1.6398,-0.007625272331154731,-0.00765449336053219
2009-07-03,1.6336,-0.003780948896206837,-0.0037881147516762026
2009-07-06,1.623,-0.0064887365328109015,-0.006509879895809828
2009-07-07,1.6158,-0.0044362292051756125,-0.004446098468982999
2009-07-08,1.6027,-0.008107439039484965,-0.008140483046078412
2009-07-09,1.6301,0.017096150246459052,0.016951655612714348
2009-07-10,1.6185,-0.0071161278449175525,-0.007141568245945108
2009-07-13,1.6179,-0.0003707136237257602,-0.0003707823550081082
2009-07-14,1.6294,0.007107979479572313,0.007082836865250406
2009-07-15,1.6439,0.008898981220081037,0.008859618638923348
2009-07-16,1.6417,-0.0013382809173306809,-0.0013391772149921428
2009-07-17,1.633,-0.00529938478406522,-0.0053134763300073315
2009-07-20,1.6494,0.01004286589099812,0.009992771428789876
2009-07-21,1.6419,-0.00454710803928704,-0.004557477581272895
2009-07-22,1.6439,0.0012181009805711795,0.0012173596974824512
2009-07-23,1.6562,0.0074822069468944985,0.007454354084134905
2009-07-24,1.6432,-0.007849293563579218,-0.007880261425305863
2009-07-27,1.6486,0.0032862706913341366,0.003280882704833513
2009-07-28,1.6477,-0.0005459177483926325,-0.0005460668157414474
2009-07-29,1.6379,-0.005947684651332219,-0.0059654425750519675
2009-07-30,1.6483,0.006349593992307279,0.006329520248976495
2009-07-31,1.6713,0.013953770551477174,0.013857312957569104
2009-08-03,1.6956,0.01453957996768973,0.014434893783602484
2009-08-04,1.6932,-0.0014154281670204494,-0.001416430831713362
2009-08-05,1.6977,0.002657689581856859,0.00265416416981923
2009-08-06,1.6774,-0.0119573540672675,-0.012029418266276721
2009-08-07,1.6669,-0.006259687611780085,-0.006279361601268783
2009-08-10,1.6487,-0.01091847141400204,-0.010978515381909425
2009-08-11,1.6501,0.0008491538788135689,0.0008487935516263414
2009-08-12,1.6538,0.0022422883461608034,0.002239778169307024
2009-08-13,1.658,0.0025396057564397445,0.00253638640717399
2009-08-14,1.6529,-0.0030759951749094183,-0.003080735771932501
2009-08-17,1.6323,-0.0124629439167524,-0.01254125776331835
2009-08-18,1.6418,0.005820008576854718,0.005803137754176413
2009-08-19,1.6555,0.008344499939091365,0.0083098770731353
2009-08-20,1.6494,-0.0036846874056176704,-0.0036914925880459663
2009-08-21,1.6503,0.0005456529647145381,0.000545504150267156
2009-08-24,1.6417,-0.005211173725989338,-0.005224799249049691
2009-08-25,1.643,0.0007918620941707033,0.0007915487367955845
2009-08-26,1.6235,-0.01186853317102865,-0.011939526494367482
2009-08-27,1.6212,-0.0014166923313827517,-0.0014176967887470973
2009-08-28,1.6331,0.0073402417962002975,0.007313433328544059
2009-08-31,1.6314,-0.0010409650358215172,-0.0010415072162176333
2009-09-01,1.6168,-0.008949368640431499,-0.008989654777068742
2009-09-02,1.6269,0.006246907471548768,0.006227476425713434
2009-09-03,1.6354,0.0052246603970742544,0.005211059212752291
2009-09-04,1.6378,0.00146753087929552,0.001466455108210922
2009-09-07,1.6378,0.0,0.0
2009-09-08,1.6512,0.008181707168152474,0.008148418451155798
2009-09-09,1.6557,0.002725290697674465,0.0027215838263217394
2009-09-10,1.6649,0.005556562179138691,0.005541181437241183
2009-09-11,1.6695,0.002762928704426626,0.0027591188329026315
2009-09-14,1.6588,-0.006409104522312026,-0.006429731011482927
2009-09-15,1.6436,-0.009163250542560952,-0.00920549136297162
2009-09-16,1.6501,0.00395473351180331,0.003946934109504528
2009-09-17,1.6522,0.0012726501424156211,0.0012718410096456596
2009-09-18,1.6266,-0.015494492192228426,-0.015615786395729952
2009-09-21,1.6228,-0.0023361613180867824,-0.0023388944003826496
2009-09-22,1.638,0.00936652699038687,0.00932293308072245
2009-09-23,1.6404,0.001465201465201682,0.0014641291048896699
2009-09-24,1.6068,-0.02048280907095834,-0.020695491032777093
2009-09-25,1.5967,-0.006285785411998979,-0.006305624139471455
2009-09-28,1.591,-0.003569862842111915,-0.0035762500078688436
2009-09-29,1.5924,0.0008799497171589898,0.0008795627883752381
2009-09-30,1.6004,0.005023863350916757,0.00501128585691773
2009-10-01,1.595,-0.003374156460884792,-0.00337986176413503
2009-10-02,1.5878,-0.004514106583072053,-0.004524325927931881
2009-10-05,1.5926,0.003023050762060553,0.0030184905323312984
2009-10-06,1.5904,-0.0013813889237724863,-0.0013823439210349242
2009-10-07,1.5899,-0.00031438631790736693,-0.00031443574764610443
2009-10-08,1.609,0.012013334171960377,0.01194174683771968
2009-10-09,1.5896,-0.012057178371659427,-0.012130455754776129
2009-10-12,1.5896,0.0,0.0
2009-10-13,1.5896,0.0,0.0
2009-10-14,1.5974,0.004906894816306018,0.004894895245681506
2009-10-15,1.6249,0.01721547514711408,0.017068967925442036
2009-10-16,1.635,0.006215767124130744,0.006196528922623206
2009-10-19,1.64,0.003058103975535076,0.003053437486890248
2009-10-20,1.638,-0.0012195121951219523,-0.0012202564052293744
2009-10-21,1.661,0.014041514041514214,0.01394384520028031
2009-10-22,1.6595,-0.0009030704394943356,-0.0009034784532656254
2009-10-23,1.6351,-0.01470322386260925,-0.014812387619488587
2009-10-26,1.6351,0.0,0.0
2009-10-27,1.6334,-0.0010396917619717172,-0.0010402326163654095
2009-10-28,1.6375,0.002510101628504957,0.0025069565852316733
2009-10-29,1.6559,0.011236641221374022,0.011173979139031552
2009-10-30,1.6479,-0.0048312096141071015,-0.004842917631754119
2009-11-02,1.641,-0.004187147278354231,-0.004195937926593475
2009-11-03,1.6383,-0.001645338208409508,-0.0016466932638731949
2009-11-04,1.6571,0.011475309772325026,0.01140996780953047
2009-11-05,1.6565,-0.00036207832961188124,-0.0003621438957974761
2009-11-06,1.6586,0.001267733172351404,0.0012669302771528765
2009-11-09,1.6721,0.008139394670203748,0.008106448451519966
2009-11-10,1.6681,-0.00239220142335983,-0.002395067308613612
2009-11-11,1.6681,0.0,0.0
2009-11-12,1.6543,-0.008272885318625911,-0.00830729554703937
2009-11-13,1.6657,0.0068911322009308495,0.006867496870091737
2009-11-16,1.6795,0.008284805187008581,0.008250674569285453
2009-11-17,1.6768,-0.00160762131586778,-0.001608914925624372
2009-11-18,1.6756,-0.0007156488549618922,-0.0007159050538432795
2009-11-19,1.6658,-0.005848651229410362,-0.005865821571639693
2009-11-20,1.6529,-0.00774402689398479,-0.007774167577932361
2009-11-23,1.6599,0.0042349809425856755,0.004226038648866003
2009-11-24,1.6577,-0.001325381047051044,-0.0013262601413534553
2009-11-25,1.6671,0.005670507329432306,0.0056544905231649
2009-11-26,1.6671,0.0,0.0
2009-11-27,1.6494,-0.010617239517725419,-0.010674004554730257
2009-11-30,1.6409,-0.005153389111191897,-0.005166713618150307
2009-12-01,1.6626,0.013224449996952936,0.013137770315883104
2009-12-02,1.6641,0.0009022013713460009,0.0009017946323107312
2009-12-03,1.6578,-0.0037858301784747805,-0.0037930145718726217
2009-12-04,1.6515,-0.003800217155266017,-0.00380745632658151
2009-12-07,1.6429,-0.0052073872237359264,-0.005220992918553139
2009-12-08,1.6302,-0.007730233124353281,-0.00776026625193408
2009-12-09,1.6242,-0.003680529996319515,-0.003687319812046602
2009-12-10,1.6257,0.0009235315847802017,0.0009231053918677175
2009-12-11,1.6236,-0.001291751245617312,-0.0012925862754355891
2009-12-14,1.6285,0.003017984725301792,0.0030134397515455096
2009-12-15,1.6234,-0.0031317163033467432,-0.003136630389212965
2009-12-16,1.6369,0.008315880251324348,0.008281493823233562
2009-12-17,1.6135,-0.014295314313641727,-0.01439847665829249
2009-12-18,1.6083,-0.003222807561202301,-0.00322801199041472
2009-12-21,1.6083,0.0,0.0
2009-12-22,1.5956,-0.00789653671578694,-0.007927879470350264
2009-12-23,1.5955,-6.267234895962481e-05,-6.267431295334603e-05
2009-12-24,1.5941,-0.0008774678784079226,-0.0008778530786971465
2009-12-25,1.5941,0.0,0.0
2009-12-28,1.6001,0.0037638793049370456,0.003756813635228119
2009-12-29,1.5892,-0.006812074245359789,-0.00683538233438523
2009-12-30,1.605,0.00994210923735217,0.009893011623672406
2009-12-31,1.6167,0.007289719626168312,0.007263278043444549
2010-01-01,1.6167,0.0,0.0
2010-01-04,1.6109,-0.0035875548957753356,-0.0035940056036407914
2010-01-05,1.6009,-0.006207709975789899,-0.006227057919871108
2010-01-06,1.6016,0.00043725404459982187,0.00043715847690728763
2010-01-07,1.5912,-0.00649350649350644,-0.006514681021193642
2010-01-08,1.5993,0.005090497737556543,0.00507758495706257
2010-01-11,1.6146,0.009566685424873489,0.0095212144640902
2010-01-12,1.6181,0.0021677195590239506,0.0021653734448472952
2010-01-13,1.6288,0.006612693900253319,0.006590925950441164
2010-01-14,1.632,0.0019646365422396617,0.001962709167848689
2010-01-15,1.624,-0.004901960784313597,-0.004914014802428929
2010-01-18,1.624,0.0,0.0
2010-01-19,1.637,0.008004926108374333,0.007973056649511591
2010-01-20,1.6287,-0.005070250458155123,-0.00508314779161977
2010-01-21,1.6214,-0.004482102290170098,-0.004492177025908345
2010-01-22,1.612,-0.005797458986061321,-0.005814329487033065
2010-01-25,1.6236,0.007196029776674884,0.007170261898169011
2010-01-26,1.6109,-0.007822123675782167,-0.007852876960822718
2010-01-27,1.6204,0.005897324477000421,0.0058800033246155774
2010-01-28,1.6242,0.002345099975314735,0.0023423545197750056
2010-01-29,1.6009,-0.014345523950252459,-0.014449415764261767
2010-02-01,1.5924,-0.005309513398713217,-0.005323658957886618
2010-02-02,1.5968,0.0027631248430042277,0.0027593144310373505
2010-02-03,1.5915,-0.0033191382765531685,-0.003324658835052074
2010-02-04,1.5763,-0.009550738297203876,-0.009596639089650787
2010-02-05,1.5619,-0.009135316881304312,-0.009177299768819943
2010-02-08,1.565,0.0019847621486650535,0.0019827951105767993
2010-02-09,1.5679,0.0018530351437699988,0.001851320392151195
2010-02-10,1.5606,-0.004655909177881279,-0.004666781683743932
2010-02-11,1.5674,0.00435729847494537,0.004347832936103201
2010-02-12,1.5669,-0.0003189996172003884,-0.00031905050840141225
2010-02-15,1.5669,0.0,0.0
2010-02-16,1.5732,0.004020677771395809,0.004012616447291786
2010-02-17,1.5704,-0.0017798118484616543,-0.0017813975954030794
2010-02-18,1.5582,-0.0077687213448802694,-0.007799055065493532
2010-02-19,1.5437,-0.009305609036067253,-0.009349176708962145
2010-02-22,1.5477,0.0025911770421713776,0.002587825730918275
2010-02-23,1.5464,-0.0008399560638366887,-0.0008403090245928025
2010-02-24,1.5432,-0.0020693222969477842,-0.0020714663026018534
2010-02-25,1.5201,-0.01496889580093308,-0.015082060441545505
2010-02-26,1.5239,0.0024998355371357306,0.002496716145841304
2010-03-01,1.4974,-0.017389592492945694,-0.017542567499230183
2010-03-02,1.494,-0.002270602377454245,-0.0022731841038222136
2010-03-03,1.5124,0.012315930388219432,0.012240706324015062
2010-03-04,1.5031,-0.006149166887066793,-0.006168150877597206
2010-03-05,1.5115,0.005588450535559897,0.005572893080332334
2010-03-08,1.506,-0.0036387694343368304,-0.003645405859673935
2010-03-09,1.5003,-0.003784860557768943,-0.003792041266871205
2010-03-10,1.4977,-0.0017329867359860973,-0.0017344900946177574
2010-03-11,1.5052,0.005007678440275054,0.004995181720932252
2010-03-12,1.5188,0.009035344140313484,0.008994769638364975
2010-03-15,1.5043,-0.009547010797998357,-0.009592875653869116
2010-03-16,1.5192,0.009904939174366856,0.009856206794298083
2010-03-17,1.5296,0.006845708267509298,0.006822382799060799
2010-03-18,1.5247,-0.0032034518828453207,-0.00320859391927561
2010-03-19,1.5014,-0.015281694759624709,-0.015399663238959234
2010-03-22,1.5071,0.0037964566404689037,0.003789268286728669
2010-03-23,1.5067,-0.00026541039081695583,-0.0002654456183880461
2010-03-24,1.4914,-0.010154642596402641,-0.01020655269754822
2010-03-25,1.4884,-0.0020115327879844935,-0.002013558637227063
2010-03-26,1.4906,0.0014780972856758279,0.001477005975125953
2010-03-29,1.4969,0.004226485978800376,0.004217579473596516
2010-03-30,1.509,0.008083372302759129,0.008050876846658917
2010-03-31,1.5186,0.006361829025844923,0.006341678011284465
2010-04-01,1.529,0.0068484130119848,0.006825069149929008
2010-04-02,1.5197,-0.006082406801831142,-0.006100979989502715
2010-04-05,1.5284,0.005724814108047704,0.005708489633185484
2010-04-06,1.523,-0.003533106516618756,-0.0035393626775831444
2010-04-07,1.5246,0.0010505581089954585,0.0010500066590116454
2010-04-08,1.5272,0.0017053653417289372,0.0017039128573644161
2010-04-09,1.5371,0.006482451545311685,0.00646153081934861
2010-04-12,1.5368,-0.00019517272786417905,-0.00019519177653959163
2010-04-13,1.5416,0.003123373243102634,0.003118505645809825
2010-04-14,1.5484,0.004411001556823946,0.004401301603336271
2010-04-15,1.5465,-0.0012270731077240749,-0.0012278265783687045
2010-04-16,1.5395,-0.004526349822179032,-0.004536624760569161
2010-04-19,1.5263,-0.008574212406625592,-0.008611182443478815
2010-04-20,1.5375,0.007338006944899389,0.00731121475959658
2010-04-21,1.5397,0.0014308943089431647,0.0014298715552002413
2010-04-22,1.5368,-0.0018834837955447048,-0.0018852597815263265
2010-04-23,1.5363,-0.0003253513794898577,-0.00032540431773259057
2010-04-26,1.5466,0.006704419709692155,0.006682045038320801
2010-04-27,1.5285,-0.011703090650459047,-0.011772110844045853
2010-04-28,1.516,-0.008177952240758901,-0.008211575128572216
2010-04-29,1.5303,0.009432717678100166,0.009388507394673498
2010-04-30,1.5308,0.00032673332026389446,0.00032667995455652916
2010-05-03,1.5242,-0.004311471126208444,-0.004320792319530042
2010-05-04,1.5135,-0.00702007610549793,-0.007044832770243706
2010-05-05,1.5134,-6.607201850017397e-05,-6.607420135213914e-05
2010-05-06,1.4889,-0.0161887141535616,-0.01632118299891648
2010-05-07,1.4739,-0.010074551682450084,-0.010125643418792516
2010-05-10,1.498,0.016351177149060314,0.016218936234452537
2010-05-11,1.4952,-0.0018691588785045843,-0.00187090793581162
2010-05-12,1.4855,-0.006487426431246668,-0.0065085612386907585
2010-05-13,1.4659,-0.013194210703466935,-0.013282027606677018
2010-05-14,1.4557,-0.006958182686404246,-0.006982503725370237
2010-05-17,1.4388,-0.011609534931647958,-0.011677451749146238
2010-05-18,1.4439,0.0035446205170974743,0.003538353155704398
2010-05-19,1.4349,-0.006233118637024693,-0.006252625622812444
2010-05-20,1.4344,-0.0003484563384209549,-0.0003485170634379355
2010-05-21,1.4466,0.008505298382599058,0.008469332124257305
2010-05-24,1.4437,-0.0020047006774506215,-0.0020067127794115357
2010-05-25,1.4352,-0.005887649788737237,-0.005905050331237172
2010-05-26,1.4401,0.0034141583054625446,0.0034083432988051636
2010-05-27,1.4569,0.011665856537740549,0.011598335056613354
2010-05-28,1.4492,-0.0052851945912554266,-0.00529921063902804
2010-05-31,1.4492,0.0,0.0
2010-06-01,1.4673,0.012489649461772112,0.012412297192499129
2010-06-02,1.4641,-0.0021808764397193148,-0.002183258013984807
2010-06-03,1.4616,-0.001707533638412695,-0.001708993135639551
2010-06-04,1.4493,-0.008415435139573102,-0.008451044835326315
2010-06-07,1.4498,0.00034499413509969656,0.0003449346383067064
2010-06-08,1.4422,-0.005242102358946066,-0.005255890384118243
2010-06-09,1.4585,0.011302177229233212,0.011238784825117054
2010-06-10,1.4674,0.006102159753171188,0.006083616972117899
2010-06-11,1.4545,-0.008791059015946678,-0.008829928344637672
2010-06-14,1.477,0.015469233413544226,0.01535080459612353
2010-06-15,1.4827,0.0038591740013540488,0.0038517464926005563
2010-06-16,1.4838,0.000741889795643047,0.000741614731445081
2010-06-17,1.4806,-0.002156624882059588,-0.002158953746427559
2010-06-18,1.4787,-0.0012832635418074112,-0.001284087629556231
2010-06-21,1.4826,0.00263745181578412,0.0026339798431775957
2010-06-22,1.485,0.0016187778227438887,0.0016174690141806637
2010-06-23,1.4952,0.006868686868686913,0.00684520490455313
2010-06-24,1.4986,0.0022739432851790475,0.0022713617888570777
2010-06-25,1.4985,-6.672894701720278e-05,-6.673117349243524e-05
2010-06-28,1.5098,0.007540874207540904,0.0075125839488066
2010-06-29,1.5081,-0.001125976950589469,-0.0011266113388852072
2010-06-30,1.4947,-0.00888535243021027,-0.008925062574870484
2010-07-01,1.5126,0.011975647287081115,0.011904506630160398
2010-07-02,1.5179,0.0035039005685575386,0.003497776210884453
2010-07-05,1.5179,0.0,0.0
2010-07-06,1.518,6.588049278599684e-05,6.587832276163964e-05
2010-07-07,1.5179,-6.58761528327112e-05,-6.587832276176546e-05
2010-07-08,1.5157,-0.0014493708412939288,-0.0014504221952023168
2010-07-09,1.5095,-0.004090519232037959,-0.00409890829071769
2010-07-12,1.5016,-0.005233521033454758,-0.005247263874594401
2010-07-13,1.5175,0.010588705380927044,0.010533037661354296
2010-07-14,1.5284,0.007182866556836753,0.00715719263909141
2010-07-15,1.5376,0.006019366657943115,0.0060013226432833276
2010-07-16,1.5289,-0.005658168574401712,-0.005674236649460084
2010-07-19,1.5222,-0.00438223559421802,-0.0043918657332767735
2010-07-20,1.5255,0.002167914860071063,0.002165568323433255
2010-07-21,1.5201,-0.0035398230088495852,-0.003546103006750589
2010-07-22,1.5283,0.005394381948556015,0.005379884383816896
2010-07-23,1.5425,0.009291369495517898,0.009248470245752212
2010-07-26,1.549,0.004213938411669282,0.004205084637325667
2010-07-27,1.5538,0.0030987734021949986,0.003093982099451808
2010-07-28,1.5611,0.004698159351267828,0.004687157446300504
2010-07-29,1.5591,-0.0012811479085260702,-0.001281969280115108
2010-07-30,1.5714,0.00788916682701557,0.007858210059215333
2010-08-02,1.5897,0.011645666284841427,0.011578377425104761
2010-08-03,1.5941,0.002767817827263208,0.0027639944727750666
2010-08-04,1.5887,-0.0033874913744432744,-0.003393241913623123
2010-08-05,1.586,-0.0016995027380877215,-0.0017009485311845279
2010-08-06,1.5979,0.00750315258511991,0.007475143950549647
2010-08-09,1.5945,-0.002127792727955491,-0.0021300596952305694
2010-08-10,1.5776,-0.010598933835058055,-0.010655502601741383
2010-08-11,1.5688,-0.005578093306288001,-0.0055937089662344164
2010-08-12,1.5573,-0.007330443651198393,-0.007357443380843516
2010-08-13,1.558,0.0004494959224299322,0.00044939492940062817
2010-08-16,1.5679,0.006354300385109202,0.006334196935711269
2010-08-17,1.5586,-0.005931500733465156,-0.005949161956944206
2010-08-18,1.5619,0.0021172847427177732,0.002115046454216147
2010-08-19,1.5612,-0.0004481720980857862,-0.0004482725572169785
2010-08-20,1.5515,-0.006213169356904857,-0.006232551418024922
2010-08-23,1.5532,0.0010957138253302467,0.0010951139690772765
2010-08-24,1.5471,-0.003927375740406913,-0.003935108132489303
2010-08-25,1.546,-0.000711007691810428,-0.0007112605776556272
2010-08-26,1.5574,0.007373868046571808,0.007346813995518449
2010-08-27,1.5528,-0.0029536406831899287,-0.0029580112880852067
2010-08-30,1.5473,-0.0035419886656362642,-0.00354827635917355
2010-08-31,1.5358,-0.007432301428294319,-0.007460058599183638
2010-09-01,1.5472,0.007422841515822176,0.007395427802586508
2010-09-02,1.5393,-0.005105997931747708,-0.0051190780830011095
2010-09-03,1.5452,0.003832911063470501,0.0038255841760975275
2010-09-06,1.5452,0.0,0.0
2010-09-07,1.5315,-0.008866166192078584,-0.00890570451929619
2010-09-08,1.5513,0.012928501469147813,0.012845641797455468
2010-09-09,1.5448,-0.004190034164893941,-0.004198836955980781
2010-09-10,1.5387,-0.003948731227343294,-0.003956548050972178
2010-09-13,1.5466,0.0051342041983493125,0.005121069111602673
2010-09-14,1.5559,0.006013190223716602,0.005995183145982047
2010-09-15,1.5641,0.00527026158493471,0.00525642235927874
2010-09-16,1.5612,-0.0018541014001662859,-0.0018558223737360072
2010-09-17,1.5635,0.0014732257238021518,0.0014721415914360227
2010-09-20,1.5564,-0.004541093700031862,-0.004551435787497349
2010-09-21,1.5551,-0.0008352608583912513,-0.0008356098831066877
2010-09-22,1.5649,0.006301845540479745,0.006282071941834374
2010-09-23,1.5723,0.004728736660489563,0.0047175913071040845
2010-09-24,1.5829,0.006741715957514494,0.006719092215462437
2010-09-27,1.5851,0.001389854065323215,0.0013888891121543452
2010-09-28,1.5808,-0.002712762601728591,-0.0027164488102435734
2010-09-29,1.5812,0.0002530364372468341,0.00025300442892694716
2010-09-30,1.5731,-0.005122691626612719,-0.005135857594071351
2010-10-01,1.5829,0.006229737461064255,0.0062104128632336775
2010-10-04,1.5849,0.001263503695748236,0.0012627061466870875
2010-10-05,1.5915,0.004164300586787739,0.004155653883767608
2010-10-06,1.5903,-0.0007540056550423557,-0.0007542900602773638
2010-10-07,1.593,0.001697792869269854,0.0016963532481783338
2010-10-08,1.5951,0.0013182674199623268,0.001317399268353956
2010-10-11,1.5951,0.0,0.0
2010-10-12,1.5799,-0.009529183123315077,-0.009574876299599099
2010-10-13,1.5843,0.0027849863915436757,0.00278111550219376
2010-10-14,1.5992,0.009404784447389902,0.009360834805193029
2010-10-15,1.6027,0.0021885942971486827,0.0021862028133394933
2010-10-18,1.5907,-0.007487365071441987,-0.0075155360952149424
2010-10-19,1.5739,-0.010561388068146105,-0.010617555346759549
2010-10-20,1.5857,0.00749729970137869,0.007469334637966521
2010-10-21,1.5753,-0.006558617645204157,-0.006580219883598675
2010-10-22,1.5677,-0.004824477877229616,-0.004836153237437814
2010-10-25,1.5748,0.004528927728519427,0.004518702995097031
2010-10-26,1.5871,0.0078105156210313,0.007780171443930476
2010-10-27,1.5782,-0.005607712179446778,-0.005623494426578237
2010-10-28,1.5945,0.01032822202509176,0.010275250363177571
2010-10-29,1.602,0.00470366886171214,0.004692641178192225
2010-11-01,1.605,0.001872659176029856,0.0018709079358116025
2010-11-02,1.601,-0.0024922118380061864,-0.002495322567401509
2010-11-03,1.608,0.004372267332916957,0.004362736742197023
2010-11-04,1.6282,0.01256218905472628,0.01248393940096559
2010-11-05,1.6211,-0.004360643655570651,-0.004370178992349935
2010-11-08,1.615,-0.003762877058787195,-0.0037699744907705394
2010-11-09,1.605,-0.006191950464396245,-0.006211200092640636
2010-11-10,1.6071,0.0013084112149532867,0.0013075559909081185
2010-11-11,1.6071,0.0,0.0
2010-11-12,1.6172,0.006284612034098691,0.006264946211591467
2010-11-15,1.6064,-0.0066782092505565105,-0.0067006082692057396
2010-11-16,1.5881,-0.011391932270916283,-0.011457317380809096
2010-11-17,1.5941,0.003778099615893149,0.003770980522999986
2010-11-18,1.601,0.004328461200677536,0.00431912035711377
2010-11-19,1.5961,-0.0030605871330418033,-0.0030652803082019337
2010-11-22,1.5932,-0.0018169287638619691,-0.0018185813810236014
2010-11-23,1.5824,-0.006778809942254549,-0.00680189043904146
2010-11-24,1.5774,-0.003159757330637114,-0.0031647599045572473
2010-11-25,1.5774,0.0,0.0
2010-11-26,1.5616,-0.01001648281983003,-0.010066985305062417
2010-11-29,1.5557,-0.0037781762295081567,-0.0037853315657521962
2010-11-30,1.5578,0.0013498746544964302,0.0013489643927724105
2010-12-01,1.5603,0.0016048273205802044,0.0016035409612882242
2010-12-02,1.561,0.00044863167339603827,0.00044853106829548294
2010-12-03,1.5723,0.007238949391415783,0.007212873960798224
2010-12-06,1.568,-0.0027348470393691038,-0.002738593565877133
2010-12-07,1.5802,0.007780612244898011,0.0077504993782797965
2010-12-08,1.5792,-0.0006328312871789477,-0.000633031609415875
2010-12-09,1.5733,-0.003736068895643374,-0.003743065432839546
2010-12-10,1.5809,0.004830610818025827,0.004818980855764451
2010-12-13,1.5882,0.0046176228730470115,0.004606994358968566
2010-12-14,1.5795,-0.005477899508878115,-0.005492958218970842
2010-12-15,1.5613,-0.011522633744855959,-0.011589533694665283
2010-12-16,1.5612,-6.404918977775953e-05,-6.40512410147023e-05
2010-12-17,1.548,-0.008455034588777832,-0.008490981156787444
2010-12-20,1.5521,0.002648578811369484,0.002645077507466414
2010-12-21,1.5462,-0.0038013014625346564,-0.0038085447707645105
2010-12-22,1.539,-0.00465657741559955,-0.0046674530474951695
2010-12-23,1.54,0.0006497725795973075,0.0006495615687957834
2010-12-24,1.54,0.0,0.0
2010-12-27,1.5382,-0.0011688311688311526,-0.0011695147847213924
2010-12-28,1.5361,-0.0013652320894551595,-0.0013661648678535239
2010-12-29,1.5463,0.006640192695787972,0.00661824372628487
2010-12-30,1.5392,-0.004591605768608953,-0.004602179569942767
2010-12-31,1.5392,0.0,0.0
2011-01-03,1.549,0.006366943866943808,0.0063467605054265295
2011-01-04,1.5586,0.006197546804389997,0.006178420992591998
2011-01-05,1.5497,-0.005710252790966153,-0.005726618616171193
2011-01-06,1.549,-0.00045170032909602753,-0.0004518023764207107
2011-01-07,1.556,0.004519044544867734,0.004508864321468358
2011-01-10,1.5583,0.00147814910025712,0.0014770577132319509
2011-01-11,1.5628,0.002887762305076036,0.0028836007293466994
2011-01-12,1.5716,0.00563091886357836,0.005615124503389345
2011-01-13,1.587,0.009798931025706281,0.00975123284210437
2011-01-14,1.5874,0.0002520478890988276,0.00025201613036599695
2011-01-17,1.5874,0.0,0.0
2011-01-18,1.6,0.007937507874511862,0.007906171571097517
2011-01-19,1.5991,-0.0005625000000000213,-0.0005626582624762326
2011-01-20,1.5875,-0.007254080420236453,-0.007280519198549752
2011-01-21,1.5997,0.0076850393700786945,0.007655659880703273
2011-01-24,1.5995,-0.00012502344189535552,-0.0001250312579773363
2011-01-25,1.5818,-0.011065958111909913,-0.011127641304255777
2011-01-26,1.5886,0.0042988999873561085,0.004289686113714759
2011-01-27,1.5905,0.001196021654286783,0.001195306990167105
2011-01-28,1.5838,-0.004212511788745599,-0.004221409412886611
2011-01-31,1.6042,0.012880414193711331,0.01279816715651207
2011-02-01,1.6124,0.00511158209699536,0.005098562310186516
2011-02-02,1.6167,0.002666832051600121,0.0026632823645500042
2011-02-03,1.6159,-0.0004948351580380539,-0.0004949576293586125
2011-02-04,1.6089,-0.004331951234606057,-0.00434136132121292
2011-02-07,1.6111,0.0013673938715892398,0.001366459839951682
2011-02-08,1.6091,-0.0012413878716405202,-0.0012421590318364567
2011-02-09,1.6089,-0.00012429308308992137,-0.0001243008081152915
2011-02-10,1.6132,0.0026726334762881,0.0026690683422238323
2011-02-11,1.5986,-0.009050334738408106,-0.009091537807294386
2011-02-14,1.6023,0.002314525209558438,0.0023118508219157263
2011-02-15,1.6128,0.006553079947575258,0.006531701863215059
2011-02-16,1.6063,-0.004030257936507908,-0.004038401313328996
2011-02-17,1.6172,0.0067857809873621555,0.006762861202895245
2011-02-18,1.6245,0.004513974771209517,0.004503817342539207
2011-02-21,1.6245,0.0,0.0
2011-02-22,1.6129,-0.007140658664204436,-0.007166275186018197
2011-02-23,1.6221,0.005704011408022902,0.005687805132932082
2011-02-24,1.6106,-0.007089575241970292,-0.007114825694624341
2011-02-25,1.6078,-0.0017384825530858405,-0.0017399954675841032
2011-02-28,1.6247,0.010511257619106873,0.010456398441844225
2011-03-01,1.6309,0.0038160891241458827,0.0038088263271673214
2011-03-02,1.6311,0.00012263167576187506,0.00012262415711260173
2011-03-03,1.6266,-0.002758874379253262,-0.0027626870873098263
2011-03-04,1.625,-0.000983646870773458,-0.0009841309688370485
2011-03-07,1.6204,-0.0028307692307691923,-0.002834783435302329
2011-03-08,1.6164,-0.0024685262898049842,-0.0024715781242168793
2011-03-09,1.6202,0.0023509032417718956,0.0023481441920723154
2011-03-10,1.6063,-0.008579187754598205,-0.008616200832670423
2011-03-11,1.6033,-0.0018676461433108082,-0.0018693923689288745
2011-03-14,1.6181,0.009230961142643324,0.009188616210970729
2011-03-15,1.6064,-0.007230702675978029,-0.00725697090835235
2011-03-16,1.6028,-0.0022410358565737587,-0.002243550735420622
2011-03-17,1.6143,0.007174943848265558,0.007149326401494184
2011-03-18,1.6187,0.002725639596109719,0.0027219317764310977
2011-03-21,1.6276,0.005498239327855536,0.005483179187619938
2011-03-22,1.6387,0.006819857458835177,0.006796707424643581
2011-03-23,1.6246,-0.008604381521938098,-0.008641612935324883
2011-03-24,1.6159,-0.005355164348147312,-0.005369554638651391
2011-03-25,1.6086,-0.004517606287517739,-0.0045278415082335
2011-03-28,1.6024,-0.003854283227651356,-0.0038617301183600963
2011-03-29,1.5983,-0.0025586620069895094,-0.0025619409770007272
2011-03-30,1.6038,0.0034411562284926145,0.0034352489983203957
2011-03-31,1.6048,0.0006235191420376207,0.0006233248347427268
2011-04-01,1.6132,0.0052342971086738466,0.0052206457915418645
2011-04-04,1.6129,-0.0001859657822960159,-0.00018598307607617585
2011-04-05,1.6282,0.009486018972038046,0.009441309216740594
2011-04-06,1.6314,0.001965360520820525,0.0019634317266026616
2011-04-07,1.6304,-0.0006129704548240023,-0.0006131583980195876
2011-04-08,1.6341,0.0022693817468106836,0.002266810589278192
2011-04-11,1.6386,0.0027538094363870336,0.0027500246499758824
2011-04-12,1.6263,-0.007506407909190771,-0.007534722773312131
2011-04-13,1.6285,0.0013527639426920146,0.0013518497818860037
2011-04-14,1.635,0.003991403131716309,0.003983458615065591
2011-04-15,1.6325,-0.001529051987767538,-0.0015302221807675935
2011-04-18,1.6229,-0.005880551301684522,-0.005897909828749848
2011-04-19,1.6315,0.005299155832152236,0.005285164711538962
2011-04-20,1.6405,0.00551639595464315,0.005501236367781191
2011-04-21,1.6572,0.010179823224626627,0.01012835780209041
2011-04-22,1.6517,-0.0033188510741009036,-0.0033243706762021204
2011-04-25,1.6497,-0.0012108736453351199,-0.0012116073451659325
2011-04-26,1.6465,-0.0019397466205975933,-0.0019416303654596484
2011-04-27,1.653,0.003947767992711793,0.0039399960046051855
2011-04-28,1.6636,0.006412583182093146,0.006392110047732409
2011-04-29,1.6691,0.0033060831930753487,0.003300630115615282
2011-05-02,1.669,-5.991252770953803e-05,-5.9914322536715085e-05
2011-05-03,1.6536,-0.00922708208508094,-0.009269915294276624
2011-05-04,1.6524,-0.0007256894049345597,-0.0007259528449489054
2011-05-05,1.6427,-0.0058702493343016915,-0.005887546975455384
2011-05-06,1.6417,-0.0006087538808060566,-0.0006089392466817031
2011-05-09,1.6338,-0.004812085033806479,-0.004823700392703667
2011-05-10,1.6331,-0.0004284490145671782,-0.0004285408250712365
2011-05-11,1.6412,0.004959892229502216,0.004947632485333473
2011-05-12,1.629,-0.0074335851815744425,-0.007461351965985875
2011-05-13,1.6179,-0.00681399631675883,-0.006837317590754191
2011-05-16,1.624,0.0037703195500340403,0.003763229710332284
2011-05-17,1.6206,-0.0020935960591133007,-0.0020957906949983706
2011-05-18,1.6148,-0.0035789213871405545,-0.003585341047839129
2011-05-19,1.6179,0.0019197423829575566,0.001917902032505186
2011-05-20,1.6222,0.0026577662401880975,0.0026542406249535242
2011-05-23,1.6102,-0.00739736160769322,-0.007424857770363939
2011-05-24,1.6185,0.005154639175257714,0.005141399500418652
2011-05-25,1.6277,0.005684275563793584,0.00566818103115344
2011-05-26,1.6346,0.0042391104011796354,0.004230150684576858
2011-05-27,1.6494,0.00905420286308578,0.009013459317225705
2011-05-30,1.6494,0.0,0.0
2011-05-31,1.6439,-0.0033345458954772145,-0.003340117883790379
2011-06-01,1.6391,-0.002919885637812425,-0.0029241568201502292
2011-06-02,1.6325,-0.004026599963394495,-0.0040347285447282204
2011-06-03,1.6397,0.004410413476263253,0.004400716105236449
2011-06-06,1.6362,-0.002134536805513121,-0.0021368181762247964
2011-06-07,1.6444,0.005011612272338262,0.0049990959441254205
2011-06-08,1.6381,-0.0038311846266116945,-0.0038385424131378502
2011-06-09,1.6382,6.104633416770255e-05,6.10444709160743e-05
2011-06-10,1.6254,-0.00781345379074605,-0.007844138762397347
2011-06-13,1.6308,0.0033222591362127574,0.003316752625994042
2011-06-14,1.6388,0.004905567819475154,0.0048935747276177225
2011-06-15,1.6218,-0.010373443983402564,-0.010427623162259163
2011-06-16,1.613,-0.005426069798988742,-0.005440844385248025
2011-06-17,1.6186,0.0034717916924984493,0.0034657789363926475
2011-06-20,1.6206,0.0012356357345855162,0.0012348729650234523
2011-06-21,1.6232,0.0016043440700974632,0.0016030584849800653
2011-06-22,1.6131,-0.006222276983735786,-0.0062417160278628505
2011-06-23,1.5977,-0.009546835286095123,-0.009592698450216246
2011-06-24,1.5985,0.0005007197846906841,0.0005005944663704569
2011-06-27,1.5972,-0.0008132624335315253,-0.0008135933108299698
2011-06-28,1.6016,0.0027548209366390353,0.0027510333718897976
2011-06-29,1.607,0.003371628371628521,0.0033659571765565967
2011-06-30,1.6067,-0.0001866832607342328,-0.0001867006882231327
2011-07-01,1.607,0.00018671811788140147,0.00018670068822321712
2011-07-04,1.607,0.0,0.0
2011-07-05,1.6085,0.0009334163036713861,0.0009329809415684003
2011-07-06,1.5998,-0.005408765930991599,-0.0054234462643595275
2011-07-07,1.5967,-0.0019377422177773163,-0.0019396220690659455
2011-07-08,1.603,0.00394563787812352,0.003937874263897192
2011-07-11,1.5932,-0.006113537117903967,-0.006132301302063829
2011-07-12,1.594,0.0005021340697968224,0.0005020080426713744
2011-07-13,1.6111,0.010727728983688678,0.010670595146780424
2011-07-14,1.6125,0.0008689715101484197,0.0008685941729867014
2011-07-15,1.6149,0.0014883720930232158,0.0014872655650936925
2011-07-18,1.6024,-0.0077404173633042195,-0.0077705298834127795
2011-07-19,1.6135,0.00692710933599594,0.006903227140407951
2011-07-20,1.6139,0.0002479082739386129,0.00024787754976021643
2011-07-21,1.6301,0.01003779664167559,0.00998775257046747
2011-07-22,1.6319,0.001104226734556013,0.001103617524644696
2011-07-25,1.6285,-0.0020834609963844564,-0.0020856344206006236
2011-07-26,1.6392,0.006570463616825339,0.0065489722084018575
2011-07-27,1.6357,-0.0021351878965348847,-0.0021374706602100553
2011-07-28,1.6338,-0.0011615821972243978,-0.0011622573567109866
2011-07-29,1.6455,0.007161219243481565,0.007135699475625823
2011-08-01,1.6278,-0.01075660893345487,-0.01081487949045356
2011-08-02,1.6287,0.0005528934758569637,0.0005527406865740122
2011-08-03,1.6406,0.007306440719592411,0.007279877989134521
2011-08-04,1.6308,-0.0059734243569425916,-0.005991336623551191
2011-08-05,1.6362,0.0033112582781458233,0.0033057881344996315
2011-08-08,1.6354,-0.0004889377826672314,-0.0004890573517210316
2011-08-09,1.6194,-0.009783539195303947,-0.009831712475862961
2011-08-10,1.6169,-0.0015437816475237787,-0.0015449745062450643
2011-08-11,1.6228,0.0036489578823675206,0.0036423165865232844
2011-08-12,1.6284,0.0034508257333005776,0.003444885296531708
2011-08-15,1.6387,0.006325227216900098,0.006305306923354692
2011-08-16,1.6424,0.002257887349728538,0.002255342152545523
2011-08-17,1.6591,0.010168046760837823,0.01011669994458588
2011-08-18,1.6489,-0.006147911518293081,-0.006166887742387137
2011-08-19,1.6544,0.0033355570380253496,0.0033300064071874295
2011-08-22,1.6452,-0.005560928433268941,-0.00557644795784106
2011-08-23,1.6509,0.0034646243617797445,0.0034586363775538117
2011-08-24,1.6375,-0.008116784784057196,-0.008149905224415837
2011-08-25,1.6289,-0.0052519083969465585,-0.0052657481458476246
2011-08-26,1.6321,0.0019645159309964466,0.0019625887930908624
2011-08-29,1.6398,0.0047178481710679065,0.004706754005427139
2011-08-30,1.6279,-0.007256982558848657,-0.0072834425476131425
2011-08-31,1.6269,-0.0006142883469499871,-0.0006144770993394736
2011-09-01,1.6179,-0.005531993361608034,-0.0055473515038337055
2011-09-02,1.619,0.0006798936893503971,0.0006796626663441132
2011-09-05,1.619,0.0,0.0
2011-09-06,1.5954,-0.01457689932056827,-0.01468418620060602
2011-09-07,1.5948,-0.000376081233546377,-0.0003761519698291048
2011-09-08,1.6021,0.004577376473539063,0.004566932145468713
2011-09-09,1.587,-0.00942512951750829,-0.009469827126259555
2011-09-12,1.5814,-0.0035286704473850294,-0.0035349108895824347
2011-09-13,1.5805,-0.0005691159731882056,-0.0005692779811541382
2011-09-14,1.5773,-0.002024675735526782,-0.0020267281622441038
2011-09-15,1.5808,0.002218981804349207,0.002216523500175007
2011-09-16,1.5802,-0.0003795546558703622,-0.00037962670497038295
2011-09-19,1.5674,-0.008100240475889198,-0.008133225669868748
2011-09-20,1.5718,0.002807196631364084,0.0028032638133103703
2011-09-21,1.5619,-0.006298511260974693,-0.006318430568397809
2011-09-22,1.5358,-0.016710416800051253,-0.016851610967233616
2011-09-23,1.5475,0.007618179450449292,0.007589307662308005
2011-09-26,1.5553,0.0050403877221323334,0.00502772749176311
2011-09-27,1.5681,0.008229923487430124,0.008196242336471479
2011-09-28,1.5648,-0.0021044576238761215,-0.002106675106433054
2011-09-29,1.5685,0.0023645194274029002,0.002361728350179988
2011-09-30,1.5624,-0.0038890659866114285,-0.0038966480682636776
2011-10-03,1.5474,-0.009600614439324029,-0.009646997447114995
2011-10-04,1.5403,-0.004588341734522494,-0.004598900484942223
2011-10-05,1.5436,0.002142439784457606,0.002140148033051782
2011-10-06,1.5398,-0.002461777662606912,-0.0024648128195145246
2011-10-07,1.5628,0.014937004805818832,0.014826546336966232
2011-10-10,1.5628,0.0,0.0
2011-10-11,1.5594,-0.0021755822882006948,-0.0021779523054159733
2011-10-12,1.5757,0.010452738232653802,0.010398486092500502
2011-10-13,1.5729,-0.0017769880053311038,-0.0017785687214032125
2011-10-14,1.5808,0.005022569775573693,0.00500999874700649
2011-10-17,1.5778,-0.001897773279352144,-0.0018995763326140542
2011-10-18,1.5654,-0.007859044238813673,-0.007890089290251619
2011-10-19,1.5799,0.009262808227929131,0.009220171508065731
2011-10-20,1.5726,-0.00462054560415226,-0.004631253321387755
2011-10-21,1.5945,0.013925982449446872,0.013829906892696748
2011-10-24,1.5986,0.002571338977735982,0.00256803874180637
2011-10-25,1.5994,0.0005004378831476863,0.0005003127058708015
2011-10-26,1.5905,-0.005564586720019915,-0.005580126708590643
2011-10-27,1.6081,0.011065702609242445,0.01100492567078022
2011-10-28,1.613,0.003047074186928622,0.003042441265229859
2011-10-31,1.6141,0.0006819590824551636,0.0006817266540252081
2011-11-01,1.5946,-0.012081035871383428,-0.012154604710838882
2011-11-02,1.5974,0.0017559262510973284,0.001754386414893374
2011-11-03,1.5959,-0.0009390259171152548,-0.0009394670781478128
2011-11-04,1.6026,0.004198258036217872,0.00418946993882955
2011-11-07,1.6024,-0.0001247972045426149,-0.00012480499236168448
2011-11-08,1.6076,0.0032451323015476596,0.003239878223437528
2011-11-09,1.5958,-0.007340134361781381,-0.007367205700865315
2011-11-10,1.5935,-0.0014412833688433047,-0.0014423230167895597
2011-11-11,1.5935,0.0,0.0
2011-11-14,1.5899,-0.0022591779102603127,-0.002261733702727574
2011-11-15,1.5818,-0.005094660041512045,-0.005107682069346549
2011-11-16,1.577,-0.0030345176381338934,-0.0030391311222785966
2011-11-17,1.5801,0.001965757767913745,0.001963828194414948
2011-11-18,1.5783,-0.0011391684070628516,-0.00113981775258212
2011-11-21,1.5662,-0.007666476588734761,-0.007696015088033978
2011-11-22,1.5646,-0.0010215808964372242,-0.0010221030658570344
2011-11-23,1.5511,-0.008628403425795739,-0.008665843620275141
2011-11-24,1.5511,0.0,0.0
2011-11-25,1.5467,-0.0028366965379408304,-0.0028407275866110175
2011-11-28,1.5538,0.004590418309950328,0.004579914472226398
2011-11-29,1.5625,0.005599176213154866,0.005583559094236179
2011-11-30,1.5705,0.005120000000000013,0.005106937368144686
2011-12-01,1.5698,-0.00044571792422787304,-0.00044581728598783724
2011-12-02,1.5592,-0.006752452541725185,-0.006775353499362389
2011-12-05,1.5689,0.00622113904566457,0.006201867645558935
2011-12-06,1.558,-0.006947542864427225,-0.006971789408216211
2011-12-07,1.5691,0.007124518613607078,0.00709925913432887
2011-12-08,1.5635,-0.003568924861385492,-0.0035753086671265625
2011-12-09,1.5642,0.00044771346338357,0.0004476132696152064
2011-12-12,1.5597,-0.0028768699654775354,-0.0028810161097312425
2011-12-13,1.5528,-0.0044239276783997195,-0.004433742202979306
2011-12-14,1.5445,-0.005345182895414746,-0.005359519496164115
2011-12-15,1.5486,0.0026545807704758673,0.0026510635939867707
2011-12-16,1.5514,0.0018080847216841445,0.0018064521041480683
2011-12-19,1.5531,0.0010957844527523797,0.0010951845191941795
2011-12-20,1.5674,0.009207391668276443,0.009165262042798956
2011-12-21,1.568,0.0003827995406406881,0.0003827262915890701
2011-12-22,1.5667,-0.0008290816326531614,-0.0008294255109118659
2011-12-23,1.5615,-0.003319078317482571,-0.00332459867630809
2011-12-26,1.5615,0.0,0.0
2011-12-27,1.5671,0.00358629522894649,0.0035798798060370338
2011-12-28,1.5478,-0.01231574245421474,-0.012392209692811535
2011-12-29,1.5386,-0.005943920403152947,-0.005961655811524539
2011-12-30,1.5537,0.009814116729494504,0.009766271073121334
2012-01-02,1.5537,0.0,0.0
2012-01-03,1.5655,0.00759477376584905,0.007566078668504707
2012-01-04,1.5638,-0.0010859150431170583,-0.0010865050760465915
2012-01-05,1.548,-0.010103593809950184,-0.010154981540741277
2012-01-06,1.5431,-0.003165374677002619,-0.0031703950725133715
2012-01-09,1.5436,0.0003240230704426583,0.00032397058630464375
2012-01-10,1.5489,0.003433532003109585,0.0034276508902493985
2012-01-11,1.5325,-0.010588159338885683,-0.010644612743346675
2012-01-12,1.5325,0.0,0.0
2012-01-13,1.5301,-0.001566068515497565,-0.0015672960825987073
2012-01-16,1.5301,0.0,0.0
2012-01-17,1.5356,0.0035945363048166534,0.0035880913988748475
2012-01-18,1.541,0.0035165407658244163,0.003510372193473091
2012-01-19,1.5484,0.004802076573653613,0.004790583383377429
2012-01-20,1.554,0.003616636528029016,0.0036101122240997934
2012-01-23,1.5582,0.002702702702702675,0.0026990569691649835
2012-01-24,1.5595,0.000834295982544031,0.0008339481511002594
2012-01-25,1.557,-0.00160307790958647,-0.001604364213859685
2012-01-26,1.5706,0.008734746307000663,0.008696819106775949
2012-01-27,1.5716,0.0006366993505666496,0.0006364967435304277
2012-01-30,1.569,-0.0016543649783661296,-0.00165573495127224
2012-01-31,1.5754,0.004079031230082908,0.004070734536191407
2012-02-01,1.5849,0.00603021454868613,0.006012105569155974
2012-02-02,1.5813,-0.0022714366837024436,-0.00227402030910895
2012-02-03,1.5779,-0.0021501296401693626,-0.002152444487647467
2012-02-06,1.5832,0.003358894733506368,0.0033532662467324757
2012-02-07,1.5891,0.0037266296109146335,0.003719702930234745
2012-02-08,1.582,-0.004467937826442614,-0.004477948890991477
2012-02-09,1.5838,0.0011378002528446007,0.001137153448713026
2012-02-10,1.5748,-0.005682535673696254,-0.005698742706729736
2012-02-13,1.578,0.002032004064008275,0.0020299423362372445
2012-02-14,1.5691,-0.005640050697084953,-0.005656015840797034
2012-02-15,1.571,0.0012108852208272403,0.001210152690598618
2012-02-16,1.5795,0.005410566518141202,0.005395981986518618
2012-02-17,1.5813,0.0011396011396012096,0.0011389522871310764
2012-02-20,1.5813,0.0,0.0
2012-02-21,1.5796,-0.0010750648200847923,-0.0010756431167765902
2012-02-22,1.5677,-0.007533552798176579,-0.0075620733380088135
2012-02-23,1.57,0.0014671174331823966,0.001466042267868406
2012-02-24,1.5869,0.010764331210191047,0.010706808226442838
2012-02-27,1.5845,-0.0015123826328060641,-0.001513527437821143
2012-02-28,1.5887,0.002650678447459809,0.002647171595002451
2012-02-29,1.5951,0.004028450934726591,0.004020358452424728
2012-03-01,1.5953,0.00012538398846473342,0.0001253761285494499
2012-03-02,1.5852,-0.006331097599197588,-0.006351223990671878
2012-03-05,1.587,0.001135503406510141,0.0011348592101290496
2012-03-06,1.572,-0.009451795841209809,-0.009496747537257197
2012-03-07,1.5746,0.001653944020356235,0.0016525777612149707
2012-03-08,1.5822,0.004826622634319877,0.004815011836929231
2012-03-09,1.5677,-0.009164454556946033,-0.009206706512810652
2012-03-12,1.5615,-0.0039548382981438035,-0.003962679351352124
2012-03-13,1.5736,0.007748959333973682,0.0077190903517159876
2012-03-14,1.5686,-0.0031774275546517794,-0.0031824862962832336
2012-03-15,1.5669,-0.001083768965956966,-0.0010843566682034273
2012-03-16,1.5845,0.01123236964707397,0.011169755020612824
2012-03-19,1.5894,0.0030924581887030733,0.0030876863751035976
2012-03-20,1.5857,-0.0023279224864727333,-0.0023306363105570476
2012-03-21,1.5848,-0.0005675726808350712,-0.000567733811180759
2012-03-22,1.5807,-0.002587077233720314,-0.002590429500991358
2012-03-23,1.5864,0.0036059973429494185,0.003599511322236527
2012-03-26,1.5939,0.0047276853252646855,0.004716544919420953
2012-03-27,1.5972,0.0020703933747410197,0.002068253064058839
2012-03-28,1.5855,-0.0073253193087904345,-0.007352281210664295
2012-03-29,1.5911,0.0035320088300221375,0.003525785935408873
2012-03-30,1.5985,0.004650870466972545,0.004640088586085322
2012-04-02,1.6022,0.0023146700031280165,0.0023119952811203755
2012-04-03,1.5966,-0.003495194108101396,-0.003501316569317967
2012-04-04,1.5879,-0.005449079293498693,-0.005463979679646946
2012-04-05,1.5822,-0.00358964670319295,-0.00359610494475561
2012-04-06,1.5877,0.0034761724181517906,0.003470144496169669
2012-04-09,1.5879,0.00012596838193634774,0.00012596044858595112
2012-04-10,1.5836,-0.002707979091882473,-0.0027116523000761217
2012-04-11,1.5892,0.003536246526900655,0.0035300087084682475
2012-04-12,1.5939,0.002957462874402239,0.0029530981845633853
2012-04-13,1.5851,-0.005521048999309941,-0.005536346321160363
2012-04-16,1.5865,0.0008832250331209934,0.0008828352194033642
2012-04-17,1.5931,0.004160100850929771,0.004151471555598944
2012-04-18,1.602,0.005586592178770999,0.0055710450494554295
2012-04-19,1.6058,0.0023720349563045584,0.0023692261222790297
2012-04-20,1.6123,0.004047826628471807,0.004039656219110494
2012-04-23,1.6102,-0.001302487130186658,-0.0013033361038136946
2012-04-24,1.6135,0.002049434852813281,0.0020473376261361093
2012-04-25,1.6146,0.0006817477533314076,0.0006815154688987525
2012-04-26,1.6188,0.002601263470828785,0.002597886040795478
2012-04-27,1.6239,0.003150481838398722,0.003145529469331302
2012-04-30,1.6225,-0.0008621220518504336,-0.0008624938927967911
2012-05-01,1.6221,-0.0002465331278890259,-0.00024656352217616775
2012-05-02,1.6193,-0.0017261574502189792,-0.0017276489766438793
2012-05-03,1.6185,-0.0004940406348421522,-0.0004941627131260009
2012-05-04,1.6148,-0.002286067346308318,-0.002288684387513299
2012-05-07,1.6192,0.0027247956403269047,0.0027210901143605863
2012-05-08,1.6159,-0.0020380434782608647,-0.0020401231149442377
2012-05-09,1.613,-0.001794665511479665,-0.0017962778529932975
2012-05-10,1.6161,0.0019218846869188955,0.001920040229389011
2012-05-11,1.608,-0.005012066085019473,-0.005024668615686064
2012-05-14,1.6116,0.002238805970149249,0.0022363035782805166
2012-05-15,1.6025,-0.005646562422437218,-0.005662564522366984
2012-05-16,1.5933,-0.005741029641185724,-0.005757572698362019
2012-05-17,1.5823,-0.006903910123642665,-0.0069278523715255525
2012-05-18,1.5788,-0.002211969917209178,-0.0022144199362455247
2012-05-21,1.579,0.0001266784899924822,0.00012667046695012628
2012-05-22,1.5775,-0.0009499683343888732,-0.0009504198402738877
2012-05-23,1.5691,-0.005324881141045901,-0.00533910885034561
2012-05-24,1.5698,0.00044611560767338077,0.0004460161276909581
2012-05-25,1.5648,-0.0031851191234553156,-0.0031902024121605297
2012-05-28,1.5648,0.0,0.0
2012-05-29,1.563,-0.0011503067484662788,-0.0011509688590763002
2012-05-30,1.5532,-0.006269993602047386,-0.006289732563964404
2012-05-31,1.5405,-0.008176667525109371,-0.008210279820789554
2012-06-01,1.5383,-0.001428107757221686,-0.0014291284750172128
2012-06-04,1.5382,-6.500682571664029e-05,-6.500893875191015e-05
2012-06-05,1.5355,-0.001755298400728078,-0.0017568407420763298
2012-06-06,1.5475,0.007815043959622292,0.007784664677874128
2012-06-07,1.5557,0.005298869143780305,0.00528487953432465
2012-06-08,1.5433,-0.007970688436073958,-0.00800262418629017
2012-06-11,1.5515,0.005313289703881452,0.005299223981649249
2012-06-12,1.5562,0.003029326458266146,0.003024747294394819
2012-06-13,1.5557,-0.0003212954633080578,-0.00032134708975395366
2012-06-14,1.5533,-0.0015427138908531424,-0.0015439050992144135
2012-06-15,1.5654,0.007789866735337769,0.007759682376876308
2012-06-18,1.5665,0.0007026957966016489,0.0007024490215088146
2012-06-19,1.5732,0.0042770507500797805,0.0042679301654080315
2012-06-20,1.575,0.0011441647597254523,0.0011435107020790205
2012-06-21,1.5633,-0.007428571428571451,-0.007456300676454826
2012-06-22,1.5582,-0.003262329687200083,-0.0032676626865208013
2012-06-25,1.5555,-0.0017327685791297398,-0.0017342715590660247
2012-06-26,1.562,0.004178720668595259,0.0041700140619395165
2012-06-27,1.5549,-0.00454545454545463,-0.004555816535860802
2012-06-28,1.5503,-0.0029583896070486393,-0.0029627742914540207
2012-06-29,1.5686,0.011804166935431848,0.011735041206249611
2012-07-02,1.5679,-0.00044625780951157434,-0.00044635741216125845
2012-07-03,1.5702,0.0014669302889214197,0.0014658553977503512
2012-07-04,1.5702,0.0,0.0
2012-07-05,1.5531,-0.010890332441727213,-0.01095006618818986
2012-07-06,1.548,-0.0032837550705040464,-0.0032891584262928287
2012-07-09,1.5507,0.0017441860465114978,0.0017426667204307653
2012-07-10,1.5506,-6.448700586836331e-05,-6.44890852447219e-05
2012-07-11,1.5532,0.0016767702824711517,0.0016753660726534524
2012-07-12,1.5425,-0.006889003347926859,-0.006912842077969365
2012-07-13,1.555,0.008103727714748654,0.0080710688337915
2012-07-16,1.5635,0.0054662379421221985,0.005451352284561478
2012-07-17,1.5613,-0.0014070994563478711,-0.001408090350421316
2012-07-18,1.5636,0.0014731313648883582,0.0014720473713252748
2012-07-19,1.5719,0.005308262982860024,0.00529422381539248
2012-07-20,1.563,-0.005661937782301729,-0.005678027312715713
2012-07-23,1.5512,-0.0075495841330774915,-0.007578226493034637
2012-07-24,1.5521,0.0005801959773079624,0.0005800277286968862
2012-07-25,1.5479,-0.0027060112106178646,-0.0027096790773070444
2012-07-26,1.5683,0.013179145939660186,0.013093056560547156
2012-07-27,1.5728,0.00286934897659874,0.0028652402525230158
2012-07-30,1.5694,-0.002161749745676511,-0.0021640896995292753
2012-07-31,1.5686,-0.000509748948642752,-0.0005098789148066935
2012-08-01,1.5596,-0.005737600408007082,-0.005754123670123786
2012-08-02,1.55,-0.006155424467812254,-0.006174447195149951
2012-08-03,1.565,0.009677419354838568,0.009630893060961146
2012-08-06,1.5625,-0.0015974440894568342,-0.0015987213636969929
2012-08-07,1.5658,0.002112000000000114,0.002109772863257366
2012-08-08,1.5659,6.386511687317409e-05,6.386307758342334e-05
2012-08-09,1.5623,-0.0022989973816974762,-0.002301644133539833
2012-08-10,1.5679,0.0035844588107278863,0.0035780499485474227
2012-08-13,1.569,0.0007015753555710269,0.0007013293666277174
2012-08-14,1.5692,0.0001274697259401325,0.00012746160236494947
2012-08-15,1.5686,-0.000382360438439977,-0.00038243355683139984
2012-08-16,1.5738,0.003315058013515282,0.003309575322316928
2012-08-17,1.5697,-0.0026051594865929006,-0.002608558819721653
2012-08-20,1.5707,0.0006370644072115628,0.0006368615678253585
2012-08-21,1.5788,0.005156936397784362,0.00514368493970534
2012-08-22,1.58,0.0007600709399544492,0.0007597822323204938
2012-08-23,1.5882,0.005189873417721591,0.0051764524400981695
2012-08-24,1.5815,-0.004218612265457833,-0.0042275357154071365
2012-08-27,1.58,-0.000948466645589563,-0.0009489167246909763
2012-08-28,1.5828,0.0017721518987341423,0.0017705834902567023
2012-08-29,1.5839,0.0006949709375789759,0.0006947295571054044
2012-08-30,1.5794,-0.0028410884525539304,-0.002845132004894135
2012-08-31,1.5864,0.0044320628086615965,0.0044222701421057
2012-09-03,1.5864,0.0,0.0
2012-09-04,1.5889,0.0015758951084214878,0.001574654688734996
2012-09-05,1.5907,0.0011328592107746616,0.0011322180099933947
2012-09-06,1.5922,0.0009429810775130054,0.0009425367501629814
2012-09-07,1.6016,0.00590378093204369,0.005886421906478299
2012-09-10,1.6009,-0.0004370629370629153,-0.00043715847690735653
2012-09-11,1.6071,0.0038728215378849296,0.0038653414709755715
2012-09-12,1.6111,0.002488955261029213,0.0024858629419166147
2012-09-13,1.6125,0.0008689715101484197,0.0008685941729867014
2012-09-14,1.6244,0.007379844961240334,0.007352747142215194
2012-09-17,1.6263,0.0011696626446688896,0.0011689791222595559
2012-09-18,1.6251,-0.0007378712414684019,-0.0007381436024393549
2012-09-19,1.6219,-0.0019691095932558023,-0.0019710508383190507
2012-09-20,1.6198,-0.0012947777298230045,-0.0012956166787542796
2012-09-21,1.6251,0.0032720088899864663,0.0032666675170734184
2012-09-24,1.6199,-0.003199803089040776,-0.0032049334058707316
2012-09-25,1.6232,0.0020371627878263965,0.0020350905855127293
2012-09-26,1.6145,-0.005359783144406105,-0.005374198313275075
2012-09-27,1.6217,0.0044595850108390955,0.004449670526998628
2012-09-28,1.6132,-0.005241413331688927,-0.005255197726115585
2012-10-01,1.6142,0.0006198859409869417,0.0006196938910589602
2012-10-02,1.6186,0.0027258084500061397,0.002722100171329498
2012-10-03,1.6077,-0.006734214753490786,-0.006756991892687362
2012-10-04,1.6165,0.005473658020775041,0.00545873199657353
2012-10-05,1.6196,0.001917723476646982,0.0019158869925181886
2012-10-08,1.6196,0.0,0.0
2012-10-09,1.5987,-0.01290442084465293,-0.012988406187159721
2012-10-10,1.6007,0.001251016450866338,0.0012502345818056048
2012-10-11,1.6028,0.001311926032360855,0.001311066209337642
2012-10-12,1.6075,0.0029323683553781343,0.002928077349785008
2012-10-15,1.6069,-0.00037325038880242634,-0.00037332006406688267
2012-10-16,1.6101,0.001991412035596607,0.0019894318031854676
2012-10-17,1.6165,0.003974908390783183,0.0039670293145949165
2012-10-18,1.6141,-0.001484689143210649,-0.0014857923862538235
2012-10-19,1.6003,-0.008549656155132923,-0.008586414127289428
2012-10-22,1.6028,0.0015622070861713855,0.0015609881100449704
2012-10-23,1.5932,-0.005989518342899958,-0.006007527454500362
2012-10-24,1.6015,0.005209640974140006,0.0051961177417235846
2012-10-25,1.6119,0.006493911957540011,0.006472917353672845
2012-10-26,1.6098,-0.0013028103480365871,-0.00130365974325213
2012-10-29,1.6025,-0.0045347248105354065,-0.004545037864808287
2012-10-30,1.6083,0.003619344773790889,0.0036128107067765723
2012-10-31,1.6111,0.0017409687247402772,0.0017394549953390556
2012-11-01,1.6142,0.001924151201042834,0.0019223023933310978
2012-11-02,1.6036,-0.0065667203568332555,-0.006588376121920216
2012-11-05,1.5977,-0.003679221751060169,-0.003686006734826072
2012-11-06,1.5985,0.0005007197846906841,0.0005005944663704569
2012-11-07,1.5975,-0.0006255864873319084,-0.000625782248206304
2012-11-08,1.5979,0.0002503912363067684,0.0002503598936530002
2012-11-09,1.5912,-0.004193003316853461,-0.0042018186055804785
2012-11-12,1.5912,0.0,0.0
2012-11-13,1.5885,-0.0016968325791855143,-0.0016982738301915966
2012-11-14,1.5849,-0.002266288951841444,-0.002268860871191087
2012-11-15,1.5865,0.0010095274149788391,0.0010090181848703954
2012-11-16,1.5866,6.30318310745892e-05,6.302984465219635e-05
2012-11-19,1.5908,0.0026471700491617067,0.00264367246563298
2012-11-20,1.5927,0.0011943676137793346,0.001193654924200035
2012-11-21,1.5936,0.0005650781691466378,0.0005649185725982014
2012-11-22,1.5936,0.0,0.0
2012-11-23,1.6032,0.006024096385542244,0.006006024060211949
2012-11-26,1.6014,-0.001122754491017952,-0.0011233852520121954
2012-11-27,1.6028,0.0008742350443362579,0.0008738531234560879
2012-11-28,1.5997,-0.0019341152982281784,-0.001935988114439537
2012-11-29,1.6026,0.0018128399074828216,0.0018111986964203226
2012-11-30,1.6027,6.239860227119642e-05,6.23966555593947e-05
2012-12-03,1.6104,0.0048043925875085325,0.004792888326051989
2012-12-04,1.6097,-0.00043467461500257265,-0.00043476911339806443
2012-12-05,1.6102,0.0003106168851338964,0.00031056865369663865
2012-12-06,1.6066,-0.0022357471121600136,-0.0022382501261682523
2012-12-07,1.6031,-0.002178513631271084,-0.0021808900440843386
2012-12-10,1.6068,0.0023080281953715698,0.002305368789499344
2012-12-11,1.6103,0.00217824246950471,0.0021758735388232933
2012-12-12,1.6132,0.00180090666335464,0.001799286975262743
2012-12-13,1.613,-0.00012397718819734393,-0.0001239848740041903
2012-12-14,1.6139,0.0005579665220085683,0.0005578109165677877
2012-12-17,1.6203,0.003965549290538606,0.003957707225178528
2012-12-18,1.6256,0.0032709991976793695,0.0032656611172075523
2012-12-19,1.6275,0.0011687992125983815,0.001168116698561509
2012-12-20,1.6268,-0.0004301075268816623,-0.000430200049654781
2012-12-21,1.6167,-0.006208507499385285,-0.006227860425508756
2012-12-24,1.6113,-0.0033401373167564197,-0.0033457280280374106
2012-12-25,1.6113,0.0,0.0
2012-12-26,1.6118,0.00031030844659585277,0.00031026031088752555
2012-12-27,1.6106,-0.0007445092443230106,-0.0007447865289663141
2012-12-28,1.6157,0.0031665217931204914,0.0031615189213402097
2012-12-31,1.6262,0.006498731200099028,0.006477705490952341
2013-01-01,1.6262,0.0,0.0
2013-01-02,1.6255,-0.00043045135899655307,-0.0004305440297772472
2013-01-03,1.6151,-0.0063980313749615325,-0.006418586499492534
2013-01-04,1.6036,-0.007120302148473812,-0.0071457724761156225
2013-01-07,1.608,0.002743826390621207,0.002740068970559893
2013-01-08,1.604,-0.0024875621890547706,-0.002490661312451919
2013-01-09,1.6024,-0.0009975062344139696,-0.0009980040748513116
2013-01-10,1.6125,0.006303045431852228,0.006283264318319063
2013-01-11,1.6128,0.00018604651162790198,0.00018602920712191957
2013-01-14,1.6077,-0.003162202380952439,-0.003167212708135274
2013-01-15,1.6089,0.0007464079119239297,0.000746129488075
2013-01-16,1.6009,-0.004972341351233811,-0.004984744572940489
2013-01-17,1.5991,-0.0011243675432569544,-0.0011250001186524027
2013-01-18,1.5876,-0.007191545244199848,-0.00721752905648607
2013-01-21,1.5876,0.0,0.0
2013-01-22,1.5862,-0.0008818342151674097,-0.0008822232596909263
2013-01-23,1.5848,-0.0008826125330979595,-0.0008830022648780608
2013-01-24,1.5789,-0.003722867238768357,-0.003729814356498265
2013-01-25,1.5799,0.0006333523339034919,0.0006331518509604884
2013-01-28,1.5686,-0.0071523514146465406,-0.007178052100237252
2013-01-29,1.5751,0.004143822516893936,0.004135260529123535
2013-01-30,1.5793,0.0026664973652466006,0.0026629485683191127
2013-01-31,1.5856,0.00398910909896788,0.003981173699714613
2013-02-01,1.5744,-0.007063572149344055,-0.007088637277734525
2013-02-04,1.5737,-0.0004446138211381401,-0.0004447126911701882
2013-02-05,1.5652,-0.005401283599161366,-0.005415923270561473
2013-02-06,1.5655,0.0001916687963199326,0.00019165043020296144
2013-02-07,1.5712,0.0036410092622165546,0.0036343968337410647
2013-02-08,1.5814,0.006491853360488742,0.006470872036625167
2013-02-11,1.5668,-0.009232325787277063,-0.009275207845150391
2013-02-12,1.5654,-0.0008935409752361956,-0.0008939404209385366
2013-02-13,1.5544,-0.007026957966015046,-0.0070517633075073876
2013-02-14,1.5502,-0.002702007205352519,-0.0027056642158192618
2013-02-15,1.5518,0.001032124887111463,0.0010315926124379732
2013-02-18,1.5518,0.0,0.0
2013-02-19,1.5432,-0.005541951282381885,-0.0055573648683297045
2013-02-20,1.5301,-0.008488854328667639,-0.008525089863751488
2013-02-21,1.5263,-0.0024834978106006433,-0.0024865868066914843
2013-02-22,1.5256,-0.0004586254340561702,-0.00045873063486695975
2013-02-25,1.5112,-0.009438909281594077,-0.009483738098909464
2013-02-26,1.5125,0.0008602435150872889,0.0008598737176966726
2013-02-27,1.5134,0.0005950413223141382,0.0005948643554247688
2013-02-28,1.5192,0.003832430289414601,0.0038251052376549522
2013-03-01,1.5033,-0.010466034755134301,-0.010521188864287488
2013-03-04,1.5084,0.0033925364198761354,0.0033867947504132565
2013-03-05,1.5098,0.0009281357730046569,0.000927705321322571
2013-03-06,1.5036,-0.004106504172738057,-0.0041149590155014895
2013-03-07,1.5032,-0.0002660281989890212,-0.0002660635907672964
2013-03-08,1.4926,-0.007051623203831903,-0.007076603401968582
2013-03-11,1.4898,-0.001875921211309084,-0.0018776829551110888
2013-03-12,1.4877,-0.001409585179218631,-0.0014105795789779922
2013-03-13,1.4925,0.003226456946965106,0.003221263103559267
2013-03-14,1.5039,0.007638190954774027,0.007609167670810416
2013-03-15,1.5124,0.005651971540660883,0.005636059079210313
2013-03-18,1.5113,-0.0007273208145992527,-0.0007275854407027562
2013-03-19,1.5118,0.0003308409978164395,0.0003307862820013453
2013-03-20,1.5133,0.0009921947347533155,0.0009917028349042177
2013-03-21,1.518,0.0031057952818343004,0.0031009822625946287
2013-03-22,1.5239,0.0038866930171277403,0.0038791593402397657
2013-03-25,1.5184,-0.003609160706083081,-0.0036156894401516465
2013-03-26,1.5156,-0.0018440463645942318,-0.0018457487112176053
2013-03-27,1.5112,-0.0029031406703615703,-0.002907362957145936
2013-03-28,1.5184,0.0047644256220220615,0.0047531116683634505
2013-03-29,1.5193,0.000592729188619634,0.0005925535940573685
2013-04-01,1.5232,0.002566971631672521,0.0025636825873801544
2013-04-02,1.5113,-0.0078125,-0.007843177461025893
2013-04-03,1.514,0.0017865413882087733,0.0017849474213190578
2013-04-04,1.5198,0.0038309114927344012,0.0038235922382903755
2013-04-05,1.5336,0.009080142123963686,0.009039165495750208
2013-04-08,1.5257,-0.005151278038602047,-0.005164591612278356
2013-04-09,1.5317,0.003932621091957689,0.003924908551351761
2013-04-10,1.5315,-0.00013057387216819372,-0.00013058239767838755
2013-04-11,1.5403,0.005746000652954608,0.005729555357581992
2013-04-12,1.5373,-0.0019476725313249954,-0.001949571711858133
2013-04-15,1.532,-0.0034476029402199515,-0.0034535596180172135
2013-04-16,1.5316,-0.00026109660574413773,-0.0002611306973971757
2013-04-17,1.5255,-0.0039827631235309635,-0.003990715446415128
2013-04-18,1.5282,0.001769911504424737,0.0017683470567419492
2013-04-19,1.5254,-0.001832220913492888,-0.00183390148332801
2013-04-22,1.5262,0.0005244526025960372,0.0005243151253946029
2013-04-23,1.5267,0.0003276110601493354,0.0003275574073638134
2013-04-24,1.5258,-0.0005895067793278974,-0.0005896806067676607
2013-04-25,1.5434,0.011534932494429162,0.01146891236737373
2013-04-26,1.5479,0.002915640793054175,0.002911398556329019
2013-04-29,1.5497,0.0011628658182052387,0.0011621902134573852
2013-04-30,1.5539,0.002710201974575721,0.002706535999399196
2013-05-01,1.5578,0.0025098140163459792,0.0025066696931596954
2013-05-02,1.5519,-0.003787392476569562,-0.0037945828082691065
2013-05-03,1.5563,0.0028352342290096644,0.0028312225333852934
2013-05-06,1.5538,-0.0016063740923986103,-0.0016076656946438846
2013-05-07,1.5468,-0.00450508430943497,-0.004515262783178427
2013-05-08,1.5563,0.006141711921386239,0.006122928477822454
2013-05-09,1.5502,-0.00391955278545264,-0.00392725436355324
2013-05-10,1.5334,-0.01083731131466903,-0.010896462722616941
2013-05-13,1.5291,-0.002804225903221713,-0.0028081651106884454
2013-05-14,1.5258,-0.0021581322346477805,-0.002160464357976718
2013-05-15,1.5198,-0.003932363350373613,-0.003940115420444454
2013-05-16,1.5302,0.006843005658639267,0.006819698562066926
2013-05-17,1.5173,-0.008430270552868824,-0.00846600626655593
2013-05-20,1.5223,0.0032953272259934607,0.0032899095340128354
2013-05-21,1.517,-0.0034815739341785834,-0.0034876487166761836
2013-05-22,1.5038,-0.008701384311140314,-0.008739462404605628
2013-05-23,1.512,0.005452852772975136,0.005438039795551789
2013-05-24,1.5126,0.0003968253968253954,0.00039674668245083273
2013-05-27,1.5126,0.0,0.0
2013-05-28,1.5061,-0.004297236546344063,-0.004306496204126236
2013-05-29,1.5121,0.003983799216519479,0.00397588490082054
2013-05-30,1.5207,0.005687454533430225,0.00567134202778979
2013-05-31,1.5185,-0.0014467021766291221,-0.0014477496606098473
2013-06-03,1.5349,0.010800131708923244,0.010742226833558879
2013-06-04,1.5304,-0.0029317870871066187,-0.002936093193319218
2013-06-05,1.5392,0.005750130684788246,0.00573366178539888
2013-06-06,1.5601,0.013578482328482355,0.013487120841761712
2013-06-07,1.5558,-0.002756233574770839,-0.002760038980530019
2013-06-10,1.5556,-0.00012855122766419758,-0.00012855949108145378
2013-06-11,1.5587,0.001992800205708356,0.0019908172134130227
2013-06-12,1.5697,0.007057163020465884,0.007032377786156091
2013-06-13,1.5698,6.370644072117848e-05,6.37044115520641e-05
2013-06-14,1.5686,-0.000764428589629329,-0.0007647209141472902
2013-06-17,1.5709,0.0014662756598240456,0.0014652017273279626
2013-06-18,1.5625,-0.005347253166974375,-0.005361600895337536
2013-06-19,1.5657,0.0020480000000000498,0.0020459057069207275
2013-06-20,1.5469,-0.01200740882672302,-0.012080080074858165
2013-06-21,1.5373,-0.006205960307712144,-0.006225297324065435
2013-06-24,1.5404,0.002016522474468152,0.0020144920222000175
2013-06-25,1.5418,0.0009088548428979326,0.0009084420844079726
2013-06-26,1.5332,-0.00557789596575442,-0.005593510518761898
2013-06-27,1.5235,-0.006326637098878041,-0.006346735080636165
2013-06-28,1.521,-0.001640958319658825,-0.0016423061664710243
2013-07-01,1.5247,0.002432610124917911,0.0024296561185686008
2013-07-02,1.5171,-0.004984587131894869,-0.004997051623814396
2013-07-03,1.5264,0.006130116669962549,0.006111403939975163
2013-07-04,1.5264,0.0,0.0
2013-07-05,1.491,-0.023191823899371022,-0.023464985929283613
2013-07-08,1.4932,0.0014755197853788538,0.001474432275690272
2013-07-09,1.4837,-0.006362175194213782,-0.006382500083680843
2013-07-10,1.4935,0.006605108849497832,0.0065833906994164975
2013-07-11,1.5127,0.012855708068295835,0.012773774911988995
2013-07-12,1.5108,-0.001256032260196993,-0.0012568217298517973
2013-07-15,1.5088,-0.001323801959226878,-0.0013246789591087227
2013-07-16,1.5122,0.002253446447507912,0.0022509112449764245
2013-07-17,1.5184,0.004099986774236175,0.004091604731493868
2013-07-18,1.5193,0.000592729188619634,0.0005925535940573685
2013-07-19,1.526,0.004409925623642508,0.004400230394681602
2013-07-22,1.5366,0.006946264744429831,0.006922250589132194
2013-07-23,1.5354,-0.0007809449433814342,-0.000781250039736376
2013-07-24,1.5367,0.0008466849029566959,0.0008463266674883629
2013-07-25,1.5333,-0.0022125333506863853,-0.0022149846189429526
2013-07-26,1.5368,0.0022826583186590366,0.002280057012003255
2013-07-29,1.5355,-0.000845913586673519,-0.0008462715734697461
2013-07-30,1.5244,-0.0072289156626507145,-0.007255170881172022
2013-07-31,1.5177,-0.004395171870899994,-0.004404859033705017
2013-08-01,1.5145,-0.002108453581076697,-0.002110679498708177
2013-08-02,1.5277,0.008715747771541826,0.008677984904385198
2013-08-05,1.5347,0.004582051449891988,0.004571585809372095
2013-08-06,1.5367,0.0013031862904802072,0.0013023378802374324
2013-08-07,1.5514,0.009565953016203554,0.009520488995484532
2013-08-08,1.5555,0.002642774268402981,0.0026392882809207503
2013-08-09,1.5507,-0.003085824493731959,-0.003090595467588431
2013-08-12,1.5475,-0.0020635841877860717,-0.0020657163113520635
2013-08-13,1.5451,-0.0015508885298870512,-0.0015520924023788125
2013-08-14,1.5531,0.005177658403986873,0.005164300419592945
2013-08-15,1.5573,0.002704268881591698,0.002700618925327713
2013-08-16,1.5621,0.0030822577538047735,0.003077517335670165
2013-08-19,1.5665,0.002816721080596496,0.0028127615552832014
2013-08-20,1.5678,0.0008298755186721962,0.0008295313623753788
2013-08-21,1.5678,0.0,0.0
2013-08-22,1.558,-0.006250797295573429,-0.006270415323928245
2013-08-23,1.5578,-0.0001283697047497201,-0.00012837794484546217
2013-08-26,1.5568,-0.0006419309282321706,-0.0006421370541075846
2013-08-27,1.5528,-0.002569373072970227,-0.002572679576940147
2013-08-28,1.552,-0.0005151983513652647,-0.0005153311116364295
2013-08-29,1.5488,-0.0020618556701031965,-0.0020639842208515936
2013-08-30,1.5468,-0.0012913223140496033,-0.0012921567891705727
2013-09-02,1.5468,0.0,0.0
2013-09-03,1.5544,0.004913369537108858,0.0049013383300883055
2013-09-04,1.5643,0.00636901698404535,0.0063488205044943315
2013-09-05,1.5593,-0.0031963178418462634,-0.003201436976884906
2013-09-06,1.5633,0.0025652536394535908,0.002561968992438855
2013-09-09,1.5724,0.005821019637945346,0.0058041429644265985
2013-09-10,1.5731,0.0004451793436783813,0.0004450802807537837
2013-09-11,1.5807,0.004831224969804815,0.004819592054890644
2013-09-12,1.5819,0.0007591573353578074,0.0007588693211840576
2013-09-13,1.5861,0.002655035084392132,0.002651516704980378
2013-09-16,1.5927,0.004161149990542734,0.004152516348221164
2013-09-17,1.5901,-0.0016324480442015954,-0.0016337819393841464
2013-09-18,1.5965,0.004024904094082071,0.004016825836485375
2013-09-19,1.6043,0.0048856874412777085,0.0048737912021933226
2013-09-20,1.6021,-0.0013713145920338787,-0.0013722557043614786
2013-09-23,1.6066,0.0028088134323700498,0.0028048760870435807
2013-09-24,1.6006,-0.003734594796464541,-0.0037415858067663212
2013-09-25,1.608,0.0046232662751468645,0.0046126118059659355
2013-09-26,1.6012,-0.004228855721393088,-0.004237822620493181
2013-09-27,1.6135,0.007681738695977991,0.007652384373597937
2013-09-30,1.6179,0.002726991013324964,0.0027232795192744024
2013-10-01,1.6208,0.001792446999196562,0.001790842483127985
2013-10-02,1.6224,0.000987166831194486,0.0009866799024451063
2013-10-03,1.6169,-0.003390039447731752,-0.003395798651095112
2013-10-04,1.6069,-0.006184674376894073,-0.00620387869806142
2013-10-07,1.6082,0.000809011139461191,0.0008086840663412821
2013-10-08,1.6089,0.000435269245118608,0.0004351745429403688
2013-10-09,1.5943,-0.00907452296600153,-0.009115947243669483
2013-10-10,1.5975,0.002007150473561925,0.0020051388383700995
2013-10-11,1.5945,-0.00187793427230043,-0.0018796998015775193
2013-10-14,1.5945,0.0,0.0
2013-10-15,1.5974,0.0018187519598620305,0.0018171000331762641
2013-10-16,1.5904,-0.004382120946538004,-0.0043917505809788595
2013-10-17,1.6166,0.0164738430583502,0.0163396213974345
2013-10-18,1.6184,0.001113447977236115,0.001112828553791659
2013-10-21,1.6149,-0.0021626297577854725,-0.0021649716185144284
2013-10-22,1.6221,0.004458480401263287,0.004448570821047622
2013-10-23,1.6171,-0.0030824240182479867,-0.0030871844721707506
2013-10-24,1.6186,0.0009275864201347961,0.0009271564777033526
2013-10-25,1.6158,-0.0017298900284197227,-0.0017313880159933854
2013-10-28,1.6131,-0.0016709988860006408,-0.0016723965618660314
2013-10-29,1.6059,-0.0044634554584339625,-0.0044734464162966905
2013-10-30,1.6078,0.0011831371816426461,0.001182437826415116
2013-10-31,1.6068,-0.0006219679064559669,-0.0006221614087332617
2013-11-01,1.5922,-0.009086382872790622,-0.009127915830649298
2013-11-04,1.595,0.001758573043587397,0.0017570285644670375
2013-11-05,1.6044,0.005893416927899686,0.005876118676952858
2013-11-06,1.608,0.002243829468960401,0.002241315843013917
2013-11-07,1.6069,-0.0006840796019901285,-0.0006843136912042504
2013-11-08,1.5995,-0.004605140332316959,-0.004615776658134889
2013-11-11,1.5995,0.0,0.0
2013-11-12,1.5916,-0.004939043451078429,-0.004951280836799089
2013-11-13,1.6033,0.007351093239507334,0.007324205642018022
2013-11-14,1.6077,0.0027443397991642193,0.0027405809741225845
2013-11-15,1.6107,0.0018660197798097133,0.001864280927719283
2013-11-18,1.611,0.00018625442354247568,0.00018623708034079637
2013-11-19,1.611,0.0,0.0
2013-11-20,1.615,0.0024829298572315306,0.0024798524797825334
2013-11-21,1.6155,0.0003095975232196846,0.00030954960779590193
2013-11-22,1.6211,0.003466419065304871,0.003460424882974568
2013-11-25,1.6146,-0.00400962309542896,-0.0040176831866123065
2013-11-26,1.6187,0.0025393286262851422,0.0025361099789996673
2013-11-27,1.6267,0.004942237598072552,0.00493006483249295
2013-11-28,1.6267,0.0,0.0
2013-11-29,1.6373,0.006516259912706657,0.006495120873038871
2013-12-02,1.6365,-0.0004886092957917532,-0.0004887287042113469
2013-12-03,1.6416,0.0031164069660860605,0.0031115610352150983
2013-12-04,1.6352,-0.003898635477582846,-0.0039062549670650995
2013-12-05,1.6328,-0.0014677103718199191,-0.0014687885137502179
2013-12-06,1.6327,-6.124448799604831e-05,-6.12463635162805e-05
2013-12-09,1.6403,0.004654866172597583,0.004644065786321386
2013-12-10,1.6424,0.0012802536121441221,0.0012794347862837517
2013-12-11,1.6389,-0.0021310277642474507,-0.002133301634942171
2013-12-12,1.6326,-0.0038440417353102774,-0.0038514490525260493
2013-12-13,1.6294,-0.001960063702070358,-0.001961987140714252
2013-12-16,1.6311,0.0010433288326991974,0.0010427849434433154
2013-12-17,1.6254,-0.0034945742137207914,-0.003500694500880232
2013-12-18,1.6388,0.00824412452319434,0.008210327353611631
2013-12-19,1.6382,-0.0003661215523553807,-0.00036618859121434363
2013-12-20,1.6355,-0.0016481504089855825,-0.0016495101030631757
2013-12-23,1.6356,6.114338122897855e-05,6.114151204863612e-05
2013-12-24,1.6371,0.0009170946441672267,0.0009166743698086608
2013-12-25,1.6371,0.0,0.0
2013-12-26,1.6425,0.0032985156679494754,0.003293087498469677
2013-12-27,1.6491,0.004018264840182528,0.004010213175958668
2013-12-30,1.6522,0.0018798132314594707,0.0018780485936804353
2013-12-31,1.6574,0.0031473187265464997,0.0031423762865372675
2014-01-01,1.6574,0.0,0.0
2014-01-02,1.6441,-0.008024616869796164,-0.008056987398110898
2014-01-03,1.6424,-0.0010340003649411678,-0.0010345353121073524
2014-01-06,1.6412,-0.000730638090599145,-0.0007309051366928171
2014-01-07,1.6421,0.0005483792347062977,0.0005482289297606661
2014-01-08,1.6461,0.002435905243286074,0.002432943235247732
2014-01-09,1.6459,-0.00012149930137905773,-0.00012150668301709083
2014-01-10,1.647,0.0006683273588918848,0.0006681041276180707
2014-01-13,1.6379,-0.005525197328476117,-0.005540517689306578
2014-01-14,1.645,0.004334818975517463,0.0043254507111384535
2014-01-15,1.6375,-0.00455927051671734,-0.004569695690065297
2014-01-16,1.6335,-0.002442748091603053,-0.0024457364682821305
2014-01-17,1.6429,0.005754514845423886,0.005738020871166232
2014-01-20,1.6429,0.0,0.0
2014-01-21,1.6469,0.0024347190942846098,0.002431759967871707
2014-01-22,1.6571,0.006193454368814022,0.006174353755585278
2014-01-23,1.6612,0.002474201919015151,0.0024711461208503575
2014-01-24,1.6491,-0.007283891163014644,-0.007310548221874064
2014-01-27,1.6588,0.005881996240373555,0.005864764837501895
2014-01-28,1.6581,-0.0004219918013022017,-0.00042208086489933805
2014-01-29,1.6561,-0.0012061998673180696,-0.0012069279118817509
2014-01-30,1.6487,-0.004468329207173438,-0.004478342028312341
2014-01-31,1.645,-0.002244192394007416,-0.0022467143676606306
2014-02-03,1.6307,-0.008693009118540984,-0.00873101373224071
2014-02-04,1.63,-0.00042926350646965705,-0.00042935566642353064
2014-02-05,1.6308,0.0004907975460124447,0.0004906771442904944
2014-02-06,1.6345,0.002268825116507278,0.002266255219167012
2014-02-07,1.6395,0.0030590394616090144,0.003054370120437595
2014-02-10,1.6419,0.0014638609332113806,0.001462790533279254
2014-02-11,1.6468,0.002984347402399834,0.002979903077767635
2014-02-12,1.6578,0.006679621083313103,0.0066574112616762425
2014-02-13,1.6643,0.003920858969718832,0.003913192435254853
2014-02-14,1.6736,0.005587934867511857,0.0055723802779229755
2014-02-17,1.6736,0.0,0.0
2014-02-18,1.6696,-0.002390057361376652,-0.0023929181076127494
2014-02-19,1.6718,0.0013176808816481866,0.0013168135020646436
2014-02-20,1.664,-0.004665629860031162,-0.0046765478839019044
2014-02-21,1.663,-0.0006009615384614531,-0.0006011421882261408
2014-02-24,1.6641,0.0006614552014430064,0.0006612365363707015
2014-02-25,1.6696,0.003305089838351094,0.0032996400336924806
2014-02-26,1.6648,-0.0028749401054144474,-0.002879080683566301
2014-02-27,1.6693,0.002703027390677626,0.002699380781917763
2014-02-28,1.675,0.003414604924219855,0.0034087883978245652
2014-03-03,1.6712,-0.0022686567164179605,-0.0022712340168108284
2014-03-04,1.6665,-0.002812350406893205,-0.002816312494561608
2014-03-05,1.6729,0.00384038403840381,0.00383302858944065
2014-03-06,1.6743,0.0008368701058041328,0.0008365201252623628
2014-03-07,1.6725,-0.001075076151227261,-0.0010756544601139462
2014-03-10,1.6633,-0.005500747384155513,-0.0055159322058943245
2014-03-11,1.6628,-0.00030060722659774886,-0.00030065241800689325
2014-03-12,1.6605,-0.001383209044984346,-0.0013841665616810984
2014-03-13,1.6677,0.0043360433604335835,0.004326669810732198
2014-03-14,1.663,-0.002818252683336242,-0.002822231434605714
2014-03-17,1.6645,0.0009019843656044024,0.0009015778221520307
2014-03-18,1.6574,-0.004265545208771426,-0.004274668600137552
2014-03-19,1.6629,0.0033184505852541513,0.0033129566789267275
2014-03-20,1.6511,-0.007096037043718861,-0.007121333656081937
2014-03-21,1.6498,-0.0007873538852886108,-0.0007876640111555065
2014-03-24,1.6491,-0.00042429385380038376,-0.000424383891906881
2014-03-25,1.6507,0.0009702261839792392,0.0009697558187710413
2014-03-26,1.6566,0.003574241230992925,0.0035678688106684526
2014-03-27,1.6627,0.0036822407340335594,0.003675477882169992
2014-03-28,1.6637,0.0006014314067479543,0.0006012506193632851
2014-03-31,1.6675,0.0022840656368334766,0.002281461124081563
2014-04-01,1.6639,-0.0021589205397302136,-0.0021612543683173172
2014-04-02,1.6634,-0.00030049882805449624,-0.0003005439868743355
2014-04-03,1.6583,-0.003066009378381529,-0.0030707192145339526
2014-04-04,1.6594,0.0006633299161791228,0.00066311001013174
2014-04-07,1.6616,0.0013257804025550435,0.0013249023317175336
2014-04-08,1.6743,0.007643235435724538,0.007614173900594965
2014-04-09,1.6751,0.00047781162276772093,0.00047769750714336237
2014-04-10,1.6781,0.001790937854456276,0.0017893360374749666
2014-04-11,1.6736,-0.002681604195220788,-0.002685206136512324
2014-04-14,1.6741,0.00029875717017202597,0.0002987125511352783
2014-04-15,1.6725,-0.0009557374111461847,-0.0009561944193554821
2014-04-16,1.6794,0.004125560538116524,0.004117073747079251
2014-04-17,1.6809,0.0008931761343338174,0.000892777489885824
2014-04-18,1.6792,-0.0010113629603188956,-0.0010118747329253175
2014-04-21,1.6792,0.0,0.0
2014-04-22,1.6833,0.002441638875654961,0.0024386629186126554
2014-04-23,1.6768,-0.003861462603219845,-0.0038689372983129536
2014-04-24,1.6797,0.0017294847328244156,0.0017279908962342563
2014-04-25,1.681,0.0007739477287611596,0.0007736483856583847
2014-04-28,1.6812,0.00011897679952399542,0.00011896972234592403
2014-04-29,1.6829,0.00101118248869847,0.0010106715880659207
2014-04-30,1.6883,0.003208746806108387,0.003203609764120194
2014-05-01,1.69,0.0010069300479773613,0.0010064234339713237
2014-05-02,1.6865,-0.002071005917159696,-0.0020731534154141544
2014-05-05,1.687,0.00029647198339755043,0.0002964280442633476
2014-05-06,1.6976,0.006283343212803771,0.006263685313750366
2014-05-07,1.6964,-0.000706880301602264,-0.0007071302592830427
2014-05-08,1.6944,-0.0011789672247111138,-0.0011796627532935963
2014-05-09,1.6849,-0.005606704438149146,-0.005622481002802389
2014-05-12,1.6871,0.001305715472728286,0.0013048637675895293
2014-05-13,1.6838,-0.0019560192045522395,-0.0019579347083656024
2014-05-14,1.6784,-0.0032070317139802906,-0.003212185261530893
2014-05-15,1.6791,0.00041706387035289616,0.00041697692339103686
2014-05-16,1.6827,0.0021440057173485183,0.0021417106169772755
2014-05-19,1.6822,-0.0002971414987817944,-0.00029718565406407134
2014-05-20,1.6847,0.0014861490904769514,0.0014850458638216546
2014-05-21,1.6869,0.0013058704813913025,0.0013050185741072821
2014-05-22,1.6859,-0.0005928033671231958,-0.0005929791445102829
2014-05-23,1.6822,-0.002194673468177255,-0.0021970852934185933
2014-05-26,1.6822,0.0,0.0
2014-05-27,1.68,-0.0013078111996195352,-0.0013086671310323067
2014-05-28,1.6709,-0.005416666666666625,-0.005431389997206851
2014-05-29,1.6719,0.0005984798611526898,0.0005983008435026649
2014-05-30,1.6764,0.0026915485375920145,0.002687932807316133
2014-06-02,1.6756,-0.00047721307563819426,-0.0004773269780365583
2014-06-03,1.6753,-0.00017904034375748612,-0.00017905637339316207
2014-06-04,1.6747,-0.00035814480988471953,-0.0003582089590540618
2014-06-05,1.6796,0.0029258971756134233,0.00292162506960556
2014-06-06,1.6794,-0.000119075970469118,-0.00011908306057533602
2014-06-09,1.6798,0.00023818030248889954,0.0002381519420638264
2014-06-10,1.6753,-0.0026788903440885248,-0.0026824849920400167
2014-06-11,1.6795,0.002507013669193592,0.0025038763528607796
2014-06-12,1.6853,0.003453408752605025,0.0034474594296269134
2014-06-13,1.6953,0.005933661662612,0.005916126821933069
2014-06-16,1.6988,0.002064531351383181,0.0020624031352087075
2014-06-17,1.6965,-0.0013538968683778352,-0.0013548142148314165
2014-06-18,1.6951,-0.0008252284114351749,-0.0008255690998440929
2014-06-19,1.7046,0.005604389121585562,0.005588742963756458
2014-06-20,1.7014,-0.001877273260588952,-0.0018790375464132504
2014-06-23,1.701,-0.000235100505466046,-0.00023512814592215622
2014-06-24,1.6971,-0.0022927689594356426,-0.0022954013786420716
2014-06-25,1.6986,0.0008838607035530632,0.0008834703286891539
2014-06-26,1.7018,0.0018839043918519316,0.0018821320695478587
2014-06-27,1.7016,-0.00011752262310493755,-0.00011752952942951318
2014-06-30,1.7105,0.005230371415138713,0.005216740531631954
2014-07-01,1.7147,0.0024554223911137374,0.0024524127671463098
2014-07-02,1.7165,0.001049746311308164,0.001049195712941159
2014-07-03,1.7152,-0.0007573550830176634,-0.0007576420212637898
2014-07-04,1.7152,0.0,0.0
2014-07-07,1.7128,-0.0013992537313433084,-0.001400233601009835
2014-07-08,1.7127,-5.838393274182341e-05,-5.838563714996497e-05
2014-07-09,1.713,0.00017516202487311006,0.00017514668579682085
2014-07-10,1.7122,-0.0004670169293637949,-0.00046712601573472786
2014-07-11,1.7108,-0.0008176614881437727,-0.0008179959556315872
2014-07-14,1.7079,-0.0016951133972411547,-0.0016965517276077715
2014-07-15,1.7149,0.004098600620645376,0.004090224236955629
2014-07-16,1.7131,-0.0010496238847745865,-0.001050175125688509
2014-07-17,1.7104,-0.001576090129005947,-0.0015773334656321066
2014-07-18,1.7069,-0.0020463049579044768,-0.0020484015004934328
2014-07-21,1.7067,-0.00011717148046164194,-0.00011717834557582769
2014-07-22,1.7058,-0.0005273334505185856,-0.000527472539702339
2014-07-23,1.7036,-0.0012897174346347962,-0.0012905498359506978
2014-07-24,1.6981,-0.003228457384362615,-0.003233680096803075
2014-07-25,1.6972,-0.0005300041222542351,-0.0005301446240855982
2014-07-28,1.6991,0.0011194909262315367,0.001118864763543307
2014-07-29,1.6939,-0.003060443764345888,-0.003065136499376888
2014-07-30,1.6903,-0.002125273038550146,-0.0021275346362041717
2014-07-31,1.6889,-0.0008282553392887637,-0.0008285985322563177
2014-08-01,1.6832,-0.003374977796198775,-0.0033806858804849575
2014-08-04,1.6841,0.0005346958174903271,0.0005345529186177235
2014-08-05,1.6874,0.0019595035924233617,0.0019575862695178506
2014-08-06,1.6833,-0.0024297736162143257,-0.0024327303064903875
2014-08-07,1.6849,0.0009505138715617534,0.0009500624193035119
2014-08-08,1.6778,-0.004213899934714327,-0.004222803432145452
2014-08-11,1.6787,0.0005364167362023053,0.0005362729161742147
2014-08-12,1.6806,0.001131828200393148,0.0011311881657495282
2014-08-13,1.6696,-0.0065452814471023135,-0.006566795731126937
2014-08-14,1.6694,-0.00011978917105892606,-0.00011979634635469842
2014-08-15,1.6686,-0.0004792140888941754,-0.0004793289486620845
2014-08-18,1.672,0.0020376363418432852,0.0020355631766725947
2014-08-19,1.662,-0.005980861244019198,-0.005998818229253491
2014-08-20,1.6633,0.0007821901323705749,0.0007818843810956846
2014-08-21,1.6589,-0.00264534359405999,-0.00264884869825987
2014-08-22,1.6574,-0.0009042136355416064,-0.0009046226832872444
2014-08-25,1.6585,0.0006636901170509191,0.0006634699721651216
2014-08-26,1.657,-0.0009044317154055515,-0.0009048409605442626
2014-08-27,1.6573,0.00018105009052504784,0.0001810337029353615
2014-08-28,1.6579,0.0003620346346466796,0.000361969115921226
2014-08-29,1.6585,0.00036190361300447726,0.0003618381416876522
2014-09-01,1.6585,0.0,0.0
2014-09-02,1.6502,-0.005004522158577163,-0.005017086716864417
2014-09-03,1.6451,-0.0030905344806689827,-0.003095320044868104
2014-09-04,1.6349,-0.006200230988997579,-0.006219532244007837
2014-09-05,1.6312,-0.0022631353599609216,-0.0022657001211214573
2014-09-08,1.6141,-0.01048307994114761,-0.01053841448101145
2014-09-09,1.6088,-0.0032835635958119447,-0.003288966320791705
2014-09-10,1.6134,0.0028592739930382027,0.0028551940444316087
2014-09-11,1.6225,0.005640262799057938,0.005624416075371121
2014-09-12,1.6243,0.0011093990755008942,0.0011087841471051742
2014-09-15,1.6243,0.0,0.0
2014-09-16,1.629,0.002893554146401467,0.0028893758766949597
2014-09-17,1.6329,0.0023941068139963217,0.0023912455062189085
2014-09-18,1.6372,0.002633351705554565,0.0026298905099839337
2014-09-19,1.6314,-0.0035426337649645534,-0.0035489237517678865
2014-09-22,1.634,0.0015937231825424725,0.001592454553468034
2014-09-23,1.637,0.001835985312117483,0.0018343019511866904
2014-09-24,1.6344,-0.0015882712278557642,-0.0015895338677225316
2014-09-25,1.6313,-0.0018967205090554273,-0.0018985215611554635
2014-09-26,1.6254,-0.0036167473793906613,-0.0036233036231525183
2014-09-29,1.6262,0.0004921865386982027,0.0004920654546327671
2014-09-30,1.622,-0.0025827081539785413,-0.0025860490983788693
2014-10-01,1.6216,-0.0002466091245376667,-0.00024663953756800925
2014-10-02,1.614,-0.00468672915638868,-0.004697746307896101
2014-10-03,1.5962,-0.011028500619578718,-0.011089765387985631
2014-10-06,1.6029,0.0041974689888484296,0.004188684189926756
2014-10-07,1.6072,0.002682637719134018,0.0026790458688892567
2014-10-08,1.6068,-0.0002488800398208202,-0.0002489110155975391
2014-10-09,1.6123,0.003422952452078798,0.003417107484567096
2014-10-10,1.6049,-0.004589716553991208,-0.0046002816425836065
2014-10-13,1.6049,0.0,0.0
2014-10-14,1.593,-0.007414792198890963,-0.007442418417062047
2014-10-15,1.5959,0.0018204645323289803,0.0018188094950922157
2014-10-16,1.6065,0.00664202017670279,0.00662005915077244
2014-10-17,1.6086,0.0013071895424836555,0.001306335914055457
2014-10-20,1.6137,0.003170458784035768,0.0031654434773379253
2014-10-21,1.6134,-0.00018590816136820898,-0.00018592544443251562
2014-10-22,1.607,-0.003966778232304402,-0.0039746667653613515
2014-10-23,1.6037,-0.002053515868077227,-0.0020556272227495085
2014-10-24,1.6098,0.003803703934651015,0.003796488144870209
2014-10-27,1.6133,0.002174183128339058,0.002171823012464939
2014-10-28,1.6157,0.0014876340420255652,0.0014865286106864604
2014-10-29,1.6149,-0.0004951414247693631,-0.0004952640477634443
2014-10-30,1.6023,-0.007802340702210642,-0.007832938221186947
2014-10-31,1.5999,-0.001497846845160078,-0.001498969739168092
2014-11-03,1.5986,-0.0008125507844241042,-0.0008128810827476335
2014-11-04,1.5991,0.00031277367696724845,0.0003127247734776304
2014-11-05,1.5984,-0.00043774623225556475,-0.00043784207110724306
2014-11-06,1.5862,-0.0076326326326325855,-0.00766191024506978
2014-11-07,1.5844,-0.0011347875425545828,-0.001135431901457715
2014-11-10,1.5857,0.0008204998737693092,0.0008201634477603028
2014-11-11,1.5857,0.0,0.0
2014-11-12,1.5815,-0.0026486725105633324,-0.0026521864498184676
2014-11-13,1.5717,-0.0061966487511854185,-0.00621592766341964
2014-11-14,1.5657,-0.0038175224279443087,-0.003824827764806529
2014-11-17,1.5645,-0.0007664303506419445,-0.0007667242085404723
2014-11-18,1.5648,0.00019175455417053122,0.00019173617161593015
2014-11-19,1.567,0.0014059304703475384,0.0014049430754678298
2014-11-20,1.5683,0.0008296107211231973,0.0008292667843581694
2014-11-21,1.5672,-0.0007013964165020203,-0.000701642510048044
2014-11-24,1.5701,0.0018504338948444055,0.0018487239511450386
2014-11-25,1.5714,0.0008279727405897663,0.0008276301602452694
2014-11-26,1.5787,0.004645539009800137,0.004634781795959908
2014-11-27,1.5787,0.0,0.0
2014-11-28,1.5638,-0.009438145309431767,-0.009482966847267479
2014-12-01,1.5743,0.006714413607878278,0.006691972330169697
2014-12-02,1.5651,-0.005843867115543522,-0.005861009324126681
2014-12-03,1.57,0.0031307903648329916,0.0031258996458970846
2014-12-04,1.5707,0.00044585987261136495,0.00044576050663280034
2014-12-05,1.56,-0.006812249315591767,-0.006835558605403904
2014-12-08,1.5625,0.0016025641025640969,0.0016012813669738276
2014-12-09,1.5694,0.0044159999999999755,0.0044062780828162534
2014-12-10,1.5689,-0.00031859309290172,-0.0003186438544629505
2014-12-11,1.5712,0.0014659952833195877,0.0014649217612916414
2014-12-12,1.5728,0.0010183299389001643,0.0010178117927006245
2014-12-15,1.5663,-0.004132756866734422,-0.004141320308285667
2014-12-16,1.5736,0.004660665262082642,0.004649837990232968
2014-12-17,1.5652,-0.005338078291815096,-0.005352376738592065
2014-12-18,1.5662,0.0006388959877332567,0.0006386919805799623
2014-12-19,1.5609,-0.0033839867194483952,-0.003389725352469832
2014-12-22,1.5618,0.0005765904285990331,0.0005764242642073209
2014-12-23,1.5517,-0.006466897169932095,-0.00648789813913634
2014-12-24,1.5549,0.002062254301733457,0.0020601307743321148
2014-12-25,1.5549,0.0,0.0
2014-12-26,1.5549,0.0,0.0
2014-12-29,1.5524,-0.0016078204386134054,-0.0016091143690193073
2014-12-30,1.5573,0.0031564029889203926,0.003151432006541802
2014-12-31,1.5578,0.0003210685160213167,0.00032101698455511916
2015-01-01,1.5578,0.0,0.0
2015-01-02,1.5361,-0.013929901142637036,-0.014027832730748273
2015-01-05,1.5234,-0.008267690905539915,-0.008302057816412021
2015-01-06,1.5174,-0.003938558487593502,-0.003946335034713248
2015-01-07,1.5073,-0.006656122314485313,-0.006678373087490935
2015-01-08,1.5118,0.0029854707092151767,0.002981023041592814
2015-01-09,1.5151,0.0021828284164571166,0.002180449507713357
2015-01-12,1.5168,0.001122038149297122,0.0011214091349676305
2015-01-13,1.5166,-0.0001318565400844074,-0.00013186523392222355
2015-01-14,1.5234,0.004483713569827241,0.0044736916718525945
2015-01-15,1.5161,-0.004791912826572209,-0.004803430851151858
2015-01-16,1.5132,-0.0019128025855813524,-0.0019146343286617032
2015-01-19,1.5132,0.0,0.0
2015-01-20,1.5162,0.0019825535289452745,0.0019805908633293507
2015-01-21,1.5118,-0.0029019918216594,-0.0029062107641272005
2015-01-22,1.5052,-0.004365656832914344,-0.004375214138794077
2015-01-23,1.5022,-0.0019930906191868436,-0.001995079467370813
2015-01-26,1.5088,0.004393556117693986,0.004383932627281584
2015-01-27,1.5196,0.007158006362672387,0.0071325094342775215
2015-01-28,1.5165,-0.0020400105290866444,-0.002042094184834751
2015-01-29,1.5043,-0.008044840092317873,-0.008077374424857755
2015-01-30,1.5026,-0.001130093731303572,-0.0011307327687178224
2015-02-02,1.5027,6.655131106092504e-05,6.654909662067181e-05
2015-02-03,1.5129,0.0067877819924135885,0.006764848719108433
2015-02-04,1.5209,0.005287857756626435,0.005273926127533832
2015-02-05,1.5293,0.005523045565126061,0.005507849475754759
2015-02-06,1.5247,-0.003007912116654743,-0.003012444976216364
2015-02-09,1.5217,-0.001967600183642615,-0.0019695384517924505
2015-02-10,1.5252,0.0023000591443778085,0.002297418057339644
2015-02-11,1.5232,-0.0013113034356148079,-0.001312163946307615
2015-02-12,1.538,0.009716386554621703,0.009669486028488272
2015-02-13,1.5394,0.0009102730819245952,0.0009098590346277789
2015-02-16,1.5394,0.0,0.0
2015-02-17,1.5349,-0.0029232168377291146,-0.002927497780854804
2015-02-18,1.543,0.005277216756792047,0.0052633410437985416
2015-02-19,1.5451,0.0013609850939728663,0.0013600597932117385
2015-02-20,1.5385,-0.0042715681832891095,-0.004280717394275976
2015-02-23,1.5465,0.00519987000324984,0.005186397363027712
2015-02-24,1.5434,-0.0020045263498220667,-0.0020065381016215224
2015-02-25,1.5499,0.004211481145522944,0.004202637679502476
2015-02-26,1.5424,-0.004839021872378946,-0.004850767846723992
2015-02-27,1.5439,0.0009725103734439244,0.0009720377915997089
2015-03-02,1.5371,-0.004404430338752596,-0.004414158416994557
2015-03-03,1.5391,0.001301151519094379,0.00130030575502187
2015-03-04,1.5266,-0.00812162952374762,-0.00815478962153833
2015-03-05,1.5229,-0.002423686623870047,-0.0024266285067248124
2015-03-06,1.5063,-0.010900256090353944,-0.010960099148875704
2015-03-09,1.5097,0.002257186483436202,0.0022546428649208154
2015-03-10,1.5086,-0.000728621580446509,-0.0007288871541599169
2015-03-11,1.4945,-0.009346413893676297,-0.009390365695537991
2015-03-12,1.4907,-0.00254265640682505,-0.00254589444760799
2015-03-13,1.4755,-0.0101965519554571,-0.010248892893390414
2015-03-16,1.48,0.0030498136225007855,0.003045172375166584
2015-03-17,1.4744,-0.003783783783783856,-0.0037909604025472936
2015-03-18,1.4686,-0.003933803581117723,-0.003941561338103401
2015-03-19,1.4729,0.0029279586000272584,0.0029236804779872827
2015-03-20,1.4923,0.013171294724692695,0.013085307441924853
2015-03-23,1.4936,0.0008711385110233838,0.0008707592900906816
2015-03-24,1.487,-0.004418853776111398,-0.004428645767357774
2015-03-25,1.4915,0.0030262273032952702,0.0030216574946481797
2015-03-26,1.4844,-0.004760308414348047,-0.004771674768360758
2015-03-27,1.4878,0.002290487739153857,0.0022878685707984603
2015-03-30,1.4792,-0.00578034682080919,-0.005797117684325846
2015-03-31,1.485,0.003921038399134602,0.003913371163884837
2015-04-01,1.4823,-0.001818181818181941,-0.001819836716986094
2015-04-02,1.4842,0.0012817918100249681,0.0012809710162191613
2015-04-03,1.4916,0.004985850963482141,0.004973462768632693
2015-04-06,1.4959,0.0028828104049343217,0.002878663075749525
2015-04-07,1.4857,-0.006818637609465883,-0.006841990737108015
2015-04-08,1.4924,0.004509658746718603,0.00449952070369543
2015-04-09,1.4739,-0.012396140444920878,-0.012473613504290475
2015-04-10,1.4648,-0.006174095935952195,-0.006193234482411252
2015-04-13,1.4658,0.000682687056253295,0.0006824541314487111
2015-04-14,1.479,0.009005321326238214,0.008965015219049997
2015-04-15,1.4782,-0.0005409060175795011,-0.0005410523600134762
2015-04-16,1.4923,0.009538628061155352,0.009493422586635823
2015-04-17,1.4942,0.001273202439187937,0.0012723926042786653
2015-04-20,1.4913,-0.0019408379065720682,-0.0019427237729642457
2015-04-21,1.4944,0.002078723261583759,0.00207656570584147
2015-04-22,1.5027,0.005554068522483968,0.005538701557102661
2015-04-23,1.5047,0.0013309376455712396,0.0013300527331515186
2015-04-24,1.5176,0.008573137502492223,0.008536596855972089
2015-04-27,1.5235,0.0038877174486031674,0.0038801798049593944
2015-04-28,1.5328,0.006104364949130137,0.0060858087908322095
2015-04-29,1.5485,0.010242693110647183,0.010190592196661389
2015-04-30,1.5328,-0.010138844042621886,-0.01019059219666138
2015-05-01,1.5137,-0.012460855949895544,-0.012539143448076521
2015-05-04,1.5118,-0.0012552024839797005,-0.0012559909104432221
2015-05-05,1.5178,0.00396877893901304,0.003960924111736053
2015-05-06,1.5244,0.00434839899855044,0.004338972029892618
2015-05-07,1.5223,-0.0013775911834164045,-0.0013785409344967345
2015-05-08,1.5455,0.015240097221310034,0.015125133506962776
2015-05-11,1.5593,0.008929149142672177,0.008889520018668672
2015-05-12,1.5685,0.005900083370743436,0.0058827460398932245
2015-05-13,1.5748,0.00401657634682806,0.004008531438849495
2015-05-14,1.5766,0.001143002286004613,0.0011423495562254467
2015-05-15,1.5772,0.00038056577445133577,0.00038049337766423775
2015-05-18,1.5679,-0.00589652548820685,-0.005913978637067257
2015-05-19,1.5523,-0.00994961413355444,-0.0099994423340071
2015-05-20,1.5544,0.0013528312826129874,0.001351917030832762
2015-05-21,1.5672,0.008234688625836206,0.008200968567100538
2015-05-22,1.5484,-0.011995916283818242,-0.012068447926837925
2015-05-25,1.5484,0.0,0.0
2015-05-26,1.5398,-0.005554120382330163,-0.0055696018595438705
2015-05-27,1.5324,-0.004805818937524409,-0.004817404017455323
2015-05-28,1.5291,-0.002153484729835564,-0.002155806812388207
2015-05-29,1.5286,-0.00032698973252232033,-0.0003270432053219298
2015-06-01,1.5187,-0.006476514457673721,-0.006497578072559453
2015-06-02,1.5331,0.009481793639296798,0.00943712358018427
2015-06-03,1.5351,0.0013045463440088945,0.001303696162747306
2015-06-04,1.5367,0.0010422773760667692,0.0010417345821309243
2015-06-05,1.5267,-0.006507451031431022,-0.006528716798390032
2015-06-08,1.528,0.0008515097923627035,0.000851147463569214
2015-06-09,1.5383,0.006740837696335156,0.00671821983523968
2015-06-10,1.553,0.009556003380355005,0.009510633586981732
2015-06-11,1.5493,-0.0023824855119124466,-0.0023853281464409587
2015-06-12,1.5587,0.006067256180210423,0.006048924492759172
2015-06-15,1.5572,-0.0009623404118817014,-0.0009628037587046381
2015-06-16,1.5637,0.004174158746468093,0.004165471113163998
2015-06-17,1.5708,0.004540512886103354,0.004530235854389849
2015-06-18,1.5882,0.011077158135981646,0.01101625575725601
2015-06-19,1.5881,-6.296436217101409e-05,-6.296634450967745e-05
2015-06-22,1.5823,-0.003652162962030081,-0.003658848391663373
2015-06-23,1.5751,-0.004550338115401731,-0.0045607224172478705
2015-06-24,1.5681,-0.004444162275411001,-0.0044540669207038175
2015-06-25,1.5728,0.002997257827944688,0.0029927750059162983
2015-06-26,1.5739,0.0006993896236013875,0.000699145164653314
2015-06-29,1.5764,0.0015884109536818958,0.0015871507632933281
2015-06-30,1.5727,-0.0023471200202994646,-0.0023498788241689077
2015-07-01,1.5617,-0.006994340942328425,-0.007018916002879574
2015-07-02,1.5614,-0.0001920983543575172,-0.00019211680760965473
2015-07-03,1.5614,0.0,0.0
2015-07-06,1.5619,0.00032022543870890985,0.0003201741774862514
2015-07-07,1.5443,-0.011268327037582515,-0.011332295634721554
2015-07-08,1.5353,-0.005827883183319282,-0.0058449315641019095
2015-07-09,1.5375,0.0014329447013612384,0.001431919015819519
2015-07-10,1.5503,0.008325203252032454,0.00829073989164349
2015-07-13,1.5518,0.0009675546668386215,0.0009670868875323453
2015-07-14,1.5584,0.004253125402758018,0.004244106428421693
2015-07-15,1.5621,0.002374229979466236,0.002371415948692547
2015-07-16,1.5601,-0.0012803277639075183,-0.0012811480837593122
2015-07-17,1.5624,0.0014742644702261387,0.0014731788092653194
2015-07-20,1.5587,-0.002368151561700005,-0.0023709600674639377
2015-07-21,1.555,-0.002373773015974856,-0.002376594881670793
2015-07-22,1.5617,0.004308681672025916,0.0042994258804658165
2015-07-23,1.5533,-0.00537875392200815,-0.005393271499938676
2015-07-24,1.5514,-0.0012232022146397847,-0.001223950937090318
2015-07-27,1.5595,0.0052210906278202796,0.005207507991086988
2015-07-28,1.5617,0.0014107085604360137,0.00140971444594216
2015-07-29,1.5624,0.00044822949350065144,0.0004481290686690232
2015-07-30,1.5581,-0.0027521761392729216,-0.002755970339160274
2015-07-31,1.5634,0.0034015788460304286,0.003395806562921144
2015-08-03,1.5603,-0.001982857873864541,-0.001984826339093459
2015-08-04,1.5612,0.0005768121515092872,0.0005766458593233858
2015-08-05,1.5604,-0.000512426338713734,-0.00051255767395838
2015-08-06,1.5521,-0.005319148936170248,-0.005333345975362617
2015-08-07,1.5467,-0.0034791572707945084,-0.0034852236130448466
2015-08-10,1.5546,0.005107648542057364,0.0050946487520252505
2015-08-11,1.5572,0.0016724559372185421,0.00167105894018134
2015-08-12,1.5639,0.004302594400205528,0.004293364705869297
2015-08-13,1.5595,-0.0028134791227060196,-0.002817444394311943
2015-08-14,1.5625,0.0019236934915036752,0.0019218455626986012
2015-08-17,1.5598,-0.0017279999999999518,-0.0017294947141588467
2015-08-18,1.5658,0.003846647006026327,0.003839267577416061
2015-08-19,1.5645,-0.0008302465193511521,-0.0008305913648770096
2015-08-20,1.5688,0.002748481943112724,0.0027447117731996032
2015-08-21,1.5698,0.000637429882712981,0.0006372268105768761
2015-08-24,1.5731,0.0021021786214803218,0.0020999721357456724
2015-08-25,1.5698,-0.0020977687368888276,-0.002099972135745676
2015-08-26,1.5493,-0.013058988406166483,-0.013145006690467283
2015-08-27,1.5411,-0.00529271283805588,-0.00530676886091425
2015-08-28,1.5362,-0.003179547076763267,-0.0031846125767502165
2015-08-31,1.5363,6.509569066537324e-05,6.509357203284371e-05
2015-09-01,1.5341,-0.0014320119768274076,-0.0014330382858865514
2015-09-02,1.531,-0.0020207287660518602,-0.0020227731930440745
2015-09-03,1.5254,-0.0036577400391899495,-0.0036644459275454277
2015-09-04,1.5195,-0.003867837944145802,-0.0038753373732904454
2015-09-07,1.5195,0.0,0.0
2015-09-08,1.5381,0.012240868706811403,0.01216655510091678
2015-09-09,1.5363,-0.001170275014628408,-0.0011709603211502476
2015-09-10,1.5457,0.006118596628262862,0.006099954021658725
2015-09-11,1.5426,-0.002005563822216505,-0.002007577658374119
2015-09-14,1.5423,-0.0001944768572539335,-0.00019449577033008066
2015-09-15,1.5352,-0.004603514231991235,-0.004614143036078561
2015-09-16,1.5499,0.009575299635226742,0.009529747009514982
2015-09-17,1.5509,0.0006452029163170891,0.0006449948624019956
2015-09-18,1.5573,0.004126636146753571,0.004118144935885938
2015-09-21,1.5506,-0.0043023181146856215,-0.004311599716434334
2015-09-22,1.5356,-0.009673674706565105,-0.009720768658215907
2015-09-23,1.5243,-0.007358687158114163,-0.007385895858846812
2015-09-24,1.5254,0.0007216427212490828,0.0007213824623422873
2015-09-25,1.5172,-0.005375639176609437,-0.0053901399153943545
2015-09-28,1.5208,0.002372791985235878,0.002369981359475451
2015-09-29,1.5168,-0.002630194634402949,-0.002633659673462051
2015-09-30,1.5116,-0.003428270042194037,-0.0034341600254234
2015-10-01,1.5162,0.003043133103995732,0.003038512146869606
2015-10-02,1.5216,0.0035615354174911573,0.003555208168922378
2015-10-05,1.5165,-0.0033517350157729053,-0.003357364662490096
2015-10-06,1.5227,0.004088361358391079,0.004080026718051019
2015-10-07,1.5315,0.005779207985814772,0.005762572426143267
2015-10-08,1.5316,6.52954619653201e-05,6.52933303094346e-05
2015-10-09,1.5315,-6.529119874643108e-05,-6.529333030953e-05
2015-10-12,1.5315,0.0,0.0
2015-10-13,1.5242,-0.0047665687234738074,-0.004777965040812947
2015-10-14,1.5445,0.013318462144075616,0.01323055112661935
2015-10-15,1.5475,0.0019423761735191114,0.0019404922001149438
2015-10-16,1.5441,-0.0021970920840065356,-0.0021995092319327084
2015-10-19,1.5471,0.0019428793471925054,0.001940994398204388
2015-10-20,1.547,-6.46370628918369e-05,-6.463915195680771e-05
2015-10-21,1.5463,-0.0004524886877828038,-0.0004525910916813251
2015-10-22,1.5399,-0.004138912242126369,-0.004147501247017621
2015-10-23,1.534,-0.003831417624521105,-0.003838776307165713
2015-10-26,1.5361,0.001368970013037707,0.0013680338278982635
2015-10-27,1.5312,-0.003189896491113897,-0.003194995056410083
2015-10-28,1.5319,0.00045715778474408886,0.0004570533199607261
2015-10-29,1.5296,-0.0015014034858672476,-0.0015025317215136298
2015-10-30,1.5445,0.00974110878661083,0.00969397006149951
2015-11-02,1.5428,-0.0011006798316607336,-0.0011012860245636716
2015-11-03,1.5404,-0.0015556131708581722,-0.0015568243933188938
2015-11-04,1.5377,-0.0017527914827316637,-0.001754329419106562
2015-11-05,1.5236,-0.009169538921766307,-0.009211837917198226
2015-11-06,1.5071,-0.010829614071934834,-0.010888681178818268
2015-11-09,1.5124,0.003516687678322583,0.0035105185911471154
2015-11-10,1.511,-0.0009256810367628265,-0.0009261097440382864
2015-11-11,1.511,0.0,0.0
2015-11-12,1.5206,0.006353408338848565,0.00633331052159682
2015-11-13,1.5208,0.00013152702880447897,0.00013151837988319555
2015-11-16,1.5204,-0.0002630194634403171,-0.00026305405912575006
2015-11-17,1.5214,0.0006577216521967966,0.0006575054481071255
2015-11-18,1.521,-0.0002629157355068523,-0.00026295030390802474
2015-11-19,1.5327,0.007692307692307665,0.007662872745569097
2015-11-20,1.5199,-0.008351275526848001,-0.008386342802446418
2015-11-23,1.5125,-0.0048687413645635,-0.00488063229741903
2015-11-24,1.5057,-0.004495867768595008,-0.004506004575998823
2015-11-25,1.5109,0.0034535432024971335,0.0034475934167975467
2015-11-26,1.5109,0.0,0.0
2015-11-27,1.504,-0.004566814481434811,-0.004577274236010032
2015-11-30,1.5044,0.00026595744680846245,0.00026592208639614374
2015-12-01,1.5074,0.001994150491890556,0.0019921648131882913
2015-12-02,1.4927,-0.009751890672681562,-0.00979975177017564
2015-12-03,1.5088,0.01078582434514641,0.010728072239999078
2015-12-04,1.51,0.0007953340402970799,0.0007950179297771195
2015-12-07,1.5076,-0.0015894039735099286,-0.0015906684159896426
2015-12-08,1.5,-0.005041124966834731,-0.005053874302678958
2015-12-09,1.5168,0.011199999999999877,0.011137744410455803
2015-12-10,1.5176,0.0005274261603376296,0.0005272871200471682
2015-12-11,1.5213,0.0024380600948867848,0.0024350928482787418
2015-12-14,1.513,-0.005455860119634615,-0.005470797680727243
2015-12-15,1.5044,-0.005684071381361511,-0.00570028719217457
2015-12-16,1.5013,-0.002060622174953397,-0.0020627481779219975
2015-12-17,1.4876,-0.009125424631985624,-0.009167316367344289
2015-12-18,1.4914,0.0025544501210001958,0.0025511930587793948
2015-12-21,1.4906,-0.000536408743462613,-0.0005365526621010898
2015-12-22,1.4811,-0.006373272507714911,-0.006393668514666453
2015-12-23,1.4863,0.0035109040577947503,0.0035047552219222354
2015-12-24,1.4943,0.005382493440086122,0.0053680595924981344
2015-12-25,1.4943,0.0,0.0
2015-12-28,1.4883,-0.004015257980325204,-0.004023340772234462
2015-12-29,1.4794,-0.005979977155143423,-0.0059979288213455875
2015-12-30,1.4832,0.002568608895498148,0.0025653156578233976
2015-12-31,1.4746,-0.0057982740021576,-0.005815149256040605
2016-01-01,1.4746,0.0,0.0
2016-01-04,1.4686,-0.00406890004068905,-0.004077200538040149
2016-01-05,1.4664,-0.0014980253302464552,-0.001499148492014809
2016-01-06,1.4626,-0.0025913802509547335,-0.0025947436886444553
2016-01-07,1.4579,-0.003213455490222894,-0.003218629726074589
2016-01-08,1.4523,-0.003841141367720735,-0.0038485374970179077
2016-01-11,1.4564,0.0028231081732423835,0.0028191306875199554
2016-01-12,1.4403,-0.011054655314474027,-0.011116212096274001
2016-01-13,1.447,0.004651808650975697,0.0046410224264797064
2016-01-14,1.4409,-0.004215618521078102,-0.0042245292925954855
2016-01-15,1.4289,-0.008328128253175082,-0.00836300086396397
2016-01-18,1.4289,0.0,0.0
2016-01-19,1.4171,-0.008258100636853505,-0.00829238764409963
2016-01-20,1.4167,-0.0002822666008044372,-0.00028230644551946666
2016-01-21,1.4198,0.002188183807439792,0.0021857932199802256
2016-01-22,1.4308,0.007747570080293142,0.007717711779577296
2016-01-25,1.4245,-0.0044031311154598685,-0.004412853446899676
2016-01-26,1.4342,0.006809406809406671,0.006786327510511375
2016-01-27,1.4261,-0.00564774787337885,-0.005663756705753162
2016-01-28,1.4351,0.0063109178879461325,0.0062910874341648455
2016-01-29,1.4184,-0.011636819733816361,-0.011705057416887925
2016-02-01,1.4367,0.01290186125211501,0.01281934125667519
2016-02-02,1.4399,0.002227326512145744,0.002224849697551273
2016-02-03,1.4576,0.012292520313910815,0.01221758079146921
2016-02-04,1.458,0.00027442371020858225,0.0002743860629096034
2016-02-05,1.4468,-0.007681755829903936,-0.007711412490660533
2016-02-08,1.4415,-0.0036632568426873124,-0.0036699829994860105
2016-02-09,1.4473,0.0040235865417967975,0.004015513565102071
2016-02-10,1.4473,0.0,0.0
2016-02-11,1.4448,-0.0017273543840253813,-0.0017288479808378681
2016-02-12,1.446,0.0008305647840529673,0.000830220055988834
2016-02-15,1.446,0.0,0.0
2016-02-16,1.429,-0.011756569847856113,-0.011826224788842548
2016-02-17,1.4317,0.0018894331700489708,0.001887650436414423
2016-02-18,1.4333,0.0011175525598938751,0.0011169285628881765
2016-02-19,1.4343,0.0006976906439684072,0.0006974473709973408
2016-02-22,1.4157,-0.012967998326709806,-0.013052816899715766
2016-02-23,1.404,-0.008264462809917439,-0.008298802814695179
2016-02-24,1.3932,-0.007692307692307665,-0.007722046093910278
2016-02-25,1.3937,0.00035888601780076357,0.0003588216336178052
2016-02-26,1.3867,-0.0050226017076845375,-0.005035257365645317
2016-02-29,1.3926,0.004254705415735138,0.004245679748627745
2016-03-01,1.3948,0.0015797788309637184,0.0015785322930497896
2016-03-02,1.4059,0.007958130197877722,0.007926631284365509
2016-03-03,1.4152,0.006614979728287951,0.006593196759713831
2016-03-04,1.4226,0.005228942905596501,0.005215319453839395
2016-03-07,1.4256,0.002108814846056406,0.0021065944171299563
2016-03-08,1.4225,-0.002174523007856255,-0.0021768907160587907
2016-03-09,1.4236,0.0007732864674867557,0.000772987635551561
2016-03-10,1.4306,0.004917111548187858,0.004905062038246004
2016-03-11,1.4426,0.00838808891374243,0.008353104395288751
2016-03-14,1.4324,-0.007070567031748354,-0.007095681945294742
2016-03-15,1.4166,-0.011030438425020828,-0.011091724804755282
2016-03-16,1.41,-0.004659042778483835,-0.0046699299473084155
2016-03-17,1.449,0.027659574468085202,0.02728395894846851
2016-03-18,1.4514,0.0016563146997929934,0.0016549445233542252
2016-03-21,1.4402,-0.007716687336364991,-0.007746615029270241
2016-03-22,1.4217,-0.012845438133592513,-0.012928654173114083
2016-03-23,1.4111,-0.007455862699584981,-0.0074837965779372805
2016-03-24,1.4143,0.0022677343916093218,0.002265166962739078
2016-03-25,1.4131,-0.0008484762780173183,-0.0008488364377535702
2016-03-28,1.425,0.008421201613473928,0.00838594111405041
2016-03-29,1.4281,0.0021754385964911638,0.0021730757561365006
2016-03-30,1.439,0.007632518731181426,0.007603538428480486
2016-03-31,1.4381,-0.0006254343293955467,-0.0006256299950339984
2016-04-01,1.4204,-0.012307906265210944,-0.012384275823401023
2016-04-04,1.4279,0.0052802027597858014,0.005266311367316558
2016-04-05,1.4149,-0.009104279011135197,-0.0091459762343429
2016-04-06,1.4162,0.0009187928475509199,0.0009183710157668082
2016-04-07,1.4082,-0.005648919644118067,-0.00566493513264075
2016-04-08,1.4105,0.001633290725749248,0.0016319583570182116
2016-04-11,1.424,0.009571074087203035,0.009525561529870014
2016-04-12,1.4244,0.00028089887640470046,0.00028085943170179335
2016-04-13,1.4223,-0.0014743049705140399,-0.0014753928274404637
2016-04-14,1.4148,-0.0052731491246571505,-0.00528710124485669
2016-04-15,1.4217,0.004877014418999126,0.004865160310326727
2016-04-18,1.4276,0.004149961313919981,0.004141373974353002
2016-04-19,1.4396,0.008405715886802945,0.008370584588870272
2016-04-20,1.4375,-0.0014587385384828844,-0.0014598035333701013
2016-04-21,1.4338,-0.0025739130434783153,-0.0025772312527337013
2016-04-22,1.439,0.003626726182173412,0.003620165468596124
2016-04-25,1.4492,0.0070882557331479745,0.0070632521335543055
2016-04-26,1.4611,0.008211426994203741,0.008177896657116625
2016-04-27,1.4554,-0.0039011703511053764,-0.00390879976505272
2016-04-28,1.4581,0.0018551600934451073,0.001853441409253546
2016-04-29,1.4625,0.003017625677251168,0.0030130817837718945
2016-05-02,1.4666,0.0028034188034187224,0.0027994965536874976
2016-05-03,1.4543,-0.008386744852038719,-0.00842211147603464
2016-05-04,1.4475,-0.004675789039400358,-0.004686754736514137
2016-05-05,1.4486,0.0007599309153714096,0.0007596423140754502
2016-05-06,1.4439,-0.0032445119425653646,-0.0032497867840524334
2016-05-09,1.4409,-0.0020777062123414902,-0.0020798676382849054
2016-05-10,1.4454,0.0031230480949406836,0.0031181815099923177
2016-05-11,1.448,0.001798810017987984,0.0017971940967808778
2016-05-12,1.4452,-0.001933701657458542,-0.0019355736721764945
2016-05-13,1.4369,-0.005743149737060582,-0.005759705038324189
2016-05-16,1.4411,0.0029229591481660933,0.002918695609154869
2016-05-17,1.4485,0.00513496634515298,0.0051218273650891575
2016-05-18,1.4615,0.008974801518812692,0.008934767341895666
2016-05-19,1.4608,-0.00047895997263081025,-0.0004790747105965595
2016-05-20,1.4513,-0.006503285870755771,-0.006524524364386878
2016-05-23,1.4444,-0.004754358161648264,-0.004765696073014568
2016-05-24,1.4623,0.012392689005815694,0.012316528214530853
2016-05-25,1.4694,0.004855364836217069,0.004843615568343799
2016-05-26,1.4673,-0.001429154757043638,-0.0014301769727558073
2016-05-27,1.4644,-0.0019764192734955666,-0.001978374967340086
2016-05-30,1.4644,0.0,0.0
2016-05-31,1.453,-0.007784758262769587,-0.007815217675798087
2016-06-01,1.4395,-0.009291121816930481,-0.009334553518052334
2016-06-02,1.4419,0.0016672455713788725,0.0016658572603706141
2016-06-03,1.4521,0.00707399958388244,0.007049096224090568
2016-06-06,1.445,-0.0048894704221471574,-0.004901462990159148
2016-06-07,1.4564,0.007889273356401327,0.007858315754745788
2016-06-08,1.4546,-0.0012359241966493073,-0.0012366885808380915
2016-06-09,1.4467,-0.005431046335762302,-0.005445848084895684
2016-06-10,1.4342,-0.008640353908896281,-0.008677898187070208
2016-06-13,1.4223,-0.008297308604099829,-0.00833192287229214
2016-06-14,1.413,-0.006538704914574867,-0.006560175891654781
2016-06-15,1.4185,0.0038924274593064023,0.003884871564378561
2016-06-16,1.4075,-0.007754670426506904,-0.007784894235060623
2016-06-17,1.4285,0.014920071047957562,0.014809861656982504
2016-06-20,1.4688,0.02821141057052845,0.02782079819539818
2016-06-21,1.4668,-0.0013616557734205115,-0.001362583669055103
2016-06-22,1.4682,0.0009544586855738668,0.0009540034795098609
2016-06-23,1.48,0.008037052172728432,0.00800492708147969
2016-06-24,1.3639,-0.078445945945946,-0.08169384482533135
2016-06-27,1.3217,-0.030940684800938367,-0.03142945616906831
2016-06-28,1.3294,0.005825830369977858,0.00580892584372025
2016-06-29,1.351,0.016247931397622928,0.016117346352717322
2016-06-30,1.3242,-0.01983715766099181,-0.020036555469453092
2016-07-01,1.3281,0.0029451744449477957,0.002940845915459219
2016-07-04,1.3281,0.0,0.0
2016-07-05,1.3021,-0.019576839093441767,-0.019771003671522406
2016-07-06,1.2921,-0.007679901697258296,-0.00770954400650807
2016-07-07,1.2926,0.0003869669530220943,0.0003868921006203766
2016-07-08,1.2938,0.0009283614420547703,0.0009279307810899694
2016-07-11,1.2986,0.0037100015458340074,0.0037031364645013537
2016-07-12,1.3237,0.019328507623594726,0.019144084645338823
2016-07-13,1.318,-0.004306111656719791,-0.004315409657272578
2016-07-14,1.3332,0.011532625189681234,0.011466631371131993
2016-07-15,1.3194,-0.010351035103510431,-0.010404979644814202
2016-07-18,1.3279,0.006442322267697476,0.006421659207511363
2016-07-19,1.3123,-0.011747872580766705,-0.011817424094040935
2016-07-20,1.3179,0.004267316924483788,0.004258237747602655
2016-07-21,1.3216,0.0028074967751725577,0.0028035631168699827
2016-07-22,1.3091,-0.009458232445520687,-0.00950324558066038
2016-07-25,1.313,0.002979145978152964,0.002974717116742875
2016-07-26,1.3133,0.00022848438690026285,0.00022845828831807093
2016-07-27,1.3094,-0.0029696185182365165,-0.002974036584123243
2016-07-28,1.3151,0.004353138842217774,0.004343691340928182
2016-07-29,1.327,0.00904874154056734,0.00900804698428838
2016-08-01,1.3209,-0.00459683496608887,-0.0046074329023896195
2016-08-02,1.3326,0.008857597092891245,0.008818598698618956
2016-08-03,1.3335,0.0006753714542997447,0.0006751434936320804
2016-08-04,1.3143,-0.014398200224971847,-0.01450286013410646
2016-08-05,1.3069,-0.0056303735828958645,-0.00564628388497226
2016-08-08,1.3042,-0.0020659576096104804,-0.002068094643888281
2016-08-09,1.301,-0.0024536114092931216,-0.0024566264465966992
2016-08-10,1.2998,-0.0009223674096847656,-0.0009227930522566753
2016-08-11,1.296,-0.0029235266964148243,-0.002927808548028495
2016-08-12,1.2934,-0.002006172839506104,-0.002008187899727523
2016-08-15,1.2874,-0.004638936137312477,-0.004649729393976892
2016-08-16,1.3019,0.011263010719279043,0.011200055284835793
2016-08-17,1.3012,-0.0005376757047393932,-0.0005378203041551783
2016-08-18,1.3147,0.01037503842606835,0.010321587103362288
2016-08-19,1.3061,-0.0065414162926903385,-0.006562905119083036
2016-08-22,1.3133,0.005512594747722144,0.005497456007638613
2016-08-23,1.3179,0.003502626970227851,0.003496507058729527
2016-08-24,1.3236,0.0043250625995903125,0.004315736397613581
2016-08-25,1.3177,-0.004457540042308916,-0.004467504496250629
2016-08-26,1.3168,-0.0006830082719891939,-0.0006832416284012866
2016-08-29,1.3089,-0.005999392466585651,-0.006017461125131742
2016-08-30,1.3084,-0.00038200015279998834,-0.00038207313344469467
2016-08-31,1.3129,0.0034393151941300992,0.003433414275835692
2016-09-01,1.3273,0.010968085916672976,0.010908372692091897
2016-09-02,1.3299,0.0019588638589618235,0.001956947786960947
2016-09-05,1.3299,0.0,0.0
2016-09-06,1.3429,0.009775171065493637,0.009727703168012056
2016-09-07,1.3339,-0.006701913768709433,-0.006724472440131154
2016-09-08,1.3301,-0.0028487892645625568,-0.002852854787747836
2016-09-09,1.3257,-0.0033080219532365396,-0.003313505554446499
2016-09-12,1.3313,0.00422418345025255,0.0042152866330673715
2016-09-13,1.3184,-0.00968977690978734,-0.009737028282664147
2016-09-14,1.3204,0.0015169902912621769,0.0015158408238307361
2016-09-15,1.3215,0.0008330808845802284,0.000832734065305741
2016-09-16,1.309,-0.009458948164964065,-0.00950396813444397
2016-09-19,1.3051,-0.0029793735676089117,-0.0029838207364180002
2016-09-20,1.2974,-0.005899931039766937,-0.005917404394526821
2016-09-21,1.2978,0.00030830892554334355,0.0003082614081130064
2016-09-22,1.3092,0.008784096162736788,0.00874574043995721
2016-09-23,1.2959,-0.010158875649251331,-0.010210829185656524
2016-09-26,1.2978,0.001466162512539615,0.0014650887456993523
2016-09-27,1.3005,0.0020804438280166426,0.002078282701638149
2016-09-28,1.2996,-0.0006920415224912491,-0.0006922810937608957
2016-09-29,1.2991,-0.00038473376423531214,-0.00038480779325823544
2016-09-30,1.3015,0.0018474328381188343,0.0018457284329330373
2016-10-03,1.284,-0.013446023818670771,-0.013537240184713589
2016-10-04,1.2746,-0.007320872274143353,-0.007347801369712787
2016-10-05,1.2745,-7.845598619171668e-05,-7.845906402358528e-05
2016-10-06,1.2647,-0.00768928991761475,-0.007719004930239435
2016-10-07,1.2434,-0.016841938799715295,-0.016985377050693487
2016-10-10,1.2434,0.0,0.0
2016-10-11,1.2218,-0.01737172269583409,-0.017524381619570675
2016-10-12,1.2195,-0.0018824684891144416,-0.0018842425596916172
2016-10-13,1.2201,0.0004920049200491938,0.0004918839253135609
2016-10-14,1.2189,-0.0009835259404965546,-0.0009840099194976604
2016-10-17,1.2186,-0.0002461235540243134,-0.0002461538473969465
2016-10-18,1.231,0.0101756113572955,0.01012418837005975
2016-10-19,1.2279,-0.0025182778229082547,-0.0025214540179865513
2016-10-20,1.2256,-0.0018731167033145812,-0.0018748731801401354
2016-10-21,1.221,-0.0037532637075717856,-0.003760324875622157
2016-10-24,1.2204,-0.0004914004914006176,-0.0004915212681902285
2016-10-25,1.2164,-0.0032776138970829205,-0.0032829970393049935
2016-10-26,1.2234,0.00575468595856643,0.0057381910052550795
2016-10-27,1.2173,-0.004986104299493199,-0.004998576392913824
2016-10-28,1.2155,-0.0014786823297461282,-0.00147977665937257
2016-10-31,1.2212,0.004689428218840108,0.004678467104544852
2016-11-01,1.2218,0.0004913200131018147,0.0004911993549437384
2016-11-02,1.2315,0.007939106236700022,0.007907757344926105
2016-11-03,1.2454,0.011287048315062886,0.01122382487775895
2016-11-04,1.2546,0.007387184840211836,0.007360033224291153
2016-11-07,1.2403,-0.011398055157022191,-0.011463510841359058
2016-11-08,1.2372,-0.0024993953075868047,-0.0025025240103692466
2016-11-09,1.2474,0.008244422890397729,0.008210623281107745
2016-11-10,1.2523,0.003928170594837077,0.003920475477964357
2016-11-11,1.2523,0.0,0.0
2016-11-14,1.2469,-0.004312065798930065,-0.004321389567446392
2016-11-15,1.2422,-0.0037693479829977727,-0.003776469877337819
2016-11-16,1.245,0.002254065367895741,0.002251528773605458
2016-11-17,1.245,0.0,0.0
2016-11-18,1.2327,-0.009879518072289262,-0.009928644341334334
2016-11-21,1.2474,0.01192504258943794,0.011854499534548599
2016-11-22,1.2424,-0.00400833734167072,-0.004016392257544972
2016-11-23,1.2458,0.0027366387636833522,0.0027329009855679947
2016-11-24,1.2458,0.0,0.0
2016-11-25,1.2462,0.0003210788248515506,0.00032102729007652144
2016-11-28,1.2411,-0.0040924410207028306,-0.004100837974646005
2016-11-29,1.2505,0.0075739263556520164,0.007545388182198007
2016-11-30,1.2481,-0.0019192323070771344,-0.0019210763932656792
2016-12-01,1.2596,0.009214005288037841,0.009171815302461575
2016-12-02,1.2685,0.007065735154017094,0.0070408898124669295
2016-12-05,1.2708,0.0018131651556956285,0.0018115233560244454
2016-12-06,1.2706,-0.00015738117721120215,-0.00015739356292820853
2016-12-07,1.2604,-0.008027703447190282,-0.00806009894931331
2016-12-08,1.2574,-0.0023801967629323295,-0.002383033934158755
2016-12-09,1.259,0.0012724669953871892,0.0012716580953863357
2016-12-12,1.2677,0.006910246227164629,0.006886479900334048
2016-12-13,1.2685,0.0006310641318922894,0.0006308650946554475
2016-12-14,1.2706,0.0016554986204178057,0.001654129793096298
2016-12-15,1.2389,-0.02494884306626799,-0.025265340710739794
2016-12-16,1.2478,0.007183792073613748,0.007158111554992871
2016-12-19,1.2419,-0.004728321846449779,-0.0047395357226991276
2016-12-20,1.2358,-0.004911828649649674,-0.004923931327107644
2016-12-21,1.2348,-0.0008091924259590044,-0.0008095199988750556
2016-12-22,1.2301,-0.00380628441852926,-0.0038135467532648478
2016-12-23,1.2252,-0.0039834159824403415,-0.003991370916119036
2016-12-26,1.2252,0.0,0.0
2016-12-27,1.2261,0.0007345739471105173,0.0007343042797209755
2016-12-28,1.2222,-0.0031808172253486866,-0.0031858867775262007
2016-12-29,1.2237,0.001227295041728027,0.0012265425308073204
2016-12-30,1.2337,0.008171937566396892,0.008138728085796357
2017-01-02,1.2337,0.0,0.0
2017-01-03,1.2256,-0.0065656156277863476,-0.006587264091092078
2017-01-04,1.2299,0.0035084856396867536,0.003502345262038029
2017-01-05,1.2415,0.009431661110659517,0.0093874606998566
2017-01-06,1.2314,-0.008135320177204974,-0.008168592471111524
2017-01-09,1.2167,-0.011937631963618744,-0.012009457683706468
2017-01-10,1.2165,-0.00016437905810795517,-0.00016439256982604333
2017-01-11,1.2118,-0.0038635429510891495,-0.003871025712688584
2017-01-12,1.2211,0.0076745337514441125,0.007645234328087463
2017-01-13,1.2198,-0.0010646138727377075,-0.001065180976620223
2017-01-16,1.2198,0.0,0.0
2017-01-17,1.2388,0.015576323987538832,0.015456258236691672
2017-01-18,1.2309,-0.006377139166935608,-0.006397559982797499
2017-01-19,1.2319,0.0008124136810463423,0.0008120838516782719
2017-01-20,1.2319,0.0,0.0
2017-01-23,1.2485,0.0134751197337446,0.013385137751899477
2017-01-24,1.2531,0.0036844213055668984,0.003677650451411651
2017-01-25,1.262,0.007102386082515233,0.007077282929918996
2017-01-26,1.2579,-0.003248811410459629,-0.0032541002563318466
2017-01-27,1.2531,-0.003815883615549631,-0.0038231826735872234
2017-01-30,1.2478,-0.004229510813183346,-0.004238480494553406
2017-01-31,1.2585,0.008575092162205422,0.008538534898684523
2017-02-01,1.2643,0.004608661104489542,0.00459807374248152
2017-02-02,1.2541,-0.00806770544965596,-0.008100425487847963
2017-02-03,1.2504,-0.0029503229407543685,-0.002954683722737258
2017-02-06,1.245,-0.00431861804222633,-0.004327970208458706
2017-02-07,1.2486,0.0028915662650601526,0.0028873937288356644
2017-02-08,1.2543,0.004565112926477655,0.004554724402985278
2017-02-09,1.2516,-0.0021525950729489596,-0.002154915235901852
2017-02-10,1.2502,-0.0011185682326622093,-0.001119194297015112
2017-02-13,1.251,0.0006398976163812797,0.0006396929691990634
2017-02-14,1.2465,-0.003597122302158251,-0.0036036075032985443
2017-02-15,1.2465,0.0,0.0
2017-02-16,1.2477,0.0009626955475332544,0.0009622324533632663
2017-02-17,1.2428,-0.0039272260960168115,-0.003934957898083482
2017-02-20,1.2428,0.0,0.0
2017-02-21,1.2465,0.002977148374637917,0.002972725444720238
2017-02-22,1.2456,-0.0007220216606497187,-0.0007222824438238984
2017-02-23,1.2548,0.0073859987154782925,0.007358855796734319
2017-02-24,1.2499,-0.003905004781638466,-0.003912649220346911
2017-02-27,1.2473,-0.0020801664133129893,-0.0020823329645126235
2017-02-28,1.2427,-0.0036879660065742836,-0.003694783319714615
2017-03-01,1.2318,-0.008771223947855455,-0.008809917559005991
2017-03-02,1.2267,-0.004140282513395155,-0.004148877214236699
2017-03-03,1.2249,-0.0014673514306674518,-0.0014684290450663487
2017-03-06,1.2243,-0.0004898359049719803,-0.0004899559137702258
2017-03-07,1.2209,-0.0027770971167195846,-0.002780960405059756
2017-03-08,1.2152,-0.004668687034155128,-0.004679619393246657
2017-03-09,1.2166,0.0011520737327188613,0.0011514106050418357
2017-03-10,1.2158,-0.0006575702778233161,-0.0006577865719827258
2017-03-13,1.2234,0.0062510281296266346,0.006231571493842427
2017-03-14,1.2168,-0.0053948013732221245,-0.00540940586338135
2017-03-15,1.2222,0.004437869822485174,0.004428051515732004
2017-03-16,1.237,0.012109311078383422,0.01203657993167294
2017-03-17,1.2372,0.00016168148746964484,0.0001616684184266122
2017-03-20,1.2365,-0.0005657937277725456,-0.0005659538494438124
2017-03-21,1.2479,0.009219571370804758,0.009177330552337814
2017-03-22,1.2476,-0.0002404038785158713,-0.0002404327801604118
2017-03-23,1.2526,0.0040076947739660085,0.003999685357664279
2017-03-24,1.2491,-0.0027941880887751847,-0.0027980991194487327
2017-03-27,1.2583,0.007365303018173064,0.007338311626058616
2017-03-28,1.2503,-0.0063577843121672695,-0.006378081096968302
2017-03-29,1.2411,-0.007358234023834176,-0.0073854393654783634
2017-03-30,1.2489,0.006284747401498425,0.006265080733563691
2017-03-31,1.2537,0.003843382176315302,0.0038360152529400985
2017-04-03,1.2479,-0.004626306133843849,-0.004637040608170785
2017-04-04,1.2437,-0.0033656542992226424,-0.00337133085411325
2017-04-05,1.2488,0.0041006673635120006,0.004092282541526868
2017-04-06,1.2486,-0.00016015374759770218,-0.00016016657357857453
2017-04-07,1.2398,-0.007047893640877767,-0.007072847359824703
2017-04-10,1.2418,0.0016131634134537443,0.0016118636629733596
2017-04-11,1.2484,0.005314865517796807,0.005300791465832004
2017-04-12,1.25,0.00128164049983992,0.0012808198997225682
2017-04-13,1.2522,0.0017599999999999838,0.0017584530148632416
2017-04-14,1.2531,0.0007187350263537784,0.0007184768600294382
2017-04-17,1.2587,0.004468917085627577,0.004458961126219864
2017-04-18,1.2769,0.014459362834670753,0.01435582313317624
2017-04-19,1.2789,0.0015662933667475176,0.001565068008638809
2017-04-20,1.283,0.0032058800531706844,0.0032007521763620823
2017-04-21,1.2783,-0.003663289166017103,-0.0036700154416603424
2017-04-24,1.2783,0.0,0.0
2017-04-25,1.2836,0.004146131581006074,0.004137560061725815
2017-04-26,1.2838,0.00015581177937051827,0.00015579964197597263
2017-04-27,1.2889,0.00397258139897172,0.00396471153305601
2017-04-28,1.2938,0.0038016913647296313,0.0037944831991511985
2017-05-01,1.2917,-0.001623125676302406,-0.0016244443719152567
2017-05-02,1.2921,0.00030966942788568375,0.00030962149020470105
2017-05-03,1.2916,-0.0003869669530222053,-0.0003870418440544305
2017-05-04,1.291,-0.0004645401052958409,-0.0004646480374777341
2017-05-05,1.295,0.0030983733539891034,0.0030935832869955723
2017-05-08,1.2942,-0.0006177606177605321,-0.0006179515104723417
2017-05-09,1.2939,-0.00023180343069073572,-0.0002318303012585158
2017-05-10,1.2939,0.0,0.0
2017-05-11,1.2885,-0.004173429167632747,-0.004182162229487398
2017-05-12,1.288,-0.00038804811796655514,-0.0003881234281207564
2017-05-15,1.2917,0.002872670807453348,0.0028685525736708455
2017-05-16,1.2912,-0.0003870867848573267,-0.00038716172228564835
2017-05-17,1.2944,0.0024783147459728205,0.0024752487885429737
2017-05-18,1.3009,0.00502163164400482,0.005009065303285988
2017-05-19,1.3018,0.000691828733953459,0.0006915895307736277
2017-05-22,1.3006,-0.0009218005838070864,-0.0009222257032355431
2017-05-23,1.2984,-0.0016915269875441563,-0.0016929592346699364
2017-05-24,1.2935,-0.0037738755391250045,-0.0037810145742975623
2017-05-25,1.2954,0.001468882875917954,0.0014678051227327504
2017-05-26,1.2795,-0.012274201018990238,-0.012350151148973134
2017-05-29,1.2795,0.0,0.0
2017-05-30,1.2858,0.0049237983587338,0.004911716107742755
2017-05-31,1.2905,0.0036553118680975327,0.0036486474510820724
2017-06-01,1.2894,-0.0008523827973652143,-0.0008527462821486325
2017-06-02,1.2885,-0.0006979990693346538,-0.0006982427841001019
2017-06-05,1.2917,0.00248350795498653,0.002480429145550196
2017-06-06,1.2901,-0.001238677711542957,-0.0012394455068789638
2017-06-07,1.2941,0.0031005348422603607,0.0030957380965335774
2017-06-08,1.2939,-0.0001545475620121639,-0.00015455950571722205
2017-06-09,1.2737,-0.015611716515959495,-0.015734862726193333
2017-06-12,1.2658,-0.006202402449556388,-0.0062217172545087985
2017-06-13,1.2739,0.006399115184073212,0.0063787277745360966
2017-06-14,1.2808,0.0054164377109662265,0.0054018215667636545
2017-06-15,1.2768,-0.0031230480949406836,-0.0031279349869606323
2017-06-16,1.2778,0.0007832080200502745,0.0007829014726987261
2017-06-19,1.2743,-0.002739082798560055,-0.002742840950009458
2017-06-20,1.2628,-0.009024562504904687,-0.009065530534396914
2017-06-21,1.2667,0.003088375039594471,0.0030836158057501485
2017-06-22,1.2659,-0.0006315623273071003,-0.0006317618468041584
2017-06-23,1.2727,0.005371672327987964,0.005357296355218823
2017-06-26,1.2732,0.00039286556140494255,0.00039278840993638213
2017-06-27,1.2791,0.004633993088281274,0.004623289197409488
2017-06-28,1.2936,0.011336095692283887,0.011272323657549868
2017-06-29,1.2984,0.0037105751391464104,0.0037037079374842106
2017-06-30,1.2995,0.0008471965495995271,0.0008468378811635127
2017-07-03,1.2951,-0.003385917660638893,-0.0033916628520036206
2017-07-04,1.2951,0.0,0.0
2017-07-05,1.2934,-0.001312639950582839,-0.0013135022170489767
2017-07-06,1.2967,0.0025514148755216848,0.0025481655423459735
2017-07-07,1.288,-0.006709339091540034,-0.006731947890539626
2017-07-10,1.2884,0.00031055900621113075,0.00031051079274478714
2017-07-11,1.2851,-0.002561316361378463,-0.0025646021439482856
2017-07-12,1.2889,0.0029569683293129145,0.0029526050976384087
2017-07-13,1.2921,0.0024827372177826934,0.0024796603174408027
2017-07-14,1.3079,0.012228155715501954,0.012153995766932161
2017-07-17,1.3058,-0.0016056273415399058,-0.001606917742573619
2017-07-18,1.3026,-0.0024506049931077856,-0.002453612640232057
2017-07-19,1.3036,0.000767695378473876,0.0007674008511053713
2017-07-20,1.2976,-0.004602638846271878,-0.004613263602258018
2017-07-21,1.2968,-0.0006165228113441668,-0.0006167129396822752
2017-07-24,1.3028,0.004626773596545286,0.0046161029806120225
2017-07-25,1.3046,0.0013816395455941155,0.001380685959917207
2017-07-26,1.3048,0.000153303694619078,0.0001532919448085303
2017-07-27,1.3065,0.001302881667688549,0.0013020336538630776
2017-07-28,1.3124,0.00451588212782239,0.004505716126279353
2017-07-31,1.3196,0.005486132276744993,0.0054711382674798885
2017-08-01,1.3206,0.0007578053955743513,0.0007575184060445609
2017-08-02,1.3236,0.002271694684234493,0.0022691182869861667
2017-08-03,1.3144,-0.006950740404956246,-0.006975009324398838
2017-08-04,1.3036,-0.008216676810712031,-0.008250619759651766
2017-08-07,1.3021,-0.001150659711568025,-0.0011513222287239
2017-08-08,1.2968,-0.004070347899546967,-0.0040786543132163705
2017-08-09,1.2997,0.0022362739049970326,0.0022337771660765043
2017-08-10,1.2978,-0.0014618758174963498,-0.0014629454004746545
2017-08-11,1.2988,0.0007705347511171023,0.0007702380416226309
2017-08-14,1.2975,-0.001000923929781239,-0.0010014251886470867
2017-08-15,1.2862,-0.008709055876686023,-0.008747201339281016
2017-08-16,1.286,-0.00015549681231530332,-0.0001555089031980355
2017-08-17,1.2888,0.002177293934681135,0.0021749270651998795
2017-08-18,1.2847,-0.0031812538795779055,-0.0031863248252006456
2017-08-21,1.2903,0.004358994317739562,0.004349521420236353
2017-08-22,1.2834,-0.005347593582887611,-0.005361943141385287
2017-08-23,1.2787,-0.0036621474209133087,-0.003668869499292474
2017-08-24,1.2802,0.0011730663955580312,0.0011723788907804786
2017-08-25,1.2873,0.005546008436182026,0.005530685957685874
2017-08-28,1.2927,0.004194826380796934,0.004186052624313217
2017-08-29,1.2937,0.0007735746886363692,0.0007732756339544033
2017-08-30,1.2934,-0.0002318930200200242,-0.00023191991136374817
2017-08-31,1.2888,-0.003556517705273099,-0.0035628571497279635
2017-09-01,1.2972,0.0065176908752326845,0.0064965425703981915
2017-09-04,1.2972,0.0,0.0
2017-09-05,1.3013,0.003160653715695405,0.0031556693495487947
2017-09-06,1.3073,0.00461077384154307,0.004600176785102731
2017-09-07,1.3094,0.0016063642622199392,0.0016050754391767196
2017-09-08,1.3211,0.008935390255078612,0.008895705877317358
2017-09-11,1.3173,-0.002876390886382585,-0.0028805356485269735
2017-09-12,1.328,0.008122675168906301,0.008089863800597912
2017-09-13,1.3218,-0.004668674698795172,-0.004679607000026712
2017-09-14,1.3398,0.013617793917385379,0.013525905037814749
2017-09-15,1.3578,0.01343484102104786,0.013345393793379443
2017-09-18,1.3485,-0.006849315068493067,-0.006872879287761952
2017-09-19,1.3517,0.00237300704486465,0.0023701959099973933
2017-09-20,1.3564,0.0034771029074500692,0.0034710717617016757
2017-09-21,1.3576,0.0008846947803007321,0.0008843036685329476
2017-09-22,1.3531,-0.003314672952268727,-0.0033201786504180584
2017-09-25,1.3457,-0.005468923213362009,-0.005483932522102897
2017-09-26,1.3422,-0.0026008768670578997,-0.0026042650233566596
2017-09-27,1.3401,-0.0015645954403218365,-0.0015658206979562179
2017-09-28,1.3435,0.0025371240952165586,0.0025339110293630166
2017-09-29,1.3402,-0.002456270934127147,-0.002459292516475438
2017-10-02,1.3268,-0.0099985076854201,-0.010048828466173004
2017-10-03,1.3251,-0.0012812782634911146,-0.0012820998023068924
2017-10-04,1.3268,0.001282922043619461,0.0012820998023069957
2017-10-05,1.3132,-0.010250226107928917,-0.010303121445459815
2017-10-06,1.3063,-0.005254340542186986,-0.005268193134919977
2017-10-09,1.3063,0.0,0.0
2017-10-10,1.3215,0.011635918242363763,0.011568741551826137
2017-10-11,1.321,-0.0003783579265985715,-0.00037842952201858076
2017-10-12,1.3174,-0.002725208175624605,-0.0027289283157328316
2017-10-13,1.3304,0.009867921663883505,0.009819551672125452
2017-10-16,1.3285,-0.0014281419122068595,-0.0014291626788497291
2017-10-17,1.3182,-0.007753105005645411,-0.007783316581248616
2017-10-18,1.3183,7.586102260659366e-05,7.585814530473399e-05
2017-10-19,1.3181,-0.00015171053629670084,-0.00015172204550417264
2017-10-20,1.3179,-0.0001517335558758326,-0.00015174506857641202
2017-10-23,1.3201,0.0016693224068593526,0.0016679306368702772
2017-10-24,1.3124,-0.005832891447617672,-0.005849969199767394
2017-10-25,1.3252,0.009753124047546358,0.009705869338794108
2017-10-26,1.3181,-0.005357681859341934,-0.005372085707320712
2017-10-27,1.3108,-0.005538274789469777,-0.005553667893760588
2017-10-30,1.3195,0.006637168141592875,0.006615239118719183
2017-10-31,1.3281,0.006517620310723782,0.006496472462826296
2017-11-01,1.3257,-0.0018070928393946195,-0.0018087276014010594
2017-11-02,1.3068,-0.014256619144602967,-0.014359221077888989
2017-11-03,1.3067,-7.652280379555343e-05,-7.652573181467824e-05
2017-11-06,1.3145,0.005969235478686885,0.005951490174835577
2017-11-07,1.3152,0.0005325218714340441,0.0005323801319796069
2017-11-08,1.3108,-0.0033454987834549144,-0.0033511074772558653
2017-11-09,1.3133,0.0019072322245956563,0.0019054157664546824
2017-11-10,1.3133,0.0,0.0
2017-11-13,1.3101,-0.0024366100662451817,-0.0024395834314891044
2017-11-14,1.3128,0.0020609113808105484,0.0020587906162561
2017-11-15,1.3165,0.0028184034125533497,0.00281443916048298
2017-11-16,1.3197,0.0024306874287884916,0.0024277380864197095
2017-11-17,1.3222,0.0018943699325604246,0.001892577876693978
2017-11-20,1.3241,0.0014369989411586737,0.0014359674462333955
2017-11-21,1.3232,-0.0006797069707726866,-0.0006799380762843639
2017-11-22,1.3291,0.004458887545344625,0.00444897615786021
2017-11-23,1.3291,0.0,0.0
2017-11-24,1.3336,0.003385749755473677,0.0033800310092972226
2017-11-27,1.3333,-0.00022495500899821774,-0.00022498031517149256
2017-11-28,1.3231,-0.007650191254781391,-0.007679604073047482
2017-11-29,1.3436,0.015493915803794112,0.015375110689772362
2017-11-30,1.3506,0.005209883894016221,0.005196359402604022
2017-12-01,1.3505,-7.404116688880524e-05,-7.40439080713101e-05
2017-12-04,1.3465,-0.0029618659755645815,-0.0029662609810166404
2017-12-05,1.345,-0.0011139992573339086,-0.0011146202157141987
2017-12-06,1.3382,-0.005055762081784376,-0.005068585687222901
2017-12-07,1.3432,0.003736362277686256,0.0037293994146143077
2017-12-08,1.3367,-0.004839189994044091,-0.004850936785903724
2017-12-11,1.3363,-0.00029924440787010287,-0.0002992891904120966
2017-12-12,1.3323,-0.0029933398189029292,-0.002997828820848946
2017-12-13,1.3365,0.003152443143436212,0.003147484612807463
2017-12-14,1.344,0.0056116722783390305,0.005595985504121246
2017-12-15,1.3316,-0.009226190476190665,-0.009269015382225167
2017-12-18,1.3398,0.006158005407029377,0.006139122373297553
2017-12-19,1.3356,-0.0031347962382446415,-0.003139720004667864
2017-12-20,1.3408,0.003893381251871997,0.0038858216583193155
2017-12-21,1.3372,-0.002684964200477369,-0.0026885751818750917
2017-12-22,1.3379,0.0005234819024828585,0.0005233449336301374
2017-12-25,1.3379,0.0,0.0
2017-12-26,1.3369,-0.0007474400179386942,-0.0007477194904968957
2017-12-27,1.3403,0.0025431969481637395,0.002539968495374193
2017-12-28,1.345,0.003506677609490305,0.0035005435514883962
2017-12-29,1.3529,0.005873605947955385,0.005856423573375087
2018-01-01,1.3529,0.0,0.0
2018-01-02,1.3596,0.004952324635967065,0.004940102212646251
2018-01-03,1.3522,-0.0054427772874373614,-0.0054576431653833015
2018-01-04,1.3539,0.0012572104718238108,0.0012564208444877923
2018-01-05,1.3562,0.001698796070610742,0.0016973547486764642
2018-01-08,1.3566,0.0002949417490045736,0.0002948982622374193
2018-01-09,1.3518,-0.0035382574082265528,-0.0035445318457255144
2018-01-10,1.3513,-0.0003698772007693085,-0.0003699456222133413
2018-01-11,1.3543,0.0022200843632058653,0.002217623617285343
2018-01-12,1.3689,0.010780476999187716,0.010722781940140843
2018-01-15,1.3689,0.0,0.0
2018-01-16,1.3774,0.006209365183724058,0.006190166509131216
2018-01-17,1.3824,0.003630027588209739,0.0036234549391933745
2018-01-18,1.3889,0.00470196759259256,0.004690947872382072
2018-01-19,1.3857,-0.002303981568147484,-0.0023066398175039145
2018-01-22,1.3944,0.006278415241394386,0.006258788101141914
2018-01-23,1.3968,0.0017211703958690538,0.0017196908795264574
2018-01-24,1.4198,0.016466208476517696,0.016332110519947703
2018-01-25,1.4264,0.004648542048175663,0.0046377709436449975
2018-01-26,1.4179,-0.00595905776780703,-0.005976883805418368
2018-01-29,1.4042,-0.00966217645814238,-0.009709158160363843
2018-01-30,1.4124,0.005839623985187448,0.005822639471083034
2018-01-31,1.419,0.004672897196261738,0.004662013105811371
2018-02-01,1.4247,0.004016913319238924,0.004008867063143211
2018-02-02,1.4126,-0.008493016073559345,-0.00852928724836396
2018-02-05,1.4022,-0.007362310632875735,-0.007389546201954802
2018-02-06,1.3951,-0.005063471687348331,-0.00507633449880481
2018-02-07,1.3881,-0.005017561465127995,-0.005030191692998789
2018-02-08,1.3915,0.0024493912542324914,0.0024463963848819583
2018-02-09,1.3794,-0.008695652173912993,-0.008733679968754553
2018-02-12,1.382,0.0018848774829636206,0.0018831033304243542
2018-02-13,1.3892,0.0052098408104197524,0.0051963165423038185
2018-02-14,1.3955,0.004534984163547362,0.004524732106457903
2018-02-15,1.4061,0.007595843783590128,0.007567140620393287
2018-02-16,1.4055,-0.00042671218263279354,-0.00042680325018354084
2018-02-19,1.4055,0.0,0.0
2018-02-20,1.4021,-0.0024190679473496957,-0.0024219986195006932
2018-02-21,1.3946,-0.005349119178375217,-0.00536347694017544
2018-02-22,1.3939,-0.0005019360390077221,-0.0005020620510697773
2018-02-23,1.3979,0.0028696463160915453,0.0028655367412421394
2018-02-26,1.3952,-0.001931468631518607,-0.0019333363223675547
2018-02-27,1.3906,-0.003297018348623837,-0.0033024654897977146
2018-02-28,1.3794,-0.008054077376671964,-0.008086686667726611
2018-03-01,1.3755,-0.002827316224445431,-0.0028313206325616537
2018-03-02,1.3769,0.0010178117048347257,0.00101729408569758
2018-03-05,1.3856,0.006318541651536114,0.0062986633578440724
2018-03-06,1.3886,0.002165127020785196,0.0021627865110022703
2018-03-07,1.3888,0.0001440299582313731,0.0001440195869127808
2018-03-08,1.3824,-0.004608294930875556,-0.0046189458562945285
2018-03-09,1.3863,0.0028211805555555802,0.0028172084945392393
2018-03-12,1.3898,0.002524706052080994,0.0025215243358965
2018-03-13,1.3987,0.006403799107785435,0.0063833819050314105
2018-03-14,1.3946,-0.0029312933438192523,-0.0029355979983478786
2018-03-15,1.3951,0.0003585257421483412,0.00035846148715203775
2018-03-16,1.3919,-0.0022937423840585502,-0.0022963770407075446
2018-03-19,1.4032,0.008118399310295343,0.008085622384563802
2018-03-20,1.4013,-0.0013540478905359477,-0.001354965441746595
2018-03-21,1.4064,0.0036394776279169427,0.0036328707547405308
2018-03-22,1.4098,0.002417519908987309,0.0024146024088624973
2018-03-23,1.4151,0.00375939849624074,0.0037523496185505934
2018-03-26,1.4236,0.006006642640095983,0.005988674677711808
2018-03-27,1.4161,-0.005268333801629721,-0.005282260407024573
2018-03-28,1.411,-0.0036014405762304635,-0.003607941376199054
2018-03-29,1.4029,-0.005740609496810767,-0.00575715012808736
2018-03-30,1.4027,-0.00014256183619643092,-0.00014257199910090712
2018-04-02,1.4032,0.0003564554074284576,0.0003563918922928092
2018-04-03,1.4068,0.0025655644241733278,0.002562278981908806
2018-04-04,1.4076,0.0005686664771111793,0.0005685048476027036
2018-04-05,1.3991,-0.006038647342995085,-0.006056953708189796
2018-04-06,1.4088,0.00693302837538412,0.006909105442756121
2018-04-09,1.4136,0.0034071550255536653,0.0034013638234902605
2018-04-10,1.4161,0.0017685342388227276,0.0017669722235263093
2018-04-11,1.4194,0.0023303439022668293,0.0023276328618694947
2018-04-12,1.4244,0.003522615189516687,0.003516425312740112
2018-04-13,1.4255,0.0007722549845547988,0.0007719569491039185
2018-04-16,1.4332,0.005401613468958288,0.005387077078072091
2018-04-17,1.4301,-0.0021629919062239322,-0.002165334551909165
2018-04-18,1.4227,-0.005174463324242984,-0.00518789722176829
2018-04-19,1.4193,-0.0023898221691150967,-0.002392682351909264
2018-04-20,1.4033,-0.01127316282674562,-0.011337186548122092
2018-04-23,1.3953,-0.005700848001140124,-0.005717159858928965
2018-04-24,1.3975,0.001576721851931362,0.0015754801310930812
2018-04-25,1.3941,-0.002432915921288026,-0.0024358802702119063
2018-04-26,1.3927,-0.001004232121081583,-0.001004736699995943
2018-04-27,1.3785,-0.010196022115315562,-0.010248357595194824
2018-04-30,1.3751,-0.0024664490388103255,-0.002469495734952397
2018-05-01,1.3611,-0.010181077739800704,-0.010233259390871113
2018-05-02,1.361,-7.34699875101219e-05,-7.347268656185461e-05
2018-05-03,1.3569,-0.0030124908155767516,-0.0030170374995588793
2018-05-04,1.3535,-0.0025057115483824166,-0.0025088560975513635
2018-05-07,1.3567,0.0023642408570374585,0.00236145043690717
2018-05-08,1.3521,-0.0033905800840273725,-0.003396341126550567
2018-05-09,1.3567,0.0034021152281635825,0.003396341126550599
2018-05-10,1.3487,-0.005896661015699856,-0.005914114968450981
2018-05-11,1.3549,0.004597019351968656,0.004586485329573618
2018-05-14,1.3595,0.0033950845080816805,0.003389334220139872
2018-05-15,1.3512,-0.006105185730047813,-0.006123898578935087
2018-05-16,1.3478,-0.002516281823564115,-0.002519452981473571
2018-05-17,1.3507,0.0021516545481525817,0.0021493430546018592
2018-05-18,1.3476,-0.0022951062412083223,-0.002297744034320698
2018-05-21,1.3418,-0.004303947758978799,-0.004313236403610005
2018-05-22,1.3445,0.0020122223878371592,0.002010200580131611
2018-05-23,1.3341,-0.007735217552993667,-0.007765289524158894
2018-05-24,1.3384,0.003223146690652934,0.0032179634878538197
2018-05-25,1.3321,-0.004707112970711247,-0.004718226315197054
2018-05-28,1.3321,0.0,0.0
2018-05-29,1.3258,-0.004729374671571196,-0.0047405935501259305
2018-05-30,1.3296,0.0028661939960776817,0.002862094293892413
2018-05-31,1.3289,-0.0005264741275571305,-0.000526612763721662
2018-06-01,1.3358,0.005192264278726766,0.005178830954073543
2018-06-04,1.3314,-0.0032939062733943203,-0.003299343124932461
2018-06-05,1.336,0.0034550097641581345,0.0034490549299879044
2018-06-06,1.3429,0.005164670658682535,0.005151379490538464
2018-06-07,1.3427,-0.00014893141708238744,-0.00014894250846713528
2018-06-08,1.3406,-0.0015640128100097295,-0.0015652371548051523
2018-06-11,1.3386,-0.0014918693122482063,-0.001492983257315442
2018-06-12,1.3416,0.0022411474675032572,0.002238639842457161
2018-06-13,1.3378,-0.0028324388789503496,-0.00283645782469127
2018-06-14,1.3333,-0.003363731499476885,-0.0033694015628950294
2018-06-15,1.3283,-0.0037500937523436972,-0.0037571429829550257
2018-06-18,1.3247,-0.002710231122487472,-0.0027139104482418503
2018-06-19,1.3172,-0.005661659243602402,-0.005677747188006725
2018-06-20,1.3213,0.0031126632250226827,0.003107828917961882
2018-06-21,1.3251,0.0028759554983728286,0.002871827850419292
2018-06-22,1.3258,0.0005282620179609676,0.0005281225367007637
2018-06-25,1.3273,0.0011313923668727632,0.001130752824865365
2018-06-26,1.3243,-0.0022602275295712237,-0.002262785699237861
2018-06-27,1.3139,-0.00785320546703916,-0.007884204285142188
2018-06-28,1.3095,-0.0033488088895653467,-0.0033544287000097837
2018-06-29,1.3197,0.007789232531500545,0.007759053075017151
2018-07-02,1.3133,-0.004849587027354829,-0.0048613844316696695
2018-07-03,1.3174,0.003121906647376882,0.0031170436154783865
2018-07-04,1.3174,0.0,0.0
2018-07-05,1.3228,0.004098982844997767,0.004090604901045196
2018-07-06,1.3262,0.0025703054127608205,0.002567007827129541
2018-07-09,1.3202,-0.004524204494043116,-0.004534469680096809
2018-07-10,1.3266,0.004847750340857493,0.004836037836785234
2018-07-11,1.3241,-0.0018845168098898801,-0.0018862947457444022
2018-07-12,1.3238,-0.0002265689902575252,-0.00022659466088871755
2018-07-13,1.3216,-0.0016618824595859838,-0.0016632649181087444
2018-07-16,1.3236,0.0015133171912833365,0.0015121732807435214
2018-07-17,1.3161,-0.005666364460562123,-0.005682479207179132
2018-07-18,1.305,-0.00843400957374063,-0.008469777083484233
2018-07-19,1.2987,-0.004827586206896495,-0.004839276640749157
2018-07-20,1.3114,0.009779009779009806,0.0097315047134745
2018-07-23,1.3105,-0.0006862894616439519,-0.0006865250660579185
2018-07-24,1.3135,0.0022892025944294403,0.002286586362133358
2018-07-25,1.315,0.0011419870574800317,0.0011413354862703858
2018-07-26,1.3119,-0.002357414448669104,-0.002360197524880224
2018-07-27,1.3118,-7.622532205198151e-05,-7.622822734948157e-05
2018-07-30,1.314,0.0016770849214819972,0.0016756801849207668
2018-07-31,1.3125,-0.0011415525114155667,-0.001142204578777052
2018-08-01,1.312,-0.0003809523809523707,-0.0003810249617444497
2018-08-02,1.3035,-0.006478658536585358,-0.006499736130477923
2018-08-03,1.3021,-0.001074031453778379,-0.0010746086388738736
2018-08-06,1.2947,-0.005683127255971199,-0.005699337670081134
2018-08-07,1.2957,0.0007723797018615031,0.000772081570163617
2018-08-08,1.288,-0.005942733657482435,-0.0059604619704661955
2018-08-09,1.287,-0.0007763975155280489,-0.00077669906817236
2018-08-10,1.2769,-0.00784770784770783,-0.007878663165491191
2018-08-13,1.2757,-0.0009397760200484662,-0.000940217886391015
2018-08-14,1.2738,-0.0014893783804970084,-0.0014904886069789629
2018-08-15,1.2685,-0.004160778772177798,-0.00416945889792891
2018-08-16,1.2722,0.0029168309026410544,0.0029125852053674336
2018-08-17,1.2735,0.0010218519100770873,0.0010213301748078947
2018-08-20,1.2765,0.002355712603062443,0.002352942262026836
2018-08-21,1.286,0.007442224833529298,0.0074146681160262955
2018-08-22,1.291,0.0038880248833592645,0.003880486049077814
2018-08-23,1.283,-0.006196746707978318,-0.006216026231006078
2018-08-24,1.2858,0.0021823850350741747,0.002180007091950036
2018-08-27,1.2891,0.0025664955669622014,0.00256320774147278
2018-08-28,1.2886,-0.0003878675044604041,-0.0003879427445169899
2018-08-29,1.3006,0.009312432096849399,0.009269338730509499
2018-08-30,1.2997,-0.0006919883130861448,-0.0006922278475085907
2018-08-31,1.2964,-0.002539047472493672,-0.0025422763201504396
2018-09-03,1.2964,0.0,0.0
2018-09-04,1.2833,-0.010104905893242755,-0.010156307016976906
2018-09-05,1.2903,0.00545468713473074,0.005439864207384954
2018-09-06,1.2933,0.0023250406882120433,0.0023223419633983024
2018-09-07,1.2934,7.73215804532601e-05,7.731859129394155e-05
2018-09-10,1.3026,0.007113035410545754,0.007087857099808656
2018-09-11,1.3015,-0.0008444649163210638,-0.0008448216776809542
2018-09-12,1.3029,0.001075681905493564,0.0010751037742657188
2018-09-13,1.3104,0.00575638959244773,0.005739884889919208
2018-09-14,1.3084,-0.0015262515262515208,-0.0015274174345761271
2018-09-17,1.3146,0.004738612045246171,0.004727420165247062
2018-09-18,1.3158,0.0009128251939753973,0.0009124088224217169
2018-09-19,1.3162,0.0003039975680194651,0.0003039513701212462
2018-09-20,1.3237,0.005698222154687738,0.005682048697706367
2018-09-21,1.3067,-0.012842789151620515,-0.012925970724624732
2018-09-24,1.3128,0.004668248258973051,0.0046573857807807656
2018-09-25,1.3162,0.002589884216940952,0.0025865362461376697
2018-09-26,1.3182,0.0015195259079168189,0.0015183725966008649
2018-09-27,1.3104,-0.00591715976331364,-0.005934735519814578
2018-09-28,1.3053,-0.003891941391941489,-0.0038995347040609593
2018-10-01,1.3032,-0.0016088255573430965,-0.0016101211069086989
2018-10-02,1.2984,-0.0036832412523020164,-0.003690041087453907
2018-10-03,1.2993,0.0006931608133085021,0.0006929206883090348
2018-10-04,1.3014,0.0016162549064882015,0.00161495017219311
2018-10-05,1.3101,0.0066851083448595805,0.006662862098741467
2018-10-08,1.3101,0.0,0.0
2018-10-09,1.3139,0.0029005419433631996,0.0028963434881515726
2018-10-10,1.3206,0.005099322627292846,0.005086365112694597
2018-10-11,1.3193,-0.0009844010298349914,-0.0009848858707401347
2018-10-12,1.3154,-0.002956113090275103,-0.0029604910224802316
2018-10-15,1.3168,0.001064315037251129,0.0010637490555548252
2018-10-16,1.321,0.0031895504252734685,0.0031844745995200313
2018-10-17,1.3137,-0.005526116578349671,-0.005541442046862892
2018-10-18,1.3061,-0.005785186876760329,-0.005801985891986869
2018-10-19,1.3045,-0.0012250210550494023,-0.001225772006692424
2018-10-22,1.2974,-0.005442698351858843,-0.005457563797827989
2018-10-23,1.2982,0.0006166178510866871,0.000616427820413072
2018-10-24,1.2898,-0.006470497612078185,-0.006491522023091117
2018-10-25,1.2827,-0.005504729415413356,-0.00551993627047208
2018-10-26,1.2826,-7.796055196074292e-05,-7.796359104252728e-05
2018-10-29,1.2807,-0.0014813659753625252,-0.00148246428273646
2018-10-30,1.2731,-0.005934254704458519,-0.0059519323644263945
2018-10-31,1.2779,0.0037703244049958062,0.0037632345470580367
2018-11-01,1.2974,0.015259409969481164,0.015144156164297406
2018-11-02,1.2965,-0.000693695082472745,-0.0006939358002360586
2018-11-05,1.302,0.004242190512919519,0.004233217789795596
2018-11-06,1.3076,0.004301075268817289,0.004291852081541084
2018-11-07,1.3144,0.005200367084735369,0.005186891873002749
2018-11-08,1.3116,-0.002130249543517926,-0.0021325217525651084
2018-11-09,1.2978,-0.01052150045745659,-0.010577242783425152
2018-11-12,1.2978,0.0,0.0
2018-11-13,1.3031,0.004083834180921508,0.004075517963792162
2018-11-14,1.3011,-0.0015348016268896814,-0.0015359806414300106
2018-11-15,1.2749,-0.02013680731688572,-0.02034231636535368
2018-11-16,1.2839,0.007059377206055428,0.007034576452961435
2018-11-19,1.2842,0.00023366305787053676,0.0002336357629100299
2018-11-20,1.2809,-0.0025696931942065238,-0.0025730005228576133
2018-11-21,1.2776,-0.0025763135295494566,-0.00257963793628764
2018-11-22,1.2776,0.0,0.0
2018-11-23,1.2804,0.00219160926737616,0.002189211194905144
2018-11-26,1.2809,0.0003905029678226146,0.0003904267413824639
2018-11-27,1.2729,-0.006245608556483706,-0.006265193960701519
2018-11-28,1.2766,0.002906748369864154,0.0029025319455681423
2018-11-29,1.2789,0.001801660661131077,0.0018000396173173435
2018-11-30,1.2772,-0.001329267339119533,-0.0013301515986473618
2018-12-03,1.2742,-0.002348888192921894,-0.0023516511582390123
2018-12-04,1.2719,-0.0018050541516245744,-0.0018066852249490357
2018-12-05,1.2719,0.0,0.0
2018-12-06,1.2777,0.004560106926645213,0.004549741139838725
2018-12-07,1.2749,-0.002191437739688662,-0.0021938424532010857
2018-12-10,1.2558,-0.014981567181739708,-0.015094924464067483
2018-12-11,1.2524,-0.002707437490046205,-0.0027111092277584364
2018-12-12,1.2658,0.010699457042478544,0.010642622888954453
2018-12-13,1.2635,-0.0018170327065887282,-0.0018186855129560758
2018-12-14,1.257,-0.005144440047487264,-0.00515771823800162
2018-12-17,1.2606,0.0028639618138426304,0.002859868488762459
2018-12-18,1.2644,0.0030144375694114434,0.0030099032624529803
2018-12-19,1.2669,0.0019772223979752646,0.00197527026654486
2018-12-20,1.265,-0.0014997237351014325,-0.0015008494463869765
2018-12-21,1.2681,0.0024505928853755243,0.0024475950792333364
2018-12-24,1.2681,0.0,0.0
2018-12-25,1.2681,0.0,0.0
2018-12-26,1.2676,-0.00039429067108265325,-0.00039436842408816614
2018-12-27,1.2627,-0.0038655727358789527,-0.003873063372131169
2018-12-28,1.2699,0.005702066999287325,0.005685871750353147
2018-12-31,1.2763,0.005039766910780452,0.00502710979365744
2019-01-01,1.2763,0.0,0.0
2019-01-02,1.2598,-0.012927994985504898,-0.013012288800816353
2019-01-03,1.2633,0.002778218764883267,0.0027743666481630973
2019-01-04,1.274,0.008469880471780211,0.008434212296116829
2019-01-07,1.2757,0.001334379905808536,0.001333490412135752
2019-01-08,1.2724,-0.0025868150819158275,-0.002590166669255322
2019-01-09,1.2764,0.0031436655139893688,0.003138734529099457
2019-01-10,1.2768,0.0003133813851456946,0.0003133322914558479
2019-01-11,1.2836,0.005325814536341067,0.005311682540157699
2019-01-14,1.2836,0.0,0.0
2019-01-15,1.2761,-0.005842941726394546,-0.005860078495771177
2019-01-16,1.2862,0.00791474022412042,0.00788358296083217
2019-01-17,1.294,0.006064375680298495,0.006046061360083039
2019-01-18,1.2898,-0.0032457496136012454,-0.003251028484568877
2019-01-21,1.2898,0.0,0.0
2019-01-22,1.2955,0.00441928981237405,0.004409553425887695
2019-01-23,1.3074,0.009185642609031097,0.009143711176464366
2019-01-24,1.3027,-0.0035949212176838996,-0.0036013984751107606
2019-01-25,1.3176,0.01143778306594001,0.011372866159912228
2019-01-28,1.3158,-0.001366120218579292,-0.0013670542115331123
2019-01-29,1.3146,-0.0009119927040583953,-0.0009124088224217011
2019-01-30,1.3062,-0.006389776357827448,-0.006410278360919054
2019-01-31,1.3135,0.005588730669116471,0.00557317165703775
2019-02-01,1.3094,-0.003121431290445398,-0.0031263131186035856
2019-02-04,1.3068,-0.0019856422789062966,-0.001987616280075824
2019-02-05,1.2947,-0.0092592592592593,-0.009302392662313561
2019-02-06,1.2956,0.0006951417316753972,0.000694900232572761
2019-02-07,1.2966,0.0007718431614696097,0.0007715454437210788
2019-02-08,1.2933,-0.002545118000925606,-0.0025483623196967745
2019-02-11,1.2862,-0.005489832212170365,-0.005504956720435796
2019-02-12,1.2887,0.0019437101539419022,0.0019418235935827588
2019-02-13,1.2865,-0.0017071467370217697,-0.001708605572546582
2019-02-14,1.2793,-0.005596579867858442,-0.005612299398809486
2019-02-15,1.2857,0.005002735871179498,0.004990263767213828
2019-02-18,1.2857,0.0,0.0
2019-02-19,1.3036,0.013922376915299184,0.013826350873203434
2019-02-20,1.3036,0.0,0.0
2019-02-21,1.306,0.0018410555385086624,0.0018393628729698114
2019-02-22,1.3067,0.0005359877488513298,0.0005358441587239455
2019-02-25,1.3059,-0.0006122292798652618,-0.0006124167687388481
2019-02-26,1.3252,0.014779079561987762,0.014670933199379114
2019-02-27,1.3318,0.004980380319951738,0.004968019250781228
2019-02-28,1.3274,-0.003303799369274829,-0.003309268964697564
2019-03-01,1.3222,-0.003917432574958468,-0.003925125812346745
2019-03-04,1.3186,-0.002722734835879592,-0.0027264482202784684
2019-03-05,1.3141,-0.0034127104504777517,-0.003418547029606892
2019-03-06,1.3148,0.0005326839662125327,0.0005325421404718996
2019-03-07,1.3107,-0.003118344995436617,-0.0031232171645645046
2019-03-08,1.301,-0.007400625619897849,-0.007428146112994697
2019-03-11,1.3095,0.006533435818601108,0.006512185435261344
2019-03-12,1.3101,0.00045819014891179677,0.000458085211858376
2019-03-13,1.323,0.009846576597206225,0.009798414955330625
2019-03-14,1.3281,0.003854875283446857,0.0038474642912494925
2019-03-15,1.3278,-0.0002258866049242858,-0.00022591212114601538
2019-03-18,1.3223,-0.004142190088868847,-0.004150792722281843
2019-03-19,1.3263,0.0030250321409666103,0.0030204659375301516
2019-03-20,1.3191,-0.005428636055191172,-0.005443424645433124
2019-03-21,1.3073,-0.008945493139261629,-0.008985744287059767
2019-03-22,1.3219,0.01116805629924289,0.011106154017539789
2019-03-25,1.3203,-0.0012103789999243775,-0.0012111121001985965
2019-03-26,1.3215,0.0009088843444671202,0.0009084715591884284
2019-03-27,1.3192,-0.0017404464623533844,-0.0017419627989547419
2019-03-28,1.3088,-0.007883565797452974,-0.00791480539690651
2019-03-29,1.3032,-0.0042787286063570296,-0.004287908560647297
2019-04-01,1.3144,0.008594229588704705,0.008557509435222928
2019-04-02,1.3035,-0.008292757151551977,-0.008327333349501842
2019-04-03,1.3181,0.011200613732259335,0.011138351344863644
2019-04-04,1.3072,-0.008269478795235652,-0.008303860612681681
2019-04-05,1.301,-0.004742962056303535,-0.004754245593233147
2019-04-08,1.3048,0.0029208301306686835,0.002916572794298807
2019-04-09,1.3048,0.0,0.0
2019-04-10,1.31,0.003985285101165026,0.003977364888393209
2019-04-11,1.3068,-0.002442748091603164,-0.002445736468282242
2019-04-12,1.3086,0.0013774104683195176,0.0013764627087232354
2019-04-15,1.3105,0.0014519333639002596,0.001450880327822566
2019-04-16,1.3049,-0.004273178176268599,-0.004282334295259865
2019-04-17,1.3036,-0.0009962449229824477,-0.0009967415047945336
2019-04-18,1.3003,-0.002531451365449633,-0.0025346609061323994
2019-04-19,1.3003,0.0,0.0
2019-04-22,1.2983,-0.001538106590786792,-0.0015392906910664886
2019-04-23,1.2943,-0.0030809520141723556,-0.0030857079178152566
2019-04-24,1.2947,0.0003090473615081635,0.0003089996162091217
2019-04-25,1.2901,-0.0035529466285625366,-0.0035592733335106093
2019-04-26,1.293,0.002247887760638667,0.002245365040766533
2019-04-29,1.2924,-0.00046403712296982924,-0.00046414482151428015
2019-04-30,1.303,0.008201795109872956,0.008168343174501779
2019-05-01,1.3091,0.004681504221028421,0.0046705800612082534
2019-05-02,1.3032,-0.004506913146436475,-0.0045170998982179645
2019-05-03,1.3139,0.00821055862492348,0.008177035359941279
2019-05-06,1.3093,-0.0035010274754548876,-0.0035071704140689722
2019-05-07,1.3052,-0.003131444283204776,-0.003136357514542056
2019-05-08,1.3014,-0.0029114311982838537,-0.002915677658281928
2019-05-09,1.3013,-7.684032580301814e-05,-7.684327817209453e-05
2019-05-10,1.3036,0.0017674633059250322,0.0017659031806950272
2019-05-13,1.2961,-0.005753298557839903,-0.00576991253407717
2019-05-14,1.2921,-0.0030861816217884197,-0.0030909537011547727
2019-05-15,1.2878,-0.00332791579599101,-0.0033334656240914472
2019-05-16,1.2803,-0.005823885696536801,-0.0058409106519498825
2019-05-17,1.2723,-0.006248535499492336,-0.006268139303478627
2019-05-20,1.2718,-0.0003929890749037046,-0.00039306631534729794
2019-05-21,1.2747,0.002280232740996979,0.002277636955568132
2019-05-22,1.2674,-0.005726837687298869,-0.005743298899458876
2019-05-23,1.2666,-0.0006312135079691306,-0.0006314128070867283
2019-05-24,1.27,0.002684351807989982,0.0026807553703071182
2019-05-27,1.27,0.0,0.0
2019-05-28,1.2668,-0.0025196850393701675,-0.002522864788152315
2019-05-29,1.2631,-0.0029207451847174104,-0.002925018884555182
2019-05-30,1.2619,-0.0009500435436623489,-0.0009504951210645616
2019-05-31,1.262,7.924558205885113e-05,7.924244229358713e-05
2019-06-03,1.2621,7.923930269404522e-05,7.9236163426334e-05
2019-06-04,1.2675,0.004278583313525042,0.004269456200753302
2019-06-05,1.2706,0.0024457593688362866,0.002442773367094639
2019-06-06,1.2713,0.0005509208248073438,0.0005507691236440701
2019-06-07,1.274,0.002123810272948834,0.002121558176031763
2019-06-10,1.2684,-0.00439560439560438,-0.0044052934679163795
2019-06-11,1.2724,0.0031535793125196943,0.0031486172107967683
2019-06-12,1.2693,-0.0024363407733416498,-0.002439313480857494
2019-06-13,1.2678,-0.0011817537225242702,-0.0011824525440655115
2019-06-14,1.2601,-0.0060735131724246605,-0.006092031974418529
2019-06-17,1.2568,-0.0026188397746210734,-0.002622274934236085
2019-06-18,1.2547,-0.001670910248249502,-0.0016723077757573388
2019-06-19,1.2625,0.0062166254881645955,0.0061973819838609424
2019-06-20,1.27,0.005940594059405946,0.005923018303122071
2019-06-21,1.2703,0.0002362204724408734,0.00023619257677800462
2019-06-24,1.2728,0.0019680390458947095,0.001966104994162118
2019-06-25,1.2721,-0.0005499685732243131,-0.000550119861411789
2019-06-26,1.2697,-0.0018866441317506588,-0.0018884260864195353
2019-06-27,1.2674,-0.0018114515239819884,-0.0018130941863290745
2019-06-28,1.2704,0.002367050654883851,0.0023642536034545183
2019-07-01,1.2644,-0.004722921914357636,-0.004734110151408567
2019-07-02,1.2599,-0.0035590003163555872,-0.0035653486248786205
2019-07-03,1.2568,-0.002460512739106413,-0.002463544775172779
2019-07-04,1.2568,0.0,0.0
2019-07-05,1.2506,-0.004933163590070011,-0.004945371808213851
2019-07-08,1.2503,-0.00023988485526948988,-0.00023991363224358257
2019-07-09,1.2463,-0.0031992321842757576,-0.0032043606686227876
2019-07-10,1.2507,0.003530450132391838,0.0035242327225296828
2019-07-11,1.2549,0.0033581194531062675,0.00335249356140154
2019-07-12,1.2553,0.00031875049804774847,0.00031869970790038217
2019-07-15,1.2523,-0.0023898669640723957,-0.002392727254176001
2019-07-16,1.2408,-0.009183103090313893,-0.009225527707657786
2019-07-17,1.2438,0.0024177949709864865,0.0024148768074598644
2019-07-18,1.2494,0.004502331564560258,0.004492226389680666
2019-07-19,1.25,0.0004802305106450522,0.00048011523687721867
2019-07-22,1.2475,-0.0020000000000000018,-0.0020020026706730793
2019-07-23,1.2449,-0.0020841683366734642,-0.002086343237933586
2019-07-24,1.2498,0.003936059121214752,0.0039283331072412445
2019-07-25,1.2471,-0.002160345655304763,-0.0021626825682797756
2019-07-26,1.2387,-0.00673562665383709,-0.006758413366547396
2019-07-29,1.2236,-0.012190199402599466,-0.012265109283405818
2019-07-30,1.2148,-0.007191892775416764,-0.007217879105154649
2019-07-31,1.222,0.005926901547579799,0.005909406559946881
2019-08-01,1.2145,-0.006137479541734936,-0.00615639128931352
2019-08-02,1.2132,-0.001070399341292605,-0.0010709726278010376
2019-08-05,1.2165,0.002720079129574504,0.002716386409151087
2019-08-06,1.2149,-0.001315248664200408,-0.001316114362880693
2019-08-07,1.2158,0.0007408017120749122,0.0007405274539255184
2019-08-08,1.2138,-0.0016450074025332606,-0.0016463619128672833
2019-08-09,1.2085,-0.004366452463338333,-0.004376013258217137
2019-08-12,1.207,-0.0012412081092261218,-0.0012419790460060087
2019-08-13,1.2067,-0.00024855012427504874,-0.0002485810179763822
2019-08-14,1.2068,8.287063893264168e-05,8.286720535093723e-05
2019-08-15,1.2112,0.003646005966191579,0.0036393753982783003
2019-08-16,1.2152,0.0033025099075296716,0.0032970685983787196
2019-08-19,1.2138,-0.0011520737327189723,-0.0011527378798083963
2019-08-20,1.2153,0.0012357884330203017,0.001235025474999817
2019-08-21,1.2142,-0.0009051263062619386,-0.0009055361804210021
2019-08-22,1.225,0.008894745511448088,0.008855420282493906
2019-08-23,1.2261,0.0008979591836733025,0.0008975562595137897
2019-08-26,1.2232,-0.002365223065002753,-0.0023680246234886685
2019-08-27,1.2288,0.004578155657292138,0.004567707778554966
2019-08-28,1.2248,-0.0032552083333331483,-0.0032605180499335365
2019-08-29,1.2197,-0.004163945133899505,-0.004172638494281504
2019-08-30,1.2166,-0.0025416085922769227,-0.0025448439625877523
2019-09-02,1.2166,0.0,0.0
2019-09-03,1.2086,-0.006575702778234382,-0.006597417959146779
2019-09-04,1.219,0.008604997517789315,0.008568185553813513
2019-09-05,1.2337,0.012059064807218967,0.011986933596147328
2019-09-06,1.2299,-0.0030801653562454456,-0.00308491882905411
2019-09-09,1.2368,0.005610212212374899,0.005594533584792612
2019-09-10,1.2355,-0.0010510996119015292,-0.0010516524044925995
2019-09-11,1.2329,-0.0021044111695669443,-0.002106628554157667
2019-09-12,1.2357,0.0022710682131559246,0.0022684932356376356
2019-09-13,1.2462,0.008497208060208816,0.008461309999976902
2019-09-16,1.2423,-0.0031295137217139946,-0.003134420890490344
2019-09-17,1.2493,0.005634709812444738,0.00561889421815236
2019-09-18,1.2478,-0.0012006723765308758,-0.0012013937610975852
2019-09-19,1.2481,0.0002404231447346028,0.00024039424772192175
2019-09-20,1.2489,0.0006409742809068142,0.0006407689446312514
2019-09-23,1.2428,-0.004884298182400548,-0.004896265350147143
2019-09-24,1.2475,0.0037817830704860445,0.0037746501067814375
2019-09-25,1.2363,-0.00897795591182371,-0.009018500612792435
2019-09-26,1.2343,-0.0016177303243549712,-0.0016190402629984032
2019-09-27,1.2312,-0.0025115450052660693,-0.002514704225213452
2019-09-30,1.2305,-0.0005685510071475885,-0.0005687126935590053
2019-10-01,1.2242,-0.0051198699715562235,-0.005133021414141035
2019-10-02,1.2313,0.005799705930403576,0.005782952381856372
2019-10-03,1.239,0.00625355315520193,0.006234080830316766
2019-10-04,1.2309,-0.0065375302663438495,-0.006558993512892379
2019-10-07,1.2322,0.0010561377853601783,0.0010555804642201053
2019-10-08,1.2206,-0.009414056159714357,-0.009458648470075772
2019-10-09,1.2215,0.0007373422906769012,0.0007370705874007648
2019-10-10,1.2382,0.0136717151043797,0.013579100387336441
2019-10-11,1.2683,0.024309481505411012,0.02401870898825206
2019-10-14,1.2683,0.0,0.0
2019-10-15,1.2737,0.004257667744224536,0.0042486295223299
2019-10-16,1.2854,0.009185836539216563,0.009143903341472116
2019-10-17,1.2853,-7.779679477204482e-05,-7.779982109964329e-05
2019-10-18,1.2904,0.003967945226795111,0.003960093694912758
2019-10-21,1.2983,0.0061221326720397595,0.0061034685552087235
2019-10-22,1.2948,-0.002695833012400839,-0.0026994733141184695
2019-10-23,1.2886,-0.004788384306456561,-0.004799885347547198
2019-10-24,1.281,-0.005897873661337871,-0.005915334807807793
2019-10-25,1.2833,0.0017954722872757234,0.0017938623536812484
2019-10-28,1.286,0.002103950751967565,0.0021017405471493414
2019-10-29,1.2905,0.003499222395023205,0.0034931143611037366
2019-10-30,1.2872,-0.002557148392096198,-0.002560423480495214
2019-10-31,1.2939,0.005205096333126269,0.005191596643733792
2019-11-01,1.295,0.0008501429785916503,0.000849781811730778
2019-11-04,1.2906,-0.0033976833976833154,-0.003403468631898675
2019-11-05,1.287,-0.002789400278940035,-0.002793297905612711
2019-11-06,1.2872,0.00015540015540005392,0.0001553880820466892
2019-11-07,1.2829,-0.0033405842137973485,-0.0033461764228788753
2019-11-08,1.279,-0.003039987528256294,-0.0030446176764518463
2019-11-11,1.279,0.0,0.0
2019-11-12,1.2855,0.0050820953870212016,0.0050692251271015724
2019-11-13,1.284,-0.001166861143523934,-0.0011675424560377012
2019-11-14,1.2879,0.0030373831775700744,0.0030327796487181046
2019-11-15,1.2901,0.0017082071589409331,0.0017067498324663177
2019-11-18,1.2965,0.0049608557476163995,0.004948591247628109
2019-11-19,1.2926,-0.003008098727342867,-0.0030126321499240154
2019-11-20,1.2918,-0.0006189076280364025,-0.000619099230422621
2019-11-21,1.2915,-0.00023223409196471145,-0.00023226106247717593
2019-11-22,1.2829,-0.006658923732094535,-0.006681193280600717
2019-11-25,1.2885,0.004365110296983499,0.004355610837125318
2019-11-26,1.285,-0.002716336825766441,-0.0027200327630996267
2019-11-27,1.2881,0.00241245136186774,0.0024095460727220647
2019-11-28,1.2881,0.0,0.0
2019-11-29,1.2939,0.004502755997205288,0.004492648919865042
2019-12-02,1.2936,-0.00023185717597962174,-0.00023188405901007769
2019-12-03,1.3002,0.005102040816326481,0.005089069507471228
2019-12-04,1.3095,0.007152745731425991,0.007127286177398276
2019-12-05,1.3165,0.005345551737304222,0.005331314988597413
2019-12-06,1.3127,-0.0028864413216863616,-0.0028906151270024346
2019-12-09,1.3157,0.0022853660394608344,0.0022827585624309752
2019-12-10,1.3178,0.0015961085353803917,0.0015948361079269789
2019-12-11,1.3176,-0.00015176809834571703,-0.0001517796162889404
2019-12-12,1.3133,-0.0032635094110505802,-0.0032688462723165297
2019-12-13,1.3349,0.016447117947156142,0.016313329070572584
2019-12-16,1.333,-0.00142332759008168,-0.0014243414829780438
2019-12-17,1.3116,-0.016054013503375764,-0.0161842752082154
2019-12-18,1.3078,-0.00289722476364751,-0.0029014298433176757
2019-12-19,1.3034,-0.003364428811745035,-0.0033701012288956875
2019-12-20,1.3036,0.00015344483658141783,0.00015343306512664498
2019-12-23,1.2917,-0.009128567045105895,-0.009170487725436674
2019-12-24,1.2955,0.0029418595649144397,0.0029375407641948105
2019-12-25,1.2955,0.0,0.0
2019-12-26,1.3007,0.004013894249324412,0.004005860067530261
2019-12-27,1.309,0.006381179364957301,0.006360905840204805
2019-12-30,1.314,0.0038197097020626902,0.003812433134655939
2019-12-31,1.3269,0.00981735159817343,0.009769474497834859
2020-01-01,1.3269,0.0,0.0
2020-01-02,1.3128,-0.010626271761247974,-0.010683133766509577
2020-01-03,1.3091,-0.0028184034125533497,-0.0028223825898278238
2020-01-06,1.3163,0.005499961805820908,0.005484892245308803
2020-01-07,1.3127,-0.0027349388437286626,-0.0027386856220003334
2020-01-08,1.311,-0.001295040755694421,-0.001295880045661939
2020-01-09,1.3069,-0.003127383676582718,-0.0031322841607095636
2020-01-10,1.306,-0.0006886525365367158,-0.000688889766613737
2020-01-13,1.2983,-0.005895865237366071,-0.0059133144701686916
2020-01-14,1.3018,0.00269583301240095,0.0026922057720793102
2020-01-15,1.303,0.0009218005838069754,0.000921375986558116
2020-01-16,1.3076,0.0035303146584806377,0.003524097725210641
2020-01-17,1.3029,-0.003594371367390714,-0.003600846641169745
2020-01-20,1.3029,0.0,0.0
2020-01-21,1.3047,0.0013815335021873931,0.0013805800628164918
2020-01-22,1.3136,0.006821491530620172,0.006798330426461472
2020-01-23,1.3104,-0.0024360535931791105,-0.0024390255993588586
2020-01-24,1.3071,-0.0025183150183151204,-0.0025214913072989587
2020-01-27,1.3054,-0.0013005890903526884,-0.001301435590389073
2020-01-28,1.2996,-0.0044430825800519935,-0.004452982406171712
2020-01-29,1.3012,0.0012311480455522439,0.0012303908042509192
2020-01-30,1.3106,0.007224100830003133,0.007198132006200161
2020-01-31,1.3195,0.006790782847550636,0.006767829337982162
2020-02-03,1.3006,-0.014323607427055629,-0.014427180508327236
2020-02-04,1.3029,0.001768414577887123,0.001766852773834428
2020-02-05,1.3,-0.0022258039757463433,-0.002228284759257709
2020-02-06,1.2935,-0.0050000000000000044,-0.005012541823544286
2020-02-07,1.2908,-0.0020873598763047063,-0.0020895414482771705
2020-02-10,1.2919,0.0008521846916642595,0.0008518217884489809
2020-02-11,1.2945,0.002012539670253055,0.002010517225336703
2020-02-12,1.2978,0.002549246813441597,0.00254600299547587
2020-02-13,1.3051,0.005624903683155935,0.005609142986413721
2020-02-14,1.3039,-0.0009194697724311807,-0.0009198927440553459
2020-02-17,1.3039,0.0,0.0
2020-02-18,1.3017,-0.0016872459544443608,-0.0016886709570118749
2020-02-19,1.2934,-0.006376277176000644,-0.006396692459922328
2020-02-20,1.2877,-0.00440698933044692,-0.0044167287327543025
2020-02-21,1.2966,0.006911547720742428,0.006887772461157166
2020-02-24,1.2923,-0.0033163658799938434,-0.0033218772097496187
2020-02-25,1.3004,0.006267894451752687,0.006248332898604588
2020-02-26,1.2921,-0.00638265149184869,-0.006403107701575717
2020-02-27,1.2876,-0.0034827025771998477,-0.0034887813035214296
2020-02-28,1.2778,-0.007611059335197234,-0.007640171256410169
2020-03-02,1.2791,0.0010173736108936016,0.001016856437104451
2020-03-03,1.2827,0.002814478930498021,0.002810525700457585
2020-03-04,1.2836,0.0007016449676464642,0.0007013989298968583
2020-03-05,1.2939,0.008024306637581802,0.007992283086205337
2020-03-06,1.301,0.005487286498183641,0.005472286190597989
2020-03-09,1.31,0.006917755572636519,0.0068939376826920385
2020-03-10,1.2933,-0.012748091603053568,-0.012830045773998738
2020-03-11,1.2887,-0.003556792700842748,-0.0035631331268530905
2020-03-12,1.2541,-0.02684876231861566,-0.027215774464341407
2020-03-13,1.2406,-0.010764691810860483,-0.010823050290987018
2020-03-16,1.2278,-0.010317588263743294,-0.010371183545621129
2020-03-17,1.2017,-0.02125753380029327,-0.021486729076141964
2020-03-18,1.176,-0.021386369310144038,-0.02161837145868192
2020-03-19,1.1662,-0.008333333333333415,-0.00836824967051669
2020-03-20,1.1743,0.00694563539701587,0.0069216255829797615
2020-03-23,1.1492,-0.021374435834113803,-0.021606177265900833
2020-03-24,1.1784,0.025408980160111394,0.025091538043286038
2020-03-25,1.1763,-0.001782077393075343,-0.0017836671820248547
2020-03-26,1.214,0.032049647198843845,0.031546773653047935
2020-03-27,1.236,0.01812191103789118,0.017959666398192423
2020-03-30,1.2392,0.0025889967637540146,0.0025856510850227636
2020-03-31,1.2454,0.005003227888960682,0.004990753335692783
2020-04-01,1.2394,-0.004817729243616564,-0.0048293719103445435
2020-04-02,1.238,-0.0011295788284654273,-0.0011302172834657383
2020-04-03,1.2228,-0.012277867528271313,-0.012353863227861878
2020-04-06,1.2298,0.005724566568531264,0.005708243502689913
2020-04-07,1.2343,0.003659131566108309,0.0036524532305136654
2020-04-08,1.2394,0.004131896621566877,0.004123383778124111
2020-04-09,1.2458,0.0051637889301274775,0.005150502292038038
2020-04-10,1.2485,0.0021672820677476334,0.0021649368997827606
2020-04-13,1.2518,0.002643171806167466,0.0026396847707732454
2020-04-14,1.2617,0.00790861159929701,0.007877502443094458
2020-04-15,1.2523,-0.007450265514781673,-0.007478157363708799
2020-04-16,1.2433,-0.007186776331549849,-0.007212725611094807
2020-04-17,1.2503,0.005630177752754761,0.005614387542062101
2020-04-20,1.2467,-0.002879308965848204,-0.002883462150024714
2020-04-21,1.2266,-0.016122563567819048,-0.016253946159045924
2020-04-22,1.2332,0.005380727213435632,0.005366302820112058
2020-04-23,1.2369,0.0030003243593901274,0.0029958323689686485
2020-04-24,1.2335,-0.002748807502627626,-0.002752592411552719
2020-04-27,1.2421,0.0069720308066476555,0.00694783858073657
2020-04-28,1.2438,0.0013686498671605651,0.0013677141196409622
2020-04-29,1.2429,-0.0007235890014473112,-0.0007238509183232209
2020-04-30,1.2602,0.01391906026228984,0.013823079756489335
2020-05-01,1.2509,-0.007379780987144979,-0.007407146287259539
2020-05-04,1.243,-0.006315452873930649,-0.006335479709984428
2020-05-05,1.2449,0.0015285599356393842,0.0015273928770289525
2020-05-06,1.2347,-0.008193429191099666,-0.008227179814042272
2020-05-07,1.2349,0.00016198266785472093,0.00016196955007892735
2020-05-08,1.2436,0.0070451048667907745,0.0070204040608219725
2020-05-11,1.233,-0.008523641042135655,-0.008560175020254367
2020-05-12,1.2299,-0.0025141930251419975,-0.002517358915979553
2020-05-13,1.2225,-0.006016749329213811,-0.006034922899337776
2020-05-14,1.2194,-0.0025357873210632986,-0.002539007875311268
2020-05-15,1.2129,-0.005330490405117239,-0.005344748158880816
2020-05-18,1.2211,0.006760656278341104,0.006737905524141222
2020-05-19,1.2255,0.003603308492343027,0.0035968321291911616
2020-05-20,1.2257,0.00016319869441039359,0.00016318537895215553
2020-05-21,1.2227,-0.002447580974137331,-0.00245058119697519
2020-05-22,1.2178,-0.004007524331397616,-0.004015575975670572
2020-05-25,1.2178,0.0,0.0
2020-05-26,1.2337,0.013056331088848738,0.012971831902945208
2020-05-27,1.2231,-0.008592040204263518,-0.008629164584101427
2020-05-28,1.2325,0.007685389583844238,0.007656007423527671
2020-05-29,1.232,-0.00040567951318448703,-0.0004057618233799886
2020-06-01,1.2472,0.012337662337662314,0.012262173650101654
2020-06-02,1.2531,0.004730596536241194,0.004719442427672593
2020-06-03,1.26,0.005506344266219765,0.005491239774284328
2020-06-04,1.2608,0.0006349206349205438,0.000634719158090907
2020-06-05,1.2703,0.007534898477157492,0.007506652925800485
2020-06-08,1.2694,-0.0007084940565219577,-0.0007087451570451785
2020-06-09,1.2736,0.0033086497557901495,0.003303188217748849
2020-06-10,1.2758,0.0017273869346734472,0.0017258967177364451
2020-06-11,1.2635,-0.009641009562627367,-0.009687784979606014
2020-06-12,1.2527,-0.008547685001978778,-0.008584425978102824
2020-06-15,1.2543,0.0012772411590964428,0.0012764261804828723
2020-06-16,1.2586,0.0034282069680300342,0.0034223440622042404
2020-06-17,1.2526,-0.004767201652629893,-0.00477860100152071
2020-06-18,1.243,-0.007664058757783643,-0.0076935785806011995
2020-06-19,1.2362,-0.005470635559131298,-0.005485654285538334
2020-06-22,1.2447,0.00687591004691801,0.006852378781759
2020-06-23,1.2531,0.006748614123885499,0.006725944164307659
2020-06-24,1.2432,-0.007900406990663189,-0.007931780557856382
2020-06-25,1.2406,-0.002091377091377189,-0.002093567074365936
2020-06-26,1.2337,-0.0055618249234240524,-0.005577349461598141
2020-06-29,1.2279,-0.004701305017427271,-0.004712390910951927
2020-06-30,1.2369,0.007329587099926815,0.00730285621449712
2020-07-01,1.2474,0.008488964346349714,0.00845313571105819
2020-07-02,1.2469,-0.00040083373416721635,-0.0004009140894819042
2020-07-03,1.2469,0.0,0.0
2020-07-06,1.2482,0.001042585612318625,0.0010420424974022038
2020-07-07,1.2572,0.007210382951450267,0.007184512423470097
2020-07-08,1.2593,0.0016703786191536452,0.0016689850883881618
2020-07-09,1.2614,0.0016675931072818173,0.0016662042177501145
2020-07-10,1.2654,0.0031710797526558476,0.0031660624832331357
2020-07-13,1.2614,-0.003161055792634704,-0.0031660624832330316
2020-07-14,1.2546,-0.005390835579514919,-0.005405418566908047
2020-07-15,1.2586,0.003188267176789328,0.0031831954301902244
2020-07-16,1.2621,0.002780867630700845,0.0027770081717517544
2020-07-17,1.255,-0.005625544727042353,-0.005641427698700754
2020-07-20,1.2658,0.008605577689243082,0.008568760775320775
2020-07-21,1.2736,0.006162110917996566,0.006143202748913628
2020-07-22,1.2729,-0.0005496231155780462,-0.000549774213729863
2020-07-23,1.2759,0.002356823002592545,0.0023540500513087206
2020-07-24,1.2791,0.0025080335449485514,0.0025048936776498145
2020-07-27,1.2887,0.007505277147994649,0.0074772526889979735
2020-07-28,1.295,0.004888647474198704,0.0048767368392925465
2020-07-29,1.2974,0.0018532818532819295,0.0018515666453169787
2020-07-30,1.3035,0.004701711114536655,0.004690692594601284
2020-07-31,1.3133,0.007518220176447876,0.007490099217557656
2020-08-03,1.3053,-0.006091525165613398,-0.006110154196370166
2020-08-04,1.3059,0.0004596644449552656,0.0004595588316175123
2020-08-05,1.3141,0.0062791944253004495,0.006259562423230704
2020-08-06,1.3147,0.00045658625675359943,0.0004564820529661429
2020-08-07,1.3043,-0.007910549935346456,-0.007942004326321146
2020-08-10,1.3082,0.0029901096373534664,0.002985648150875048
2020-08-11,1.3077,-0.00038220455587822943,-0.0003822776146556879
2020-08-12,1.3047,-0.0022941041523285577,-0.002296739640754236
2020-08-13,1.3082,0.0026826090288956106,0.0026790172554100374
2020-08-14,1.3108,0.001987463690567237,0.001985491297547209
2020-08-17,1.3105,-0.00022886786695142103,-0.00022889406119843967
2020-08-18,1.3228,0.009385730637161416,0.009341958344176712
2020-08-19,1.3191,-0.0027970970668279582,-0.002801016252763608
2020-08-20,1.319,-7.580926389205711e-05,-7.58121375595377e-05
2020-08-21,1.3098,-0.006974981046247053,-0.006999419933361282
2020-08-24,1.3078,-0.0015269506794930443,-0.0015281176567776358
2020-08-25,1.3136,0.0044349288882092885,0.004425123570988289
2020-08-26,1.3186,0.003806333739342138,0.0037991079810353757
2020-08-27,1.3229,0.0032610344304564443,0.0032557287891350328
2020-08-28,1.3341,0.008466248393680598,0.008430610716426092
2020-08-31,1.3375,0.002548534592609064,0.0025452925854009727
2020-09-01,1.3416,0.003065420560747656,0.0030607317388374744
2020-09-02,1.3315,-0.007528324388789476,-0.007556805255012144
2020-09-03,1.3263,-0.0039053698835898043,-0.003913015753679577
2020-09-04,1.323,-0.0024881248586293703,-0.002491225385351629
2020-09-07,1.323,0.0,0.0
2020-09-08,1.3039,-0.014436885865457216,-0.014542111685529022
2020-09-09,1.3011,-0.0021474039420201763,-0.0021497129199964226
2020-09-10,1.2846,-0.012681577127046317,-0.012762674685738102
2020-09-11,1.2788,-0.004515024132025536,-0.004525247638005733
2020-09-14,1.2876,0.00688145136065077,0.006857882238966874
2020-09-15,1.2866,-0.000776638707673305,-0.0007769404477532323
2020-09-16,1.298,0.008860562723457255,0.008821538287135404
2020-09-17,1.2955,-0.0019260400616332163,-0.0019278972618705758
2020-09-18,1.295,-0.0003859513701275352,-0.00038602586852670966
2020-09-21,1.2794,-0.012046332046331876,-0.012119477117600702
2020-09-22,1.2726,-0.005314991402219915,-0.005329166217345611
2020-09-23,1.275,0.001885902876001877,0.0018841267938347478
2020-09-24,1.2739,-0.000862745098039075,-0.000863117476785201
2020-09-25,1.2706,-0.002590470209592688,-0.0025938312833084045
2020-09-28,1.2865,0.012513773020620178,0.012436122889365986
2020-09-29,1.2847,-0.0013991449669646938,-0.00140012468423494
2020-09-30,1.2921,0.005760099634155802,0.005743573690610574
2020-10-01,1.2901,-0.0015478678120888212,-0.0015490669970836574
2020-10-02,1.2928,0.0020928610185255714,0.0020906740357399057
2020-10-05,1.2972,0.0034034653465346842,0.0033976866663320018
2020-10-06,1.2945,-0.002081406105457817,-0.002083575241570484
2020-10-07,1.2914,-0.002394747006566167,-0.0023976189992256348
2020-10-08,1.2944,0.0023230602446955295,0.002320366111860476
2020-10-09,1.3003,0.004558096415327562,0.00454773975304694
2020-10-12,1.3003,0.0,0.0
2020-10-13,1.2968,-0.002691686533876858,-0.0026953156358079
2020-10-14,1.3023,0.004241209130166679,0.004232240552191327
2020-10-15,1.2917,-0.008139445596252792,-0.008172751735687732
2020-10-16,1.2931,0.0010838429975998931,0.001083256063835921
2020-10-19,1.2998,0.005181347150259086,0.005167970158442598
2020-10-20,1.2951,-0.0036159409139868703,-0.003622494230707095
2020-10-21,1.3143,0.014825110030113553,0.014716292258421
2020-10-22,1.309,-0.004032564863425514,-0.004040717578062655
2020-10-23,1.3039,-0.003896103896103842,-0.0039037134804732923
2020-10-26,1.3021,-0.0013804739627272244,-0.001381427694743968
2020-10-27,1.3067,0.0035327547807386672,0.003526529260417666
2020-10-28,1.2997,-0.005357006198821401,-0.0053714064075576495
2020-10-29,1.289,-0.008232669077479549,-0.008266744648355478
2020-10-30,1.2933,0.003335919317300151,0.003330367482011156
2020-11-02,1.2904,-0.002242325833139991,-0.002244843610199481
2020-11-03,1.305,0.011314321140731609,0.011250792945794732
2020-11-04,1.3021,-0.0022222222222221255,-0.0022246950221110513
2020-11-05,1.3116,0.007295906612395431,0.00726942023581062
2020-11-06,1.3162,0.0035071668191521965,0.003501031051525578
2020-11-09,1.3137,-0.0018994073848959125,-0.0019012135465563856
2020-11-10,1.3234,0.007383725355865067,0.007356599102496694
2020-11-11,1.3234,0.0,0.0
2020-11-12,1.3142,-0.0069517908417711105,-0.006976067114191526
2020-11-13,1.3176,0.0025871252472988715,0.0025837843996632088
2020-11-16,1.3197,0.0015938069216758777,0.0015925381593533013
2020-11-17,1.3247,0.0037887398651208493,0.003781580667432089
2020-11-18,1.3299,0.003925417075564264,0.003917732728901653
2020-11-19,1.3225,-0.005564328144973318,-0.005579866686663099
2020-11-20,1.3294,0.00521739130434784,0.005203827875027044
2020-11-23,1.33,0.0004513314277119207,0.0004512296083181434
2020-11-24,1.335,0.003759398496240518,0.003752349618550372
2020-11-25,1.3378,0.0020973782771536165,0.0020951818499578214
2020-11-26,1.3378,0.0,0.0
2020-11-27,1.3378,0.0,0.0
2020-11-30,1.3338,-0.002989983555090503,-0.002994462486101828
2020-12-01,1.3392,0.004048582995951344,0.004040409537004906
2020-12-02,1.3348,-0.003285543608124275,-0.0032909528579919524
2020-12-03,1.3496,0.011087803416242048,0.011026784354539517
2020-12-04,1.3485,-0.0008150563129815103,-0.0008153886519737758
2020-12-07,1.3353,-0.009788654060066793,-0.009836877889866378
2020-12-08,1.3358,0.00037444768965788633,0.00037437760161739865
2020-12-09,1.3392,0.0025452912112591264,0.0025420574436752327
2020-12-10,1.3293,-0.007392473118279619,-0.007419932861657423
2020-12-11,1.3197,-0.007221846084405237,-0.007248049850769644
2020-12-14,1.3324,0.00962339925740685,0.009577389296740688
2020-12-15,1.3434,0.008255779045331701,0.008221886513239527
2020-12-16,1.3503,0.0051362215274677325,0.005123076134232668
2020-12-17,1.3609,0.007850107383544414,0.007819455599275228
2020-12-18,1.3497,-0.008229847894775544,-0.008263900051035642
2020-12-21,1.3354,-0.010594947025264867,-0.01065147309146786
2020-12-22,1.3349,-0.0003744196495432117,-0.000374489762081748
2020-12-23,1.351,0.012060828526481382,0.011988676298512167
2020-12-24,1.351,0.0,0.0
2020-12-25,1.351,0.0,0.0
2020-12-28,1.3447,-0.004663212435233155,-0.004674119130374582
2020-12-29,1.3512,0.004833791923849251,0.004822146663766113
2020-12-30,1.3605,0.006882770870337618,0.006859192729710807
2020-12-31,1.3662,0.004189636163175248,0.004180884074447894
2021-01-01,1.3662,0.0,0.0
2021-01-04,1.3551,-0.00812472551602994,-0.008157910969080842
2021-01-05,1.362,0.005091875138366175,0.005078955380789511
2021-01-06,1.3593,-0.0019823788546257104,-0.001984346368255631
2021-01-07,1.3551,-0.003089825645552824,-0.003094609012534002
2021-01-08,1.3583,0.0023614493395323066,0.0023586654997770633
2021-01-11,1.3522,-0.004490907752337514,-0.004501022171867579
2021-01-12,1.3637,0.008504659074101362,0.008468698207210607
2021-01-13,1.3631,-0.0004399794676247515,-0.0004400762869907807
2021-01-14,1.369,0.004328369158535628,0.004319028711651472
2021-01-15,1.3599,-0.0066471877282687775,-0.0066693786735355885
2021-01-18,1.3599,0.0,0.0
2021-01-19,1.3627,0.0020589749246266997,0.0020568581408617072
2021-01-20,1.3627,0.0,0.0
2021-01-21,1.3721,0.006898070008072299,0.006874387171354517
2021-01-22,1.3685,-0.0026237154726331813,-0.0026271634463957395
2021-01-25,1.3668,-0.001242236024844745,-0.0012430082395970253
2021-01-26,1.3729,0.004462979221539376,0.004453049662422477
2021-01-27,1.3688,-0.0029863791973195886,-0.002990847325575553
2021-01-28,1.3727,0.0028492109877265026,0.0028451596796302044
2021-01-29,1.3723,-0.00029139651781162623,-0.0002914389820264058
2021-02-01,1.3672,-0.003716388544778959,-0.003723311474206495
2021-02-02,1.3644,-0.0020479812755996862,-0.0020500812568903888
2021-02-03,1.3652,0.0005863383172088898,0.0005861664880611708
2021-02-04,1.3665,0.0009522414298270832,0.0009517883355706786
2021-02-05,1.3714,0.003585803146725075,0.003579389482141227
2021-02-08,1.3738,0.0017500364590927742,0.001748506929517045
2021-02-09,1.3796,0.004221866356092674,0.004212979282904691
2021-02-10,1.385,0.003914178022615289,0.003906537558753071
2021-02-11,1.3822,-0.0020216606498194567,-0.002023706964144878
2021-02-12,1.3855,0.00238749819128925,0.0023846526457391476
2021-02-15,1.3855,0.0,0.0
2021-02-16,1.391,0.003969686033922892,0.003961827620409925
2021-02-17,1.3848,-0.0044572250179726325,-0.004467188061443363
2021-02-18,1.3956,0.0077989601386481144,0.007768705450619489
2021-02-19,1.4025,0.004944110060189244,0.004931928084232408
2021-02-22,1.4077,0.003707664884135431,0.0037008084370682456
2021-02-23,1.4092,0.0010655679477162838,0.001065000633163054
2021-02-24,1.4106,0.0009934714731762995,0.0009929783069962856
2021-02-25,1.4105,-7.089181908404019e-05,-7.089433202781218e-05
2021-02-26,1.3947,-0.011201701524282237,-0.0112649130774023
2021-03-01,1.3938,-0.0006453000645301188,-0.0006455083602303997
2021-03-02,1.3962,0.0017219113215669601,0.0017204305318826113
2021-03-03,1.3978,0.0011459676264145013,0.0011453115067275466
2021-03-04,1.3999,0.0015023608527686694,0.0015012334377509041
2021-03-05,1.3817,-0.013000928637759812,-0.013086180418155647
2021-03-08,1.381,-0.0005066222769052331,-0.0005067506533316975
2021-03-09,1.3884,0.005358435916003046,0.0053441305783392306
2021-03-10,1.3899,0.001080380293863259,0.0010797971030809986
2021-03-11,1.398,0.005827757392618205,0.005810841703043217
2021-03-12,1.3925,-0.003934191702431922,-0.003941950992316355
2021-03-15,1.3866,-0.004236983842010766,-0.004245985293049038
2021-03-16,1.3892,0.0018750901485646843,0.0018733343615287606
2021-03-17,1.3888,-0.00028793550244743393,-0.00028797696383321307
2021-03-18,1.3938,0.0036002304147464415,0.003593765098332633
2021-03-19,1.3872,-0.004735256134309029,-0.004746502978140999
2021-03-22,1.3856,-0.0011534025374856371,-0.0011540682181067506
2021-03-23,1.3795,-0.004402424942263283,-0.004412144150829939
2021-03-24,1.3723,-0.005219282348676968,-0.005232950381753178
2021-03-25,1.3722,-7.287036362313426e-05,-7.287301879707133e-05
2021-03-26,1.3794,0.005247048535198751,0.0052333307404002095
2021-03-29,1.3793,-7.249528780628456e-05,-7.24979157166698e-05
2021-03-30,1.3729,-0.004640034800260984,-0.00465083317791494
2021-03-31,1.3795,0.004807342122514324,0.0047958237537814846
2021-04-01,1.3825,0.002174700978615496,0.002172339739149145
2021-04-02,1.3825,0.0,0.0
2021-04-05,1.3907,0.005931283905967533,0.005913763088075381
2021-04-06,1.3849,-0.004170561587689692,-0.004179282635893176
2021-04-07,1.3757,-0.006643078922665913,-0.006665242381722144
2021-04-08,1.3739,-0.0013084248019190614,-0.001309281537047401
2021-04-09,1.3734,-0.00036392750564084864,-0.0003639937433264942
2021-04-12,1.3741,0.0005096839959226607,0.0005095541511528049
2021-04-13,1.3742,7.27749072120254e-05,7.277225924693504e-05
2021-04-14,1.379,0.003492941347693179,0.003486855196326199
2021-04-15,1.3781,-0.0006526468455402279,-0.0006528599122026252
2021-04-16,1.3826,0.003265365358101624,0.003260045630065352
2021-04-19,1.3977,0.010921452336178028,0.010862243979695953
2021-04-20,1.3955,-0.0015740144523145316,-0.0015752545144839224
2021-04-21,1.3936,-0.0013615191687567085,-0.0013624468781385018
2021-04-22,1.3851,-0.006099311136624541,-0.006117987917185396
2021-04-23,1.3845,-0.0004331817197313903,-0.00043327557003634793
2021-04-26,1.389,0.003250270855904569,0.0032450001433271367
2021-04-27,1.3908,0.0012958963282938551,0.001295057379362688
2021-04-28,1.3917,0.0006471095772215829,0.000646900292101187
2021-04-29,1.3956,0.00280232808794989,0.0027984088868112703
2021-04-30,1.3838,-0.008455144740613374,-0.008491092247908375
2021-05-03,1.3913,0.005419858361034979,0.005405223783120539
2021-05-04,1.3873,-0.0028750089844030713,-0.002879149761151223
2021-05-05,1.3913,0.0028832984934765715,0.002879149761151262
2021-05-06,1.388,-0.0023718824121325977,-0.0023746997810813342
2021-05-07,1.4,0.008645533141210304,0.008608374536600101
2021-05-10,1.4153,0.010928571428571399,0.010869286136443211
2021-05-11,1.4149,-0.0002826255917472986,-0.00028266553788656534
2021-05-12,1.4081,-0.004805993356421068,-0.00481757927864079
2021-05-13,1.4033,-0.003408848803352016,-0.003414672166175904
2021-05-14,1.4096,0.004489417800897844,0.00447937042482499
2021-05-17,1.4127,0.002199205448354169,0.0021967907357035516
2021-05-18,1.4184,0.0040348269271608395,0.004026708842379629
2021-05-19,1.4169,-0.0010575296108291665,-0.001058089189817077
2021-05-20,1.4182,0.0009174959418447592,0.0009170752997150774
2021-05-21,1.4158,-0.0016922859963333092,-0.0016937195298073681
2021-05-24,1.4147,-0.0007769458963129416,-0.0007772478752001432
2021-05-25,1.4123,-0.001696472750406408,-0.001697913389870459
2021-05-26,1.4129,0.0004248389152445853,0.0004247486967439477
2021-05-27,1.4172,0.0030433859438034894,0.0030387642195547635
2021-05-28,1.4188,0.001128986734405979,0.0011283499081499425
2021-05-31,1.4188,0.0,0.0
2021-06-01,1.4168,-0.0014096419509445068,-0.0014106364308430282
2021-06-02,1.4177,0.0006352343308864139,0.0006350326549619732
2021-06-03,1.4099,-0.005501869224800782,-0.005517060252270491
2021-06-04,1.4175,0.005390453223632852,0.0053759767305917
2021-06-07,1.4179,0.0002821869488536244,0.00028214714160512065
2021-06-08,1.4146,-0.002327385570209395,-0.002330098141622621
2021-06-09,1.4124,-0.0015552099533436836,-0.0015564205476581953
2021-06-10,1.4165,0.0029028603794958308,0.0028986552163398362
2021-06-11,1.4114,-0.003600423579244727,-0.0036069207038414842
2021-06-14,1.4116,0.00014170327334550592,0.00014169323438502536
2021-06-15,1.4073,-0.003046188722017562,-0.003050837798592959
2021-06-16,1.411,0.0026291480139273293,0.0026256978502919182
2021-06-17,1.3916,-0.013749114103472793,-0.013844508575027116
2021-06-18,1.3817,-0.00711411325093414,-0.007139539215163085
2021-06-21,1.3915,0.007092711876673707,0.007067676903321669
2021-06-22,1.3921,0.00043118936399566543,0.00043109642857607053
2021-06-23,1.3977,0.004022699518712702,0.004014630096339172
2021-06-24,1.3907,-0.005008227802818843,-0.005020811006295531
2021-06-25,1.3899,-0.0005752498741642409,-0.0005754153938529344
2021-06-28,1.3895,-0.0002877904885243421,-0.0002878319081539589
2021-06-29,1.3845,-0.003598416696653395,-0.0036049065715417915
2021-06-30,1.3806,-0.0028169014084507005,-0.0028208763416413406
2021-07-01,1.378,-0.0018832391713748953,-0.001885014695771446
2021-07-02,1.3795,0.0010885341074020616,0.001087942083736925
2021-07-05,1.3795,0.0,0.0
2021-07-06,1.3792,-0.00021747009786154958,-0.00021749374791212955
2021-07-07,1.3792,0.0,0.0
2021-07-08,1.3767,-0.001812645011600944,-0.001814289840531156
2021-07-09,1.3842,0.005447809980387852,0.00543302433886544
2021-07-12,1.3886,0.003178731397196932,0.0031736899114100164
2021-07-13,1.3847,-0.0028085841855105542,-0.0028125356585047318
2021-07-14,1.3854,0.00050552466238174,0.0005053969278364308
2021-07-15,1.3849,-0.0003609065973725345,-0.0003609717398325819
2021-07-16,1.3785,-0.004621272294028422,-0.004631983384820568
2021-07-19,1.369,-0.006891548784911161,-0.006915405175402569
2021-07-20,1.3615,-0.005478451424397401,-0.005493513174634632
2021-07-21,1.3695,0.005875872199779586,0.005858676589318493
2021-07-22,1.375,0.004016064257028162,0.004008021397538868
2021-07-23,1.3749,-7.272727272722435e-05,-7.27299174835549e-05
2021-07-26,1.3829,0.005818604989453746,0.005801742287424575
2021-07-27,1.3884,0.003977149468508356,0.003969261517018677
2021-07-28,1.3884,0.0,0.0
2021-07-29,1.3966,0.005906078939786896,0.00588870642430381
2021-07-30,1.3913,-0.003794930545610864,-0.0038021495641039293
2021-08-02,1.3886,-0.0019406310644720648,-0.0019425165286580703
2021-08-03,1.3905,0.0013682846031974893,0.0013673493548465561
2021-08-04,1.3912,0.0005034160373964536,0.0005032893660535736
2021-08-05,1.3929,0.001221966647498629,0.0012212206539125065
2021-08-06,1.3873,-0.00402038911623237,-0.004028492607305907
2021-08-09,1.3852,-0.0015137317090752056,-0.001514878558412985
2021-08-10,1.384,-0.0008663008951776963,-0.000866676350652126
2021-08-11,1.3866,0.0018786127167631506,0.001876850330775313
2021-08-12,1.3833,-0.002379922111640065,-0.0023827586276205658
2021-08-13,1.3857,0.001734981565820748,0.0017334782238997192
2021-08-16,1.3849,-0.0005773255394384558,-0.0005774922559972726
2021-08-17,1.3739,-0.00794281175536149,-0.007974523918769584
2021-08-18,1.3749,0.0007278550112819193,0.0007275902532856954
2021-08-19,1.3673,-0.00552767473998117,-0.005543008868152173
2021-08-20,1.3625,-0.0035105682732391452,-0.0035167447776367467
2021-08-23,1.3717,0.006752293577981572,0.006729598946962092
2021-08-24,1.3716,-7.290223809874874e-05,-7.290489559606776e-05
2021-08-25,1.3723,0.000510352872557629,0.0005102226868222578
2021-08-26,1.3712,-0.0008015739998543658,-0.0008018954320722715
2021-08-27,1.3769,0.004156942823803966,0.004148326606811348
2021-08-30,1.3758,-0.0007988960708839032,-0.0007992153584129677
2021-08-31,1.3747,-0.0007995348161069504,-0.0007998546145393835
2021-09-01,1.379,0.0031279551902232416,0.0031230733159274006
2021-09-02,1.3825,0.002538071065989911,0.0025348556031881157
2021-09-03,1.3862,0.0026763110307415072,0.0026727360873945514
2021-09-06,1.3862,0.0,0.0
2021-09-07,1.3792,-0.005049776367046732,-0.005062569574455799
2021-09-08,1.3761,-0.0022476798143851173,-0.0022502096381926172
2021-09-09,1.3855,0.006830898917229655,0.006807674031796909
2021-09-10,1.3847,-0.000577408877661445,-0.0005775756423648161
2021-09-13,1.3844,-0.00021665342673504728,-0.00021667689947906681
2021-09-14,1.3848,0.0002889338341518499,0.0002888921008101805
2021-09-15,1.3837,-0.0007943385326402153,-0.0007946541866609379
2021-09-16,1.3785,-0.0037580400375802903,-0.0037651192114871402
2021-09-17,1.3755,-0.0021762785636562088,-0.0021786500992222613
2021-09-20,1.3656,-0.007197382769901894,-0.007223408884398415
2021-09-21,1.3663,0.000512595196250798,0.0005124638642113867
2021-09-22,1.3669,0.0004391422088851904,0.00043904581416500586
2021-09-23,1.3745,0.005560026336966839,0.00554462644669308
2021-09-24,1.3681,-0.004656238632229859,-0.004667112679231967
2021-09-27,1.3712,0.002265916234193366,0.0022633529174469085
2021-09-28,1.3537,-0.01276254375729291,-0.012844684651774853
2021-09-29,1.3439,-0.007239417891704125,-0.007265749638721942
2021-09-30,1.347,0.002306719249944189,0.0023040628573454984
2021-10-01,1.3572,0.0075723830734966135,0.007543856499711051
2021-10-04,1.3602,0.002210433244915988,0.002207993831463215
2021-10-05,1.364,0.002793706807822316,0.002789811661869035
2021-10-06,1.3569,-0.005205278592375406,-0.0052188732515002865
2021-10-07,1.3634,0.004790330901319084,0.00477889377677763
2021-10-08,1.363,-0.0002933841865923048,-0.0002934272321522396
2021-10-11,1.363,0.0,0.0
2021-10-12,1.3605,-0.0018341892883345645,-0.0018358734732316375
2021-10-13,1.3645,0.0029400955531053707,0.002935781925092072
2021-10-14,1.3684,0.0028581898131183614,0.0028541129550564543
2021-10-15,1.3756,0.0052616194095291835,0.005247825454661336
2021-10-18,1.3726,-0.002180866530968273,-0.0021832480835768213
2021-10-19,1.3807,0.005901209383651462,0.005883865447572384
2021-10-20,1.3821,0.0010139784167451094,0.0010134646878742935
2021-10-21,1.3812,-0.0006511829824181747,-0.000651395094143833
2021-10-22,1.3741,-0.005140457573124757,-0.0051537151781085215
2021-10-25,1.3773,0.0023287970307837025,0.0023260895855572858
2021-10-26,1.3772,-7.260582298695972e-05,-7.260845891731556e-05
2021-10-27,1.3739,-0.0023961661341853624,-0.002399041534466219
2021-10-28,1.3804,0.004731057573331476,0.004719901293945896
2021-10-29,1.3686,-0.00854824688496092,-0.00858499270545104
2021-11-01,1.3679,-0.000511471576793876,-0.0005116024229987887
2021-11-02,1.3612,-0.004898018861027809,-0.0049100534686479244
2021-11-03,1.3659,0.0034528357331764514,0.003446888382095273
2021-11-04,1.3494,-0.012079947287502724,-0.012153502815521071
2021-11-05,1.3491,-0.0002223210315696056,-0.00022234574855361613
2021-11-08,1.3563,0.005336891260840693,0.005322700523897887
2021-11-09,1.3551,-0.0008847600088476293,-0.0008851516400010188
2021-11-10,1.347,-0.005977418640690679,-0.005995354918304139
2021-11-11,1.347,0.0,0.0
2021-11-12,1.3412,-0.004305864884929456,-0.004315161818290492
2021-11-15,1.3444,0.0023859230539815535,0.0023830812588771667
2021-11-16,1.3429,-0.0011157393632847956,-0.0011163622638210575
2021-11-17,1.3488,0.004393476803931762,0.0043838536604613836
2021-11-18,1.3489,7.41399762751449e-05,7.413722804293894e-05
2021-11-19,1.3474,-0.0011120171991994,-0.0011126359490745924
2021-11-22,1.3412,-0.004601454653406556,-0.004612073934485992
2021-11-23,1.3388,-0.001789442290486054,-0.0017910452549018525
2021-11-24,1.3332,-0.004182850313713793,-0.004191622903586943
2021-11-25,1.3332,0.0,0.0
2021-11-26,1.3322,-0.0007500750075006835,-0.0007503564545054986
2021-11-29,1.3291,-0.0023269779312415917,-0.0023296895517920203
2021-11-30,1.3252,-0.002934316454743846,-0.0029386300015463098
2021-12-01,1.3308,0.004225777241171125,0.004216873718580845
2021-12-02,1.3305,-0.00022542831379623873,-0.00022545372657781465
2021-12-03,1.3234,-0.005336339721909167,-0.005350628839784878
2021-12-06,1.3252,0.0013601329907813042,0.0013592088477816758
2021-12-07,1.3236,-0.0012073649260487818,-0.0012080943782835833
2021-12-08,1.3236,0.0,0.0
2021-12-09,1.3188,-0.0036264732547598433,-0.0036330648498812054
2021-12-10,1.3262,0.005611161662117059,0.005595477737191243
2021-12-13,1.3233,-0.0021866988387876374,-0.002189093155763636
2021-12-14,1.3225,-0.0006045492329781466,-0.0006047320465492763
2021-12-15,1.3214,-0.0008317580340265751,-0.0008321041366692362
2021-12-16,1.3325,0.008400181625548786,0.008365096444214409
2021-12-17,1.3269,-0.004202626641651053,-0.004211482497608859
2021-12-20,1.3222,-0.003542090587082658,-0.0035483786429130015
2021-12-21,1.3253,0.0023445772197852044,0.0023418329871552914
2021-12-22,1.3345,0.006941824492567861,0.0069178409579459255
2021-12-23,1.341,0.004870738104158834,0.004858914437099669
2021-12-24,1.341,0.0,0.0
2021-12-27,1.3438,0.0020879940343028203,0.002085817204371129
2021-12-28,1.3432,-0.00044649501413907,-0.0004465947227185892
2021-12-29,1.3475,0.0032013103037522583,0.0031961970198211803
2021-12-30,1.35,0.0018552875695734272,0.0018535686493230564
2021-12-31,1.35,0.0,0.0
2022-01-03,1.3469,-0.002296296296296352,-0.002298936827706016
2022-01-04,1.3544,0.005568342118939862,0.005552896214156461
2022-01-05,1.3573,0.002141169521559183,0.0021388804849936877
2022-01-06,1.3539,-0.002504973108376829,-0.002508115802854135
2022-01-07,1.3583,0.003249870743777139,0.003244601327379772
2022-01-10,1.3567,-0.0011779430170065774,-0.0011786373371821925
2022-01-11,1.3622,0.004053954448293595,0.0040457593159550385
2022-01-12,1.3698,0.005579210101306575,0.005563703956586718
2022-01-13,1.3724,0.001898087312016461,0.0018962882204899142
2022-01-14,1.367,-0.003934712911687566,-0.003942474260345101
2022-01-17,1.367,0.0,0.0
2022-01-18,1.3588,-0.005998536942209198,-0.0060166004375206885
2022-01-19,1.3625,0.0027229908743009457,0.0027192902509703795
2022-01-20,1.3642,0.0012477064220184353,0.001246928683219905
2022-01-21,1.3562,-0.00586424277965103,-0.005881504970877166
2022-01-24,1.3447,-0.008479575283881435,-0.008515731419917476
2022-01-25,1.3495,0.0035695694206885342,0.00356321362823498
2022-01-26,1.3516,0.0015561319007040275,0.0015549223820755993
2022-01-27,1.3385,-0.009692216632139594,-0.009739491879727589
2022-01-28,1.3417,0.00239073589839367,0.0023878826360187386
2022-01-31,1.3439,0.0016397108146382067,0.0016383679565925523
2022-02-01,1.3505,0.004911079693429521,0.0048990596796517315
2022-02-02,1.3565,0.004442798963346872,0.004432958866316135
2022-02-03,1.3602,0.0027276078142277616,0.0027238946425518456
2022-02-04,1.3543,-0.004337597412145233,-0.004347032080212617
2022-02-07,1.3533,-0.000738388835560877,-0.0007386615788657897
2022-02-08,1.3552,0.0014039754673760285,0.0014029908153299958
2022-02-09,1.354,-0.0008854781582053883,-0.0008858704255696016
2022-02-10,1.3636,0.007090103397341174,0.007065086791527691
2022-02-11,1.3601,-0.002566735112936258,-0.0025700348250402355
2022-02-14,1.3516,-0.006249540474965176,-0.006269150598572928
2022-02-15,1.3539,0.0017016868896124748,0.0017002406609304768
2022-02-16,1.3585,0.003397592141221706,0.0033918333653372855
2022-02-17,1.3624,0.002870813397129135,0.002866700482076042
2022-02-18,1.3585,-0.002862595419847347,-0.0028667004820761123
2022-02-21,1.3585,0.0,0.0
2022-02-22,1.3597,0.0008833271991166569,0.0008829372952378811
2022-02-23,1.3555,-0.0030889166727954276,-0.003093697222920069
2022-02-24,1.336,-0.014385835485060783,-0.0144903148421291
2022-02-25,1.3407,0.0035179640718563387,0.0035117905109245274
2022-02-28,1.3419,0.0008950548221078325,0.0008946544993965834
2022-03-01,1.3318,-0.007526641329458239,-0.007555109430390133
2022-03-02,1.3365,0.0035290584171796535,0.0035228459024515967
2022-03-03,1.3326,-0.0029180695847362825,-0.0029223354505369635
2022-03-04,1.3214,-0.008404622542398377,-0.008440140532651496
2022-03-07,1.3115,-0.0074920538822459415,-0.007520260288856795
2022-03-08,1.3101,-0.0010674799847503191,-0.0010680501473034315
2022-03-09,1.316,0.004503473017327009,0.004493362725637633
2022-03-10,1.3108,-0.003951367781155124,-0.00395919506060309
2022-03-11,1.3063,-0.0034330180042722036,-0.0034389243321419445
2022-03-14,1.3044,-0.0014544897802954981,-0.0014555485773535275
2022-03-15,1.3065,0.0016099356025758293,0.0016086410455030409
2022-03-16,1.3096,0.002372751626483094,0.0023699410962580935
2022-03-17,1.3159,0.004810629199755612,0.00479909509916971
2022-03-18,1.3169,0.000759936165362074,0.0007596475600795002
2022-03-21,1.3201,0.002429949122940256,0.002427001570539478
2022-03-22,1.3258,0.004317854707976743,0.0043085595205773555
2022-03-23,1.3212,-0.00346960325841017,-0.003475636290656739
2022-03-24,1.3183,-0.0021949742658188276,-0.002197386752710214
2022-03-25,1.3193,0.0007585526814837262,0.0007582651258066646
2022-03-28,1.3091,-0.00773137269764268,-0.007761414703677562
2022-03-29,1.3125,0.0025972041860820028,0.0025938372797254263
2022-03-30,1.3149,0.0018285714285712906,0.0018269016270942324
2022-03-31,1.3152,0.00022815423226107967,0.0002281282090423601
2022-04-01,1.3114,-0.0028892944038929613,-0.002893476472396444
2022-04-04,1.3116,0.00015250876925443357,0.00015249714097434526
2022-04-05,1.3101,-0.0011436413540714119,-0.001144295810868271
2022-04-06,1.3082,-0.0014502709716815998,-0.0014513236325126462
2022-04-07,1.306,-0.0016817000458645426,-0.001683115690735992
2022-04-08,1.3032,-0.0021439509954058744,-0.0021462525485410524
2022-04-11,1.3033,7.673419275633364e-05,7.673124883876312e-05
2022-04-12,1.3031,-0.00015345661014343204,-0.00015346838581374876
2022-04-13,1.3072,0.00314634333512398,0.003141403954878185
2022-04-14,1.3052,-0.0015299877600979395,-0.0015311593865729002
2022-04-15,1.3066,0.0010726325467362852,0.001072057687484565
2022-04-18,1.3019,-0.003597122302158251,-0.0036036075032985443
2022-04-19,1.3009,-0.0007681081496275777,-0.0007684032958381577
2022-04-20,1.3055,0.003536013529095383,0.003529776531670323
2022-04-21,1.3042,-0.0009957870547683267,-0.0009962831800816704
2022-04-22,1.2848,-0.014875019168839154,-0.014986761766604698
2022-04-25,1.2698,-0.011674968866749569,-0.011743656456147573
2022-04-26,1.2617,-0.006378957316112821,-0.006399389802654031
2022-04-27,1.2547,-0.0055480700641992176,-0.00556351776804163
2022-04-28,1.2443,-0.008288833984219313,-0.00832337738406849
2022-04-29,1.2565,0.009804709475206952,0.009756955202061348
2022-05-02,1.2523,-0.003342618384401086,-0.0033482174136600595
2022-05-03,1.251,-0.0010380899145572275,-0.0010386291030756538
2022-05-04,1.2487,-0.0018385291766586098,-0.0018402213458116436
2022-05-05,1.2334,-0.012252742852566612,-0.012328426563706935
2022-05-06,1.2344,0.0008107669855683675,0.0008104384915586646
2022-05-09,1.2335,-0.0007290991574853134,-0.0007293650795395898
2022-05-10,1.2313,-0.0017835427644912194,-0.0017851351705855327
2022-05-11,1.2317,0.00032485990416630806,0.00032480714861277403
2022-05-12,1.2198,-0.009661443533327985,-0.0097084180850827
2022-05-13,1.2242,0.003607148712903685,0.003600658554613446
2022-05-16,1.227,0.002287207972553551,0.002284596293942018
2022-05-17,1.2468,0.016136919315403286,0.016008103182270448
2022-05-18,1.2396,-0.005774783445620657,-0.005791521979588713
2022-05-19,1.2504,0.00871248789932233,0.008674753193673649
2022-05-20,1.2492,-0.0009596928982724684,-0.0009601536983432592
2022-05-23,1.2571,0.006324047390329879,0.006304134511861935
2022-05-24,1.2544,-0.002147800493198737,-0.0021501103246420817
2022-05-25,1.2539,-0.0003985969387754196,-0.0003986763996511629
2022-05-26,1.2582,0.003429300582183492,0.003423433939437022
2022-05-27,1.2613,0.00246383722778587,0.0024608069572183643
2022-05-30,1.2613,0.0,0.0
2022-05-31,1.2624,0.0008721160707205744,0.0008717359984622005
2022-06-01,1.2472,-0.012040557667933993,-0.01211363234804293
2022-06-02,1.2557,0.006815266196279701,0.006792147251351461
2022-06-03,1.2496,-0.004857848212152627,-0.0048696859094967135
2022-06-06,1.2544,0.003841229193341844,0.0038338705107218572
2022-06-07,1.2594,0.003985969387755084,0.003978046458498885
2022-06-08,1.2557,-0.0029379069398126623,-0.0029422310597241683
2022-06-09,1.2511,-0.0036632953730986184,-0.0036700216715638153
2022-06-10,1.233,-0.014467268803452948,-0.014572940159010011
2022-06-13,1.217,-0.012976480129764822,-0.013061410176817147
2022-06-14,1.2011,-0.013064913722267923,-0.013151010427082614
2022-06-15,1.2057,0.003829822662559268,0.0038225075628204523
2022-06-16,1.2341,0.023554781454756535,0.023281648335872696
2022-06-17,1.2201,-0.011344299489506549,-0.011409136877849333
2022-06-20,1.2201,0.0,0.0
2022-06-21,1.2277,0.006228997623145771,0.0062096776055058185
2022-06-22,1.228,0.0002443593711818348,0.0002443295202934898
2022-06-23,1.224,-0.0032573289902280145,-0.0032626456348163824
2022-06-24,1.2273,0.0026960784313725394,0.0026924505311911717
2022-06-27,1.2305,0.00260734946630814,0.0026039562276479657
2022-06-28,1.22,-0.008533116619260372,-0.00856973210380822
2022-06-29,1.2151,-0.004016393442622834,-0.004024480812736051
2022-06-30,1.2162,0.000905275285984608,0.0009048657714431941
2022-07-01,1.2048,-0.00937345831277736,-0.009417665640380078
2022-07-04,1.2048,0.0,0.0
2022-07-05,1.1932,-0.009628154050464799,-0.00967480440503567
2022-07-06,1.1907,-0.002095206168286956,-0.0020974041834640657
2022-07-07,1.1994,0.0073066263542453935,0.007280062277279989
2022-07-08,1.2036,0.0035017508754378035,0.003495634021480861
2022-07-11,1.1907,-0.010717846460618019,-0.010775696298760646
2022-07-12,1.1905,-0.00016796842193689265,-0.00016798253021212858
2022-07-13,1.1919,0.0011759764804704087,0.0011752855617454966
2022-07-14,1.1827,-0.007718768353049632,-0.007748712231591634
2022-07-15,1.1857,0.002536568867844702,0.0025333572069535905
2022-07-18,1.1989,0.011132664248966861,0.011071152249583095
2022-07-19,1.2022,0.0027525231462173227,0.0027487418914536946
2022-07-20,1.1989,-0.0027449675594741763,-0.002748741891453616
2022-07-21,1.1968,-0.001751605638501963,-0.0017531414933951394
2022-07-22,1.2019,0.0042613636363635354,0.004252309738530255
2022-07-25,1.2042,0.0019136367418253197,0.001911808071604183
2022-07-26,1.2036,-0.0004982561036371846,-0.0004983802744572162
2022-07-27,1.2027,-0.0007477567298105336,-0.0007480364393191593
2022-07-28,1.2126,0.008231479171863176,0.008197785321059234
2022-07-29,1.2183,0.0047006432459177905,0.004689629722731399
2022-08-01,1.2278,0.007797750964458672,0.007767505633034173
2022-08-02,1.2218,-0.004886789379377698,-0.00489876877772935
2022-08-03,1.2132,-0.007038795220166927,-0.007063684401240488
2022-08-04,1.2141,0.0007418397626111073,0.0007415647355033695
2022-08-05,1.2061,-0.006589243060703409,-0.006611047960732345
2022-08-08,1.2098,0.00306773899344992,0.003063043083616582
2022-08-09,1.2089,-0.0007439246156388801,-0.0007442014648675762
2022-08-10,1.2245,0.012904293159070157,0.012821742184276137
2022-08-11,1.223,-0.0012249897917515629,-0.0012257407050499027
2022-08-12,1.2132,-0.008013082583810283,-0.008045359872746294
2022-08-15,1.209,-0.0034619188921859445,-0.0034679251996333586
2022-08-16,1.209,0.0,0.0
2022-08-17,1.203,-0.00496277915632759,-0.004975134640113843
2022-08-18,1.197,-0.004987531172069848,-0.0050000104167057515
2022-08-19,1.181,-0.013366750208855471,-0.013456889360610843
2022-08-22,1.1752,-0.0049110922946655755,-0.004923191337694794
2022-08-23,1.1844,0.007828454731109602,0.007797971367768664
2022-08-24,1.1802,-0.0035460992907800915,-0.003552401604367772
2022-08-25,1.1803,8.47314014573719e-05,8.472781195493638e-05
2022-08-26,1.1778,-0.0021181055663813675,-0.002120351924552889
2022-08-29,1.1718,-0.005094243504839557,-0.005107263399782157
2022-08-30,1.1651,-0.00571769926608634,-0.00573410788479279
2022-08-31,1.1647,-0.00034331817011412635,-0.0003433771172892352
2022-09-01,1.1541,-0.009101056065939916,-0.009142723682247236
2022-09-02,1.1582,0.0035525517719434685,0.003546256365330258
2022-09-05,1.1582,0.0,0.0
2022-09-06,1.1549,-0.002849248834398077,-0.002853315670647517
2022-09-07,1.1473,-0.006580656333881718,-0.006602404315944471
2022-09-08,1.1489,0.0013945785757867313,0.0013936070542219243
2022-09-09,1.16,0.009661415266776885,0.00961504224109117
2022-09-12,1.1701,0.008706896551724075,0.008669210124501852
2022-09-13,1.1526,-0.014955986667806065,-0.015068955222346171
2022-09-14,1.1564,0.003296893978830484,0.003291471139625044
2022-09-15,1.1472,-0.007955724662746522,-0.007987540296835152
2022-09-16,1.1419,-0.00461994421199452,-0.004630649137753656
2022-09-19,1.1403,-0.0014011734827916733,-0.0014021560442894394
2022-09-20,1.1405,0.00017539244058584202,0.00017537706113000194
2022-09-21,1.133,-0.006576063130206089,-0.006597780696436446
2022-09-22,1.1269,-0.0053839364518976085,-0.005398482069702667
2022-09-23,1.0921,-0.03088117845416627,-0.0313680517546209
2022-09-26,1.0703,-0.019961541983334885,-0.020163465213352813
2022-09-27,1.0753,0.0046715874054001905,0.004660709406150526
2022-09-28,1.0832,0.007346786943178696,0.007319930761529982
2022-09-29,1.1048,0.019940915805022108,0.01974469993707177
2022-09-30,1.1134,0.007784214337436479,0.007754073654324869
2022-10-03,1.1272,0.012394467397161879,0.012318284835063103
2022-10-04,1.1446,0.015436479772888756,0.015318549390531616
2022-10-05,1.1275,-0.014939716931679281,-0.015052438598168578
2022-10-06,1.1133,-0.012594235033259404,-0.012674214642171796
2022-10-07,1.1116,-0.0015269918261026083,-0.0015281588663129757
2022-10-10,1.1116,0.0,0.0
2022-10-11,1.1168,0.004677941705649502,0.004667034139759361
2022-10-12,1.1096,-0.006446991404011504,-0.0064678630074862355
2022-10-13,1.1344,0.022350396539293493,0.022104286777241272
2022-10-14,1.1208,-0.011988716502115748,-0.0120611607550659
2022-10-17,1.1427,0.019539614561027818,0.019351167129870783
2022-10-18,1.1307,-0.01050144394854291,-0.010556973211468597
2022-10-19,1.1232,-0.006633059166887834,-0.00665515566965283
2022-10-20,1.1288,0.004985754985755042,0.004973367267057631
2022-10-21,1.1292,0.0003543586109142627,0.00035429584073003054
2022-10-24,1.1295,0.0002656748140275056,0.000265639528723574
2022-10-25,1.1469,0.015405046480743811,0.015287593462418958
2022-10-26,1.1615,0.012729967739122827,0.012649622839987006
2022-10-27,1.1574,-0.003529918209212224,-0.003536163070725435
2022-10-28,1.1573,-8.64005529634948e-05,-8.64042857062799e-05
2022-10-31,1.1515,-0.005011665082519712,-0.005024265593292238
2022-11-01,1.146,-0.004776378636561107,-0.0047878219860551146
2022-11-02,1.1467,0.0006108202443282362,0.0006106337695739683
2022-11-03,1.1183,-0.024766721897619193,-0.025078577010115993
2022-11-04,1.1279,0.008584458553160923,0.008547821611728363
2022-11-07,1.1463,0.016313502970121574,0.016181867475092933
2022-11-08,1.1595,0.011515310128238587,0.011449513574622294
2022-11-09,1.1396,-0.01716257007330746,-0.017311554071833116
2022-11-10,1.1677,0.024657774657774745,0.024358678457916064
2022-11-11,1.1677,0.0,0.0
2022-11-14,1.1728,0.004367560161000261,0.004358050050717841
2022-11-15,1.189,0.013813096862210106,0.013718565558394796
2022-11-16,1.1889,-8.410428931870939e-05,-8.410782628276758e-05
2022-11-17,1.1812,-0.0064765749852805365,-0.00649763899473144
2022-11-18,1.1902,0.007619370132069037,0.007590489340984042
2022-11-21,1.1785,-0.009830280625104826,-0.009878916834565685
2022-11-22,1.188,0.008061094611794495,0.008028777546404275
2022-11-23,1.204,0.013468013468013407,0.01337812594617605
2022-11-24,1.204,0.0,0.0
2022-11-25,1.2102,0.005149501661129596,0.00513628831945477
2022-11-28,1.2041,-0.005040489175342944,-0.005053235290047781
2022-11-29,1.1996,-0.003737231126982765,-0.0037442320233192668
2022-11-30,1.1962,-0.0028342780926976507,-0.002838302264397465
2022-12-01,1.2252,0.024243437552248892,0.02395423034816364
2022-12-02,1.2292,0.00326477309826978,0.0032594552977095173
2022-12-05,1.2169,-0.01000650829808003,-0.010056909913575204
2022-12-06,1.2202,0.002711808694222828,0.002708138374997509
2022-12-07,1.2194,-0.000655630224553283,-0.0006558452440362748
2022-12-08,1.2235,0.003362309332458624,0.0033566694090106644
2022-12-09,1.2311,0.006211687780956376,0.0061924747708430455
2022-12-12,1.2285,-0.0021119324181627652,-0.0021141656923356366
2022-12-13,1.2375,0.007326007326007522,0.007299302481611755
2022-12-14,1.2408,0.002666666666666595,0.0026631174194836284
2022-12-15,1.2206,-0.016279819471308854,-0.016413791751934508
2022-12-16,1.2168,-0.003113223005079324,-0.0031180791653113342
2022-12-19,1.218,0.0009861932938854956,0.0009857073247591282
2022-12-20,1.2146,-0.0027914614121511416,-0.002795364806367439
2022-12-21,1.2072,-0.00609254075415766,-0.006111176009835739
2022-12-22,1.2032,-0.0033134526176276102,-0.0033189542580638063
2022-12-23,1.2054,0.0018284574468085957,0.0018267878533684376
2022-12-26,1.2054,0.0,0.0
2022-12-27,1.2032,-0.0018251202920192,-0.001826787853368306
2022-12-28,1.2034,0.00016622340425520576,0.0001662095906758836
2022-12-29,1.206,0.002160545122153801,0.0021582145008792806
2022-12-30,1.2077,0.001409618573797733,0.001408625994198872
2023-01-02,1.2077,0.0,0.0
2023-01-03,1.197,-0.008859816179514701,-0.008899297723356342
2023-01-04,1.2063,0.007769423558897204,0.007739397013364842
2023-01-05,1.1902,-0.013346597032247387,-0.013436463360586357
2023-01-06,1.2064,0.013611157788606887,0.013519358042939866
2023-01-09,1.2206,0.01177055702917773,0.011701822856702964
2023-01-10,1.2155,-0.00417827298050133,-0.004187026354216464
2023-01-11,1.2125,-0.002468120115179051,-0.0024711709445399016
2023-01-12,1.2182,0.004701030927835026,0.0046900155907459605
2023-01-13,1.2194,0.0009850599244787261,0.0009845750713314652
2023-01-16,1.2194,0.0,0.0
2023-01-17,1.2264,0.00574052812858783,0.005724114083888643
2023-01-18,1.2369,0.008561643835616639,0.008525200823359847
2023-01-19,1.2366,-0.0002425418384672806,-0.00024257125649581546
2023-01-20,1.2374,0.0006469351447517813,0.000646725972420117
2023-01-23,1.237,-0.00032325844512681723,-0.00032331070440046124
2023-01-24,1.2323,-0.003799514955537764,-0.003806751448410622
2023-01-25,1.2374,0.004138602613000142,0.004130062152811032
2023-01-26,1.237,-0.00032325844512681723,-0.00032331070440046124
2023-01-27,1.2379,0.0007275666936135128,0.0007273021452766139
2023-01-30,1.2373,-0.00048469181678645334,-0.0004848093178344815
2023-01-31,1.2324,-0.003960235997737094,-0.00396809849741729
2023-02-01,1.2308,-0.0012982797792924217,-0.0012991232746260787
2023-02-02,1.226,-0.0038999025024373246,-0.0039075269517299385
2023-02-03,1.2073,-0.01525285481239802,-0.015370376157814974
2023-02-06,1.2009,-0.005301085065849365,-0.005315185671704036
2023-02-07,1.2013,0.00033308352069272296,0.0003330280606917109
2023-02-08,1.2093,0.0066594522600516015,0.006637376063900357
2023-02-09,1.2157,0.005292317869842078,0.005278362770518497
2023-02-10,1.2061,-0.00789668503742702,-0.00792802897255105
2023-02-13,1.2136,0.006218389851587736,0.006199135445125224
2023-02-14,1.2157,0.0017303889255109173,0.0017288935274258166
2023-02-15,1.2031,-0.010364399111622902,-0.010418483522269411
2023-02-16,1.2018,-0.001080541933338952,-0.0010811261396513326
2023-02-17,1.2012,-0.0004992511233149477,-0.0004993757906522789
2023-02-20,1.2012,0.0,0.0
2023-02-21,1.2111,0.008241758241758212,0.008207980417829582
2023-02-22,1.2064,-0.003880769548344598,-0.003888319273313315
2023-02-23,1.2016,-0.003978779840848712,-0.0039867162438212336
2023-02-24,1.1948,-0.00565912117177092,-0.0056751946679155126
2023-02-27,1.2036,0.007365249414127861,0.007338258413935398
2023-02-28,1.2093,0.004735792622133639,0.004724614035339674
2023-03-01,1.2034,-0.004878855536260662,-0.004890796004978432
2023-03-02,1.1942,-0.007645005816852346,-0.007674378673359421
2023-03-03,1.1996,0.0045218556355719475,0.004511662761961991
2023-03-06,1.2048,0.004334778259419858,0.00432541017077516
2023-03-07,1.1857,-0.015853253652058474,-0.01598026058160433
2023-03-08,1.1837,-0.0016867673104494774,-0.001688191504176879
2023-03-09,1.1922,0.007180873532145027,0.007155213825978303
2023-03-10,1.2043,0.010149303808085985,0.01009814548060813
2023-03-13,1.216,0.009715187245702861,0.009668298259678076
2023-03-14,1.2146,-0.0011513157894736947,-0.0011519790626373582
2023-03-15,1.2032,-0.00938580602667538,-0.009430130267899522
2023-03-16,1.2111,0.006565824468085069,0.0065443633314294074
2023-03-17,1.2141,0.002477086945751772,0.0024740240229247333
2023-03-20,1.2257,0.009554402438020082,0.00950904779719004
2023-03-21,1.2195,-0.00505833401321687,-0.005071170691144431
2023-03-22,1.2232,0.003034030340303362,0.003029436958877531
2023-03-23,1.2322,0.007357750163505372,0.007330813965617594
2023-03-24,1.2225,-0.007872098685278384,-0.007903247231443254
2023-03-27,1.2278,0.004335378323108374,0.00432600764436887
2023-03-28,1.2341,0.0051311288483466555,0.005118009465741897
2023-03-29,1.2313,-0.0022688598979012653,-0.0022714376603120185
2023-03-30,1.2368,0.004466823682286902,0.004456877034331614
2023-03-31,1.2369,8.0853816300408e-05,8.085054780678176e-05
2023-04-03,1.2403,0.002748807502627404,0.002745036440319717
2023-04-04,1.2498,0.007659437232927502,0.007630252673697427
2023-04-05,1.2469,-0.0023203712594016546,-0.0023230674924409763
2023-04-06,1.2456,-0.001042585612318403,-0.0010431294827517638
2023-04-07,1.2422,-0.002729608220937707,-0.0027333403945859766
2023-04-10,1.2358,-0.005152149412332885,-0.005165467498323354
2023-04-11,1.2409,0.004126881372390256,0.004118389153694642
2023-04-12,1.2471,0.004996373599806647,0.004983933146127587
2023-04-13,1.2531,0.004811161895597715,0.004799625244537823
2023-04-14,1.2417,-0.009097438352884901,-0.009139072748442988
2023-04-17,1.2359,-0.0046710155432069245,-0.004681958827106681
2023-04-18,1.2419,0.004854761712112632,0.004843015358297117
2023-04-19,1.2442,0.001852000966261258,0.0018502881269324095
2023-04-20,1.2448,0.0004822375823823055,0.0004821213432078055
2023-04-21,1.2419,-0.0023296915167094756,-0.0023324094701402424
2023-04-24,1.2457,0.0030598276833884164,0.0030551559380601807
2023-04-25,1.2398,-0.004736292847395074,-0.004747544624228011
2023-04-26,1.2486,0.007097919019196652,0.007072847359824727
2023-04-27,1.2471,-0.0012013455069677104,-0.0012020677009421993
2023-04-28,1.2582,0.008900649506855762,0.008861272209227673
2023-05-01,1.2495,-0.006914639961850155,-0.006938656860922085
2023-05-02,1.2475,-0.0016006402561024036,-0.0016019226493333046
2023-05-03,1.2547,0.005771543086172226,0.005754951539980194
2023-05-04,1.258,0.0026301107834543203,0.0026266580947319
2023-05-05,1.265,0.00556438791732905,0.005548963901234732
2023-05-08,1.2633,-0.0013438735177864203,-0.0013447773256286873
2023-05-09,1.2618,-0.0011873664212777024,-0.0011880718992827786
2023-05-10,1.2614,-0.0003170074496749997,-0.0003170577071581861
2023-05-11,1.2501,-0.008958300301252664,-0.00899866713303347
2023-05-12,1.2464,-0.002959763218942535,-0.0029641519800336974
2023-05-15,1.2526,0.004974326059050016,0.0049619949748286145
2023-05-16,1.2494,-0.0025546862525944736,-0.0025579550318428185
2023-05-17,1.2475,-0.0015207299503762206,-0.0015218874337958412
2023-05-18,1.2424,-0.00408817635270553,-0.004096555791196537
2023-05-19,1.2464,0.003219575016097931,0.0032144032820065594
2023-05-22,1.2425,-0.0031290115532733864,-0.0031339171456999846
2023-05-23,1.2423,-0.00016096579476854167,-0.00016097875115245948
2023-05-24,1.2368,-0.00442727199549231,-0.004437101386473825
2023-05-25,1.2325,-0.0034767141009055536,-0.0034827719163123333
2023-05-26,1.2342,0.0013793103448276334,0.0013783599701213596
2023-05-29,1.2342,0.0,0.0
2023-05-30,1.2403,0.004942472856911406,0.004930298934317429
2023-05-31,1.2396,-0.000564379585584085,-0.0005645389076906468
2023-06-01,1.2536,0.01129396579541786,0.011230665128217883
2023-06-02,1.2468,-0.005424377791959256,-0.005439143148629152
2023-06-05,1.244,-0.002245749117741336,-0.0022482745940571834
2023-06-06,1.2418,-0.0017684887459806786,-0.0017700543683323033
2023-06-07,1.2451,0.0026574327588984037,0.0026539080275744587
2023-06-08,1.2547,0.007710224078387062,0.007680652207286979
2023-06-09,1.2579,0.0025504104566829167,0.0025471636791726637
2023-06-12,1.2489,-0.00715478177915585,-0.007180499975787331
2023-06-13,1.2611,0.009768596364801096,0.009721192092789429
2023-06-14,1.2696,0.006740147490286175,0.006717534250370432
2023-06-15,1.2762,0.0051984877126654006,0.0051850222220471845
2023-06-16,1.2815,0.004152954082432325,0.0041443543698793965
2023-06-19,1.2815,0.0,0.0
2023-06-20,1.2732,-0.006476785017557551,-0.00649785039618804
2023-06-21,1.2737,0.0003927112786679121,0.0003926341877760304
2023-06-22,1.275,0.0010206485043573466,0.0010201279968126806
2023-06-23,1.2701,-0.0038431372549019294,-0.003850541082252697
2023-06-26,1.2724,0.001810881032989542,0.001809243364715265
2023-06-27,1.2752,0.002200565859792558,0.002198148160961589
2023-06-28,1.2637,-0.009018193224592075,-0.009059103271315386
2023-06-29,1.2617,-0.0015826541109440484,-0.0015839078309395048
2023-06-30,1.2709,0.00729174922723308,0.007265292954329165
2023-07-03,1.2695,-0.0011015815563772957,-0.001102188743291533
2023-07-04,1.2695,0.0,0.0
2023-07-05,1.271,0.0011815675462778508,0.001180870044720713
2023-07-06,1.2721,0.0008654602675060019,0.0008650859727113001
2023-07-07,1.2838,0.009197390142284378,0.009155351715512497
2023-07-10,1.2837,-7.789375292099887e-05,-7.78967867969186e-05
2023-07-11,1.2901,0.004985588533146235,0.004973201640209921
2023-07-12,1.2993,0.00713123013719863,0.007105923157599737
2023-07-13,1.3097,0.008004310013084215,0.007972445446666804
2023-07-14,1.3113,0.0012216538138503097,0.0012209082020211046
2023-07-17,1.3078,-0.002669106993060222,-0.0026726754102028632
2023-07-18,1.3054,-0.001835142988224625,-0.0018368289260586466
2023-07-19,1.2898,-0.011950360042898622,-0.012022339624839935
2023-07-20,1.2849,-0.003799038610637351,-0.003806273286842063
2023-07-21,1.2854,0.000389135341271718,0.00038905964775085076
2023-07-24,1.2828,-0.0020227166640736094,-0.0020247651181861306
2023-07-25,1.2876,0.00374181478016844,0.003734831605653304
2023-07-26,1.293,0.004193849021435048,0.0041850793472042016
2023-07-27,1.287,-0.004640371229698403,-0.004651171175730844
2023-07-28,1.287,0.0,0.0
2023-07-31,1.2857,-0.0010101010101009056,-0.001010611505923392
2023-08-01,1.275,-0.008322314692385535,-0.00835713849767671
2023-08-02,1.2712,-0.0029803921568626324,-0.0029848423700201835
2023-08-03,1.2709,-0.00023599748269365062,-0.00023602533448162358
2023-08-04,1.2775,0.005193170194350616,0.005179732189834921
2023-08-07,1.2769,-0.0004696673189824585,-0.0004697776472241173
2023-08-08,1.2729,-0.0031325867334951463,-0.003137503554246554
2023-08-09,1.2715,-0.0010998507345429953,-0.0011004560142143611
2023-08-10,1.2726,0.0008651199370821594,0.0008647459365174106
2023-08-11,1.2694,-0.0025145371680024287,-0.002517703926321947
2023-08-14,1.2691,-0.0002363321254137407,-0.0002363600562512148
2023-08-15,1.2745,0.004254983846820659,0.004245957000051534
2023-08-16,1.2749,0.00031384856806582206,0.0003137993279063499
2023-08-17,1.2753,0.0003137500980470165,0.0003137008887776772
2023-08-18,1.2738,-0.001176193836744388,-0.0011768860955888151
2023-08-21,1.2737,-7.850525985242385e-05,-7.850834155162355e-05
2023-08-22,1.2733,-0.000314045693648346,-0.0003140950163238484
2023-08-23,1.2715,-0.0014136495719783149,-0.001414649717215539
2023-08-24,1.2634,-0.006370428627605174,-0.006390806397574294
2023-08-25,1.257,-0.005065695741649612,-0.005078569874352687
2023-08-28,1.2592,0.0017501988862371753,0.001748669072891461
2023-08-29,1.2614,0.0017471410419314104,0.0017456165664120895
2023-08-30,1.2726,0.008879023307436062,0.0088398365691408
2023-08-31,1.2667,-0.004636177903504679,-0.00464695830910499
2023-09-01,1.2594,-0.0057630062366779145,-0.005779676434944444
2023-09-04,1.2594,0.0,0.0
2023-09-05,1.2583,-0.000873431792917323,-0.0008738134567201454
2023-09-06,1.2498,-0.006755145831677578,-0.006778065102940827
2023-09-07,1.2485,-0.0010401664266282973,-0.0010407077751534378
2023-09-08,1.2476,-0.0007208650380455817,-0.0007211249861796416
2023-09-11,1.2529,0.004248156460403774,0.004239158517858604
2023-09-12,1.2477,-0.004150371138957554,-0.004159007834531257
2023-09-13,1.2488,0.000881622184820019,0.00088123378424658
2023-09-14,1.241,-0.006245996156309941,-0.006265583996614981
2023-09-15,1.2392,-0.0014504431909750926,-0.0014514961019484066
2023-09-18,1.2403,0.0008876694641704042,0.0008872757186249639
2023-09-19,1.2393,-0.0008062565508344388,-0.0008065817504552862
2023-09-20,1.2389,-0.0003227628499961055,-0.00032281494913552033
2023-09-21,1.2299,-0.007264508838485617,-0.007291023873328214
2023-09-22,1.2257,-0.0034149117814455954,-0.0034207559012452895
2023-09-25,1.2218,-0.003181855266378375,-0.0031869281314528806
2023-09-26,1.2168,-0.004092322802422554,-0.00410071927058337
2023-09-27,1.2133,-0.002876397107166362,-0.0028805418872557926
2023-09-28,1.2223,0.0074177862029176644,0.007390409725389756
2023-09-29,1.2214,-0.0007363167798412062,-0.00073658799418263
2023-10-02,1.213,-0.006877353856230561,-0.006901111844984253
2023-10-03,1.2069,-0.005028854080791456,-0.0050415413201979386
2023-10-04,1.2157,0.007291407738834854,0.00726495393789587
2023-10-05,1.2171,0.0011515999012914335,0.0011509373187629688
2023-10-06,1.2255,0.006901651466600933,0.006877944087656021
2023-10-09,1.2255,0.0,0.0
2023-10-10,1.2288,0.0026927784577721603,0.002689159425240278
2023-10-11,1.2304,0.0013020833333334814,0.0013012363579719556
2023-10-12,1.2214,-0.007314694408322442,-0.007341577962345094
2023-10-13,1.2139,-0.006140494514491612,-0.006159424885276463
2023-10-16,1.2198,0.004860367410824518,0.004848593958597893
2023-10-17,1.2206,0.000655845220527862,0.0006556302480385353
2023-10-18,1.215,-0.004587907586432793,-0.004598464335745638
2023-10-19,1.2145,-0.0004115226337449984,-0.00041160733242178604
2023-10-20,1.2153,0.0006587072869495003,0.0006584904345275151
2023-10-23,1.2235,0.0067473051921336236,0.006724644005971782
2023-10-24,1.217,-0.005312627707396822,-0.00532678989519919
2023-10-25,1.214,-0.0024650780608053147,-0.002468121368083657
2023-10-26,1.2113,-0.0022240527182866288,-0.0022265295966870367
2023-10-27,1.2151,0.003137125402460139,0.003132214891809539
2023-10-30,1.2157,0.0004937865196279478,0.0004936646471821282
2023-10-31,1.2135,-0.001809656987743713,-0.0018112963950922235
2023-11-01,1.2127,-0.0006592501030079356,-0.000659467503910056
2023-11-02,1.2175,0.003958110002473925,0.0039502972939988385
2023-11-03,1.2374,0.016344969199178605,0.016212828140143527
2023-11-06,1.2391,0.001373848391789334,0.001372905525558897
2023-11-07,1.2296,-0.00766685497538544,-0.007696396398061195
2023-11-08,1.2301,0.0004066363044892274,0.00040655365035318557
2023-11-09,1.2279,-0.0017884724819120512,-0.0017900737082723306
2023-11-10,1.2279,0.0,0.0
2023-11-13,1.2268,-0.0008958384233244132,-0.0008962399263705788
2023-11-14,1.2483,0.017525268992500953,0.017373472416908956
2023-11-15,1.2431,-0.0041656653048144365,-0.0041743658593354285
2023-11-16,1.2423,-0.0006435524092994749,-0.0006437595780386283
2023-11-17,1.243,0.0005634709812445404,0.000563312291079925
2023-11-20,1.2505,0.006033789219629826,0.00601565880696253
2023-11-21,1.254,0.0027988804478209506,0.0027949708751923404
2023-11-22,1.2468,-0.005741626794258492,-0.005758173299684106
2023-11-23,1.2468,0.0,0.0
2023-11-24,1.2601,0.010667308309271872,0.010610813982465592
2023-11-27,1.2613,0.0009523053725895014,0.0009518522175000347
2023-11-28,1.2713,0.007928327915642575,0.007897063862929276
2023-11-29,1.269,-0.0018091717139937513,-0.0018108102416893178
2023-11-30,1.264,-0.003940110323088941,-0.0039478930075848235
2023-12-01,1.2682,0.003322784810126489,0.003317276559128422
2023-12-04,1.2633,-0.0038637438889764786,-0.003871227429939442
2023-12-05,1.259,-0.003403783740995925,-0.003409589791644735
2023-12-06,1.2589,-7.942811755357049e-05,-7.943127213354221e-05
2023-12-07,1.2582,-0.000556040988164197,-0.0005561956362842424
2023-12-08,1.2539,-0.003417580670799558,-0.00342343393943712
2023-12-11,1.255,0.0008772629396283094,0.0008768783693920627
2023-12-12,1.2549,-7.968127490043386e-05,-7.968444962186377e-05
2023-12-13,1.2527,-0.0017531277392620614,-0.0017546662661161625
2023-12-14,1.2767,0.01915861738644531,0.018977401976158933
2023-12-15,1.2709,-0.004542962324743494,-0.004553312938280422
2023-12-18,1.2632,-0.0060586985600753485,-0.006077126946592209
2023-12-19,1.2751,0.009420519316022613,0.009376422948063734
2023-12-20,1.266,-0.007136695161163775,-0.007162283185374702
2023-12-21,1.2668,0.0006319115323853985,0.0006317119603631668
2023-12-22,1.272,0.004104831070413706,0.004096429235582788
2023-12-25,1.272,0.0,0.0
2023-12-26,1.2709,-0.0008647798742139612,-0.0008651540120428452
2023-12-27,1.2797,0.006924226925800747,0.006900364555525647
2023-12-28,1.2743,-0.0042197390013284375,-0.004228667225316781
2023-12-29,1.2743,0.0,0.0
2024-01-01,1.2743,0.0,0.0
2024-01-02,1.2632,-0.008710664678647007,-0.00874882427680104
2024-01-03,1.2641,0.0007124762507915161,0.0007122225600794651
2024-01-04,1.2692,0.004034490942172342,0.004026374207528623
2024-01-05,1.274,0.0037819098644815696,0.00377477642306816
2024-01-08,1.2766,0.0020408163265306367,0.002038736689848309
2024-01-09,1.272,-0.003603321322262265,-0.0036098289218894925
2024-01-10,1.273,0.0007861635220125507,0.000785854657339038
2024-01-11,1.2712,-0.0014139827179888709,-0.0014149833349001637
2024-01-12,1.2746,0.0026746381371931527,0.002671067657687473
2024-01-15,1.2746,0.0,0.0
2024-01-16,1.2657,-0.006982582771065338,-0.007007075081790973
2024-01-17,1.2666,0.000711068973690443,0.000710816283927242
2024-01-18,1.2687,0.001657981999052538,0.0016566090642226175
2024-01-19,1.2677,-0.0007882084023014269,-0.000788519201871443
2024-01-22,1.2728,0.004023033840814039,0.004014963078896075
2024-01-23,1.2661,-0.005263984915147679,-0.005277888497369581
2024-01-24,1.2754,0.0073453913592924636,0.007318545354963895
2024-01-25,1.27,-0.004233965814646412,-0.004242954428534321
2024-01-26,1.272,0.0015748031496063408,0.0015735644474305383
2024-01-29,1.2681,-0.0030660377358490143,-0.003070747659213496
2024-01-30,1.2683,0.00015771626843297248,0.00015770383252985393
2024-01-31,1.2733,0.003942284948356134,0.003934534506006056
2024-02-01,1.2727,-0.00047121652399284564,-0.00047132758138851124
2024-02-02,1.2627,-0.00785731122809774,-0.007888342553366791
2024-02-05,1.2532,-0.0075235606240594555,-0.0075520053665978715
2024-02-06,1.2589,0.004548356208107007,0.004538043694176677
2024-02-07,1.2629,0.0031773770752243635,0.0031723398799107724
2024-02-08,1.262,-0.0007126454984558439,-0.0007128995509658344
2024-02-09,1.2628,0.0006339144215530279,0.0006337135826780587
2024-02-12,1.2631,0.00023756731073798498,0.0002375390960929158
2024-02-13,1.2606,-0.0019792573826299398,-0.0019812187009197297
2024-02-14,1.2562,-0.003490401396160525,-0.003496507058729314
2024-02-15,1.258,0.0014328928514568684,0.0014318672401055416
2024-02-16,1.259,0.0007949125596182771,0.0007945967839611677
2024-02-19,1.259,0.0,0.0
2024-02-20,1.2645,0.004368546465448819,0.004359032065672722
2024-02-21,1.2624,-0.0016607354685646003,-0.0016621160184099924
2024-02-22,1.2649,0.0019803548795944703,0.001978396561886365
2024-02-23,1.2678,0.002292671357419618,0.0022900471965699607
2024-02-26,1.2681,0.00023663038334120756,0.00023660239078788614
2024-02-27,1.2693,0.000946297610598501,0.0009458501532775353
2024-02-28,1.267,-0.0018120223745372588,-0.0018136660729925439
2024-02-29,1.2632,-0.0029992107340172103,-0.003003717379706563
2024-03-01,1.2652,0.0015832805573148256,0.00158202849006151
2024-03-04,1.2701,0.003872905469490817,0.003865425078779845
2024-03-05,1.2712,0.0008660735375167761,0.000865698712232477
2024-03-06,1.2757,0.00353996224040265,0.003533711321738006
2024-03-07,1.2796,0.0030571450968095437,0.003052481531118539
2024-03-08,1.2852,0.004376367614879584,0.0043668191663403895
2024-03-11,1.2807,-0.003501400560224077,-0.003507544809677314
2024-03-12,1.2786,-0.0016397282736003715,-0.001641074099399609
2024-03-13,1.2799,0.0010167370561551259,0.001016220529119583
2024-03-14,1.2749,-0.003906555199625017,-0.00391420571766956
2024-03-15,1.2742,-0.0005490626715820568,-0.0005492134616887247
2024-03-18,1.2736,-0.00047088369172809674,-0.00047099459226920175
2024-03-19,1.2713,-0.0018059045226130888,-0.0018075371340418142
2024-03-20,1.2713,0.0,0.0
2024-03-21,1.267,-0.003382364508770719,-0.003388097634937895
2024-03-22,1.2603,-0.00528808208366216,-0.005302113477692949
2024-03-25,1.2648,0.0035705784337061175,0.003564219051816051
2024-03-26,1.263,-0.0014231499051233776,-0.0014241635447711908
2024-03-27,1.2631,7.917656373712667e-05,7.917342943844496e-05
2024-03-28,1.2634,0.00023751088591583702,0.0002374826846706862
2024-03-29,1.2637,0.00023745448788980994,0.0002374263000350339
2024-04-01,1.2545,-0.007280208910342756,-0.007306838958158194
2024-04-02,1.2576,0.0024711040255083194,0.0024680558684652687
2024-04-03,1.2635,0.004691475826972047,0.004680505153306854
2024-04-04,1.2669,0.002690937870993171,0.0026873237797585647
2024-04-05,1.2633,-0.0028415818138762816,-0.002845626772015691
2024-04-08,1.2655,0.0017414707512071192,0.001739956149186926
2024-04-09,1.2676,0.001659423152903905,0.0016580478315868516
2024-04-10,1.2544,-0.010413379615020535,-0.010467978220622303
2024-04-11,1.2535,-0.0007174744897958663,-0.0007177319977952676
2024-04-12,1.2457,-0.006222576785002043,-0.006242017706301132
2024-04-15,1.2466,0.0007224853496026196,0.0007222244827032044
2024-04-16,1.2437,-0.0023263276111020748,-0.0023290377150547523
2024-04-17,1.2443,0.0004824314545308628,0.0004823151218902153
2024-04-18,1.2465,0.0017680623643816507,0.0017665011820271154
2024-04-19,1.2397,-0.005455274769354146,-0.005470209119511366
2024-04-22,1.2341,-0.0045172219085263254,-0.004527455384963382
2024-04-23,1.2434,0.0075358560894580595,0.0075076033760994604
2024-04-24,1.2434,0.0,0.0
2024-04-25,1.2494,0.00482547852662063,0.00481387322423245
2024-04-26,1.2474,-0.0016007683688170626,-0.001602050967447322
2024-04-29,1.2553,0.006333172999839709,0.006313202732140521
2024-04-30,1.2514,-0.0031068270532940145,-0.0031116632598995873
2024-05-01,1.2488,-0.0020776730062331827,-0.0020798343630409697
2024-05-02,1.2507,0.0015214606021780597,0.00152030435363856
2024-05-03,1.255,0.0034380746781801363,0.003432178011023279
2024-05-06,1.2575,0.0019920318725101804,0.001990050408010231
2024-05-07,1.2535,-0.0031809145129224614,-0.003185984375546186
2024-05-08,1.2503,-0.002552852014359841,-0.002556116097394152
2024-05-09,1.2505,0.0001599616092138323,0.00015994881671980825
2024-05-10,1.2528,0.0018392642942821613,0.0018375749188647864
2024-05-13,1.2563,0.0027937420178800743,0.0027898467738336403
2024-05-14,1.2588,0.00198997054843586,0.0019879931798796077
2024-05-15,1.2658,0.005560851604702988,0.005545447150953276
2024-05-16,1.2682,0.0018960341286142768,0.001894238924726227
2024-05-17,1.2703,0.001655890238132729,0.0016545207634837285
2024-05-20,1.2708,0.0003936078091788531,0.00039353036594597085
2024-05-21,1.271,0.00015738117721109113,0.0001573687940928504
2024-05-22,1.2739,0.0022816679779702476,0.0022790689262872743
2024-05-23,1.2717,-0.0017269801397283846,-0.0017284730890400315
2024-05-24,1.2746,0.0022804120468662425,0.0022778158534924524
2024-05-27,1.2746,0.0,0.0
2024-05-28,1.2786,0.0031382394476697772,0.003133325452432628
2024-05-29,1.2714,-0.005631159080243919,-0.0056470738303179705
2024-05-30,1.2739,0.0019663363221644747,0.001964405613432724
2024-05-31,1.2738,-7.849909726032056e-05,-7.850217847570538e-05
2024-06-03,1.2795,0.004474799811587493,0.0044648176625782035
2024-06-04,1.2785,-0.0007815552950372062,-0.0007818608686022724
2024-06-05,1.2771,-0.0010950332420806008,-0.0010956332290249899
2024-06-06,1.2786,0.0011745360582571251,0.0011738468304102344
2024-06-07,1.2727,-0.0046144220240889045,-0.004625101334625079
2024-06-10,1.2733,0.00047143867368593106,0.0004713275813885066
2024-06-11,1.2725,-0.0006282886986571645,-0.0006284861547121983
2024-06-12,1.2843,0.009273084479371363,0.009230353394332353
2024-06-13,1.2764,-0.0061512107762984325,-0.006170207414921732
2024-06-14,1.2685,-0.006189282356628079,-0.006208515364751942
2024-06-17,1.2689,0.00031533307055564563,0.00031528336353219027
2024-06-18,1.2699,0.0007880841673890693,0.0007877737921188108
2024-06-19,1.2699,0.0,0.0
2024-06-20,1.2671,-0.0022048980234665727,-0.0022073323901252717
2024-06-21,1.2645,-0.002051929603030467,-0.002054037694842675
2024-06-24,1.2684,0.0030842230130485593,0.0030794765541723454
2024-06-25,1.2677,-0.0005518763796908965,-0.0005520287195112043
2024-06-26,1.2625,-0.004101916857300658,-0.004110352795166148
2024-06-27,1.2653,0.00221782178217822,0.0022153660457030957
2024-06-28,1.264,-0.0010274243262468064,-0.001027952488415319
2024-07-01,1.265,0.0007911392405062223,0.0007908264548177709
2024-07-02,1.2679,0.0022924901185772395,0.0022898663722818622
2024-07-03,1.2766,0.00686173988484895,0.0068383052880546195
2024-07-04,1.2766,0.0,0.0
2024-07-05,1.2807,0.0032116559611468087,0.0032065096100691404
2024-07-08,1.2829,0.0017178105723432147,0.0017163368232684338
2024-07-09,1.2787,-0.003273832722737513,-0.0032792034381719216
2024-07-10,1.2842,0.0043012434503792996,0.004292019542825424
2024-07-11,1.292,0.00607382027721548,0.006055448982599255
2024-07-12,1.2986,0.005108359133126905,0.005095355731839189
2024-07-15,1.2986,0.0,0.0
2024-07-16,1.2958,-0.002156168181118079,-0.0021584960585294536
2024-07-17,1.3008,0.003858620157431547,0.003851194777689115
2024-07-18,1.2973,-0.0026906519065190704,-0.0026942782165794163
2024-07-19,1.2922,-0.003931241809912778,-0.003938989452901527
2024-07-22,1.2911,-0.0008512614146417574,-0.0008516239433922124
2024-07-23,1.2916,0.0003872666718303108,0.0003871917034473018
2024-07-24,1.2925,0.0006968101579436503,0.0006965674984640605
2024-07-25,1.2884,-0.0031721470019342446,-0.003177188925540444
2024-07-26,1.2864,-0.001552312946289991,-0.0015535190323418561
2024-07-29,1.2853,-0.0008550995024875219,-0.0008554653086157245
2024-07-30,1.2828,-0.0019450711896056294,-0.001946965297086397
2024-07-31,1.284,0.00093545369504211,0.0009350164309066464
2024-08-01,1.2772,-0.00529595015576334,-0.005310023409279633
2024-08-02,1.2798,0.002035703100532471,0.00203363386473299
2024-08-05,1.2765,-0.0025785278949836954,-0.0025818580238214724
2024-08-06,1.2695,-0.005483744614179331,-0.0054988355368053255
2024-08-07,1.2718,0.0018117369042929266,0.001810097688574182
2024-08-08,1.2741,0.001808460449756133,0.0018068271540276411
2024-08-09,1.2766,0.001962169374460254,0.001960246834621623
2024-08-12,1.2776,0.0007833307222309127,0.0007830240788457247
2024-08-13,1.2828,0.004070131496555884,0.004061870918197016
2024-08-14,1.2849,0.0016370439663235814,0.0016357054704350484
2024-08-15,1.2863,0.0010895789555607216,0.0010889857952347613
2024-08-16,1.2906,0.0033429215579570126,0.003337346417069679
2024-08-19,1.2984,0.006043700604370095,0.006025510698642125
2024-08-20,1.3027,0.0033117683302525958,0.0033062965031368983
2024-08-21,1.3077,0.0038381822368926954,0.003830835208938312
2024-08-22,1.3094,0.0012999923529859458,0.0012991480945341784
2024-08-23,1.3197,0.007866198258744683,0.00783542101579299
2024-08-26,1.3185,-0.0009092975676290305,-0.0009097112294424096
2024-08-27,1.3235,0.003792188092529347,0.0037850158738145377
2024-08-28,1.3201,-0.002568945976577197,-0.002572251380442006
2024-08-29,1.3186,-0.0011362775547307802,-0.0011369236075146933
2024-08-30,1.3132,-0.004095252540573413,-0.004103661051761751
2024-09-02,1.3132,0.0,0.0
2024-09-03,1.3103,-0.0022083460249771036,-0.0022107880168979505
2024-09-04,1.3142,0.002976417614286797,0.002971996853227882
2024-09-05,1.3165,0.0017501141378786222,0.0017485844725966648
2024-09-06,1.3136,-0.002202810482339501,-0.002205240238200282
2024-09-09,1.3083,-0.004034713763702902,-0.00404287518133342
2024-09-10,1.3065,-0.0013758312313689736,-0.0013767785561632998
2024-09-11,1.3027,-0.002908534251817807,-0.0029127722571487724
2024-09-12,1.3081,0.004145236815844111,0.004136668990663076
2024-09-13,1.314,0.004510358535280146,0.00450021735037443
2024-09-16,1.3202,0.00471841704718412,0.004707320210114554
2024-09-17,1.3164,-0.0028783517648841572,-0.002882502185485602
2024-09-18,1.3199,0.0026587663324217914,0.0026552380657240454
2024-09-19,1.3279,0.006061065232214613,0.006042770861372995
2024-09-20,1.3305,0.0019579787634611545,0.0019560644214620965
2024-09-23,1.3351,0.003457346862081767,0.0034513839783052534
2024-09-24,1.3376,0.0018725189124408903,0.0018707679343877692
2024-09-25,1.3338,-0.0028409090909089496,-0.0028449521322311392
2024-09-26,1.3428,0.006747638326585648,0.006724974907673916
2024-09-27,1.3394,-0.002532022639261333,-0.0025352336299301306
2024-09-30,1.3399,0.00037330147827407956,0.00037323181861273594
2024-10-01,1.3282,-0.008731994924994435,-0.00877034218794906
2024-10-02,1.3271,-0.000828188525824447,-0.0008285316634097558
2024-10-03,1.3114,-0.011830306683746517,-0.011900841613684527
2024-10-04,1.3107,-0.0005337806923897404,-0.000533923204019085
2024-10-07,1.308,-0.0020599679560540096,-0.002062092608355868
2024-10-08,1.3093,0.0009938837920488997,0.000993390216563562
2024-10-09,1.308,-0.0009928969678453248,-0.0009933902165635033
2024-10-10,1.3053,-0.0020642201834863982,-0.0020663536224000546
2024-10-11,1.307,0.0013023825940396971,0.0013015352294778446
2024-10-14,1.307,0.0,0.0
2024-10-15,1.3083,0.0009946442234125552,0.0009941498926086686
2024-10-16,1.3,-0.00634411067797902,-0.006364320067202315
2024-10-17,1.3008,0.0006153846153844622,0.000615195343917888
2024-10-18,1.3022,0.0010762607626075837,0.0010756820092155082
2024-10-21,1.298,-0.003225311012133303,-0.0032305235387263815
2024-10-22,1.2969,-0.0008474576271186862,-0.0008478169223395593
2024-10-23,1.2944,-0.0019276736833988561,-0.0019295340374685258
2024-10-24,1.2964,0.0015451174289244918,0.0015439249631649646
2024-10-25,1.2978,0.001079913606911509,0.0010793309196758319
2024-10-28,1.2981,0.0002311604253351085,0.00023113371188063765
2024-10-29,1.3005,0.0018488560203373527,0.0018471489897573746
2024-10-30,1.3012,0.0005382545174932307,0.0005381097104901155
2024-10-31,1.2856,-0.011988933292345405,-0.012061380175893437
2024-11-01,1.2959,0.008011823273179841,0.007979899018065971
2024-11-04,1.2942,-0.0013118296164827958,-0.0013126908182031448
2024-11-05,1.3015,0.005640550146808865,0.005624701811454394
2024-11-06,1.2897,-0.009066461774875134,-0.009107812264274507
2024-11-07,1.2985,0.006823292238504974,0.006800118932457483
2024-11-08,1.2905,-0.006160954948016939,-0.006180011944134575
2024-11-11,1.2905,0.0,0.0
2024-11-12,1.2733,-0.013328167376985611,-0.013417784579278627
2024-11-13,1.2709,-0.0018848660959712715,-0.0018866446913653142
2024-11-14,1.2706,-0.00023605319065223007,-0.0002360810555917968
2024-11-15,1.2629,-0.006060129072879006,-0.0060785661803085325
2024-11-18,1.2664,0.002771399160661936,0.002767565914677968
2024-11-19,1.2667,0.00023689197725840216,0.00023686392278445654
2024-11-20,1.2639,-0.0022104681455750175,-0.0022129148365061767
2024-11-21,1.2586,-0.004193369728617835,-0.004202186560247402
2024-11-22,1.2516,-0.005561735261401468,-0.005577259298106042
2024-11-25,1.2554,0.0030361137743688538,0.0030315140887043268
2024-11-26,1.2547,-0.0005575912059901933,-0.0005577467177773823
2024-11-27,1.2678,0.010440742807045655,0.01038661468441212
2024-11-28,1.2678,0.0,0.0
2024-11-29,1.2699,0.001656412683388453,0.0016550423449215924
2024-12-02,1.2639,-0.004724781478856577,-0.004735978541907135
2024-12-03,1.2677,0.0030065669752354918,0.0030020562916005704
2024-12-04,1.2712,0.002760905577029238,0.0027571012778251935
2024-12-05,1.2754,0.0033039647577093323,0.003298518658665108
2024-12-06,1.2744,-0.0007840677434530763,-0.0007843752853325243
2024-12-09,1.2783,0.0030602636534839966,0.003055590578137276
2024-12-10,1.2758,-0.0019557224438707665,-0.0019576373661211086
2024-12-11,1.2763,0.0003919109578303104,0.0003918341807900639
2024-12-12,1.2715,-0.003760871268510435,-0.003767961126470637
2024-12-13,1.2629,-0.00676366496264269,-0.006786642210050078
2024-12-16,1.269,0.004830152822868028,0.004818525062263295
2024-12-17,1.2718,0.0022064617809298692,0.0022040311189197516
2024-12-18,1.2696,-0.0017298317345494363,-0.0017313296211080712
2024-12-19,1.253,-0.013074984247007038,-0.013161214316131124
2024-12-20,1.2587,0.004549082202713439,0.004538766401390924
2024-12-23,1.2529,-0.004607928815444473,-0.00461857804595224
2024-12-24,1.2528,-7.981482959529274e-05,-7.981801496829886e-05
2024-12-25,1.2528,0.0,0.0
2024-12-26,1.2522,-0.00047892720306508263,-0.00047904192532853795
2024-12-27,1.2573,0.00407283181600393,0.004064560287925546
2024-12-30,1.2523,-0.003976775630319063,-0.003984704029148861
2024-12-31,1.2521,-0.0001597061407010436,-0.00015971889508471941
2025-01-01,1.2521,0.0,0.0
2025-01-02,1.2376,-0.011580544684929306,-0.011648121416045617
2025-01-03,1.2419,0.003474466709760815,0.0034684446951304994
2025-01-06,1.253,0.008937917706739684,0.008898210942081436
2025-01-07,1.2499,-0.00247406225059843,-0.0024771277998920367
2025-01-08,1.2366,-0.010640851268101548,-0.010697869971707883
2025-01-09,1.2303,-0.005094614264919972,-0.005107636058345119
2025-01-10,1.2215,-0.007152726977159962,-0.0071784303683280195
2025-01-13,1.2158,-0.004666393778141709,-0.004677315383173122
2025-01-14,1.2188,0.0024675111038001685,0.002464471796932063
2025-01-15,1.2214,0.002133245815556295,0.0021309736774804094
2025-01-16,1.2246,0.0026199443261829547,0.0026165182548196185
2025-01-17,1.2181,-0.005307855626326963,-0.005321992337940869
2025-01-20,1.2181,0.0,0.0
2025-01-21,1.2331,0.012314259912979297,0.012239056170571597
2025-01-22,1.2324,-0.0005676749655341151,-0.0005678361539720095
2025-01-23,1.2347,0.0018662771827329117,0.0018645378511851457
2025-01-24,1.2496,0.012067708755163276,0.011995474511723626
2025-01-27,1.2479,-0.00136043533930863,-0.0013613615716129282
2025-01-28,1.2433,-0.0036861928039104708,-0.003693003554916669
2025-01-29,1.2435,0.00016086222150724083,0.00016084928456744469
2025-01-30,1.2453,0.0014475271411338309,0.0014464804836433432
2025-01-31,1.2447,-0.00048181161165994357,-0.0004819277201709591
2025-02-03,1.2389,-0.004659757371254125,-0.004670647885238752
2025-02-04,1.2487,0.007910242957462232,0.007879120999406236
2025-02-05,1.2516,0.002322415311924564,0.0023197226736278013
2025-02-06,1.2435,-0.006471716203259814,-0.006492748551267702
2025-02-07,1.2396,-0.003136308805790078,-0.003141237329866153
2025-02-10,1.2385,-0.0008873830267829286,-0.0008877769841790201
2025-02-11,1.2423,0.0030682276947922027,0.003063530290217129
2025-02-12,1.2444,0.0016904129437333992,0.0016889858038506946
2025-02-13,1.2528,0.0067502410800386325,0.006727560213056759
2025-02-14,1.2609,0.006465517241379226,0.006444705442641963
2025-02-17,1.2609,0.0,0.0
2025-02-18,1.2614,0.000396542152431012,0.0003964635503703517
2025-02-19,1.2571,-0.0034089107341049862,-0.0034147343087654906
2025-02-20,1.2643,0.005727467981862855,0.005711128397066469
2025-02-21,1.2647,0.00031638060586880457,0.0003163305680786323
2025-02-24,1.264,-0.0005534909464695037,-0.0005536441791279504
2025-02-25,1.2652,0.0009493670886076,0.0009489167246910487
2025-02-26,1.2696,0.0034777110338286565,0.0034716777807055547
2025-02-27,1.2628,-0.005356017643352362,-0.005370412528362855
2025-02-28,1.2591,-0.0029299968324356662,-0.0029342976761815224
2025-03-03,1.2711,0.009530617107457617,0.009485487292968262
2025-03-04,1.2726,0.0011800802454566828,0.00117938449806853
2025-03-05,1.2864,0.01084394153701096,0.010785567626010274
2025-03-06,1.2894,0.0023320895522389584,0.002329374451818004
2025-03-07,1.2918,0.0018613308515589289,0.001859600721852636
2025-03-10,1.2909,-0.0006967022758942454,-0.0006969450857088473
2025-03-11,1.2948,0.0030211480362538623,0.0030165935394257273
2025-03-12,1.297,0.0016991041087426328,0.0016976622643545662
2025-03-13,1.2945,-0.0019275250578256742,-0.0019293851248514769
2025-03-14,1.2917,-0.002162997296253355,-0.002165339953622465
2025-03-17,1.2988,0.005496632344971664,0.005481580990720971
2025-03-18,1.2987,-7.699414844475339e-05,-7.699711264635251e-05
2025-03-19,1.2969,-0.001386001386001423,-0.0013869627743488208
2025-03-20,1.2973,0.0003084277893437015,0.0003083802352708289
2025-03-21,1.2896,-0.005935404301240954,-0.005953088824602804
2025-03-24,1.2913,0.0013182382133993809,0.0013173701002419558
2025-03-25,1.2948,0.0027104468365213297,0.0027067801994833567
2025-03-26,1.2889,-0.0045566882916280305,-0.004567101641355393
2025-03-27,1.2963,0.005741329816122409,0.0057249111952634366
2025-03-28,1.2942,-0.0016199953714417514,-0.0016213089828314344
2025-03-31,1.2896,-0.003554319270591799,-0.003560650870801779
2025-04-01,1.2923,0.002093672456575657,0.002091483778781816
2025-04-02,1.2974,0.003946452062214778,0.003938685247809462
2025-04-03,1.3113,0.010713735162632743,0.010656749758423291
2025-04-04,1.2927,-0.014184397163120477,-0.014285957247476428
2025-04-07,1.2729,-0.015316778834996603,-0.015435292413513234
2025-04-08,1.2769,0.0031424306701233196,0.0031375035542465703
2025-04-09,1.2771,0.00015662933667481838,0.00015661707158096374
2025-04-10,1.294,0.013233106256362204,0.013146313558629647
2025-04-11,1.3051,0.008578052550231696,0.008541470112635964
2025-04-14,1.3176,0.009577810129492104,0.009532233689948696
2025-04-15,1.3223,0.0035670916818457687,0.0035607446993465948
2025-04-16,1.3247,0.001815019284579833,0.0018133741274386267
2025-04-17,1.3259,0.0009058654789764198,0.0009054554304572668
2025-04-18,1.3279,0.0015084093823063416,0.0015072728756087253
2025-04-21,1.3385,0.007982528804879818,0.007950836964125305
2025-04-22,1.3376,-0.0006723944714233099,-0.0006726206299700971
2025-04-23,1.3256,-0.008971291866028741,-0.009011776218084053
2025-04-24,1.3309,0.003998189499094806,0.003990217980157351
2025-04-25,1.3331,0.0016530167555788289,0.0016516520271207338
2025-04-28,1.3395,0.004800840147025642,0.004789352865032056
2025-04-29,1.3397,0.0001493094438222986,0.00014929829827670102
2025-04-30,1.3344,-0.003956109576770839,-0.003963955678457761
2025-05-01,1.3273,-0.005320743405275885,-0.00533494897232581
2025-05-02,1.3283,0.0007534091765237783,0.0007531255063010339
2025-05-05,1.3284,7.52841978468588e-05,7.528136413385772e-05
2025-05-06,1.3369,0.006398675097861961,0.00637829048648523
2025-05-07,1.3344,-0.001869997756002606,-0.001871748384594463
2025-05-08,1.3287,-0.004271582733813006,-0.004280732007220167
2025-05-09,1.3318,0.0023331075487318387,0.0023303900792597857
2025-05-12,1.3194,-0.009310707313410549,-0.00935432288775162
2025-05-13,1.328,0.006518114294376431,0.006496963247608859
2025-05-14,1.3303,0.0017319277108434061,0.0017304296534809077
2025-05-15,1.3292,-0.0008268811546268129,-0.0008272232094208588
2025-05-16,1.3257,-0.002633162804694389,-0.002636635675635081
2025-05-19,1.3357,0.007543184732594188,0.007514877178255798
2025-05-20,1.3371,0.001048139552294547,0.0010475906375600175
2025-05-21,1.3447,0.005683942861416602,0.0056678502092045455
2025-05-22,1.3426,-0.001561686621551317,-0.0015629073251731606
2025-05-23,1.3511,0.006330999553105787,0.006311042961262138
2025-05-26,1.3511,0.0,0.0
2025-05-27,1.3505,-0.00044408259936346006,-0.00044418123324312944
2025-05-28,1.3462,-0.003184005923731914,-0.0031890856560574943
2025-05-29,1.3489,0.002005645520724908,0.0020036368990211835
2025-05-30,1.3468,-0.0015568240788790266,-0.0015580371887145314
2025-06-02,1.3549,0.006014256014255981,0.005996242565465982
2025-06-03,1.352,-0.0021403793637906343,-0.0021426732494759836
2025-06-04,1.357,0.0036982248520709415,0.003691403231959677
2025-06-05,1.3584,0.0010316875460574249,0.0010311557222136734
2025-06-06,1.3532,-0.00382803297997647,-0.0038353786505294866
2025-06-09,1.3563,0.0022908660951819204,0.0022882460621158765
2025-06-10,1.3508,-0.0040551500405515695,-0.004063394457256595
2025-06-11,1.3556,0.0035534498075213694,0.0035471512214835395
2025-06-12,1.3589,0.002434346414871724,0.0024313881935555718
2025-06-13,1.3594,0.0003679446611228876,0.00036787698608599996
2025-06-16,1.36,0.00044137119317366746,0.00044127381756005926
2025-06-17,1.3516,-0.00617647058823545,-0.006195623889962968
2025-06-18,1.3471,-0.003329387392719707,-0.0033349421356125733
2025-06-19,1.3471,0.0,0.0
2025-06-20,1.3465,-0.0004454012322766543,-0.00044550045286858745
2025-06-23,1.3491,0.0019309320460452195,0.0019290701931177206
2025-06-24,1.3616,0.009265436216737033,0.009222775374338235
2025-06-25,1.3626,0.0007344300822562655,0.0007341605204581918
2025-06-26,1.3754,0.00939380595919559,0.009349958546167892
2025-06-27,1.372,-0.002472008143085569,-0.00247506859990513
2025-06-30,1.3722,0.00014577259475223592,0.0001457619709599715
2025-07-01,1.3728,0.00043725404459982187,0.00043715847690728763
2025-07-02,1.3623,-0.007648601398601351,-0.007678001961682652
2025-07-03,1.3656,0.0024223739264477295,0.0024194447082155333
2025-07-04,1.3656,0.0,0.0
2025-07-07,1.3638,-0.0013181019332161314,-0.0013189713936782972
2025-07-08,1.3575,-0.00461944566651995,-0.004630148278461951
2025-07-09,1.3585,0.0007366482504604921,0.0007363770583120142
2025-07-10,1.3569,-0.0011777695988222092,-0.0011784637144952473
2025-07-11,1.3503,-0.0048640282998009265,-0.004875896184910372
2025-07-14,1.3437,-0.004887802710508926,-0.004899787085632767
2025-07-15,1.3396,-0.003051276326560992,-0.003055940961314566
2025-07-16,1.3426,0.002239474469991176,0.002236970584601763
2025-07-17,1.3413,-0.0009682705198867936,-0.000968739596606519
2025-07-18,1.3439,0.0019384179527326406,0.0019365416449740609
2025-07-21,1.3498,0.00439020760473241,0.004380598756287551
2025-07-22,1.3522,0.0017780411912875493,0.001776462347271351
2025-07-23,1.3566,0.003253956515308465,0.0032486738554017218
2025-07-24,1.3524,-0.003095975232198178,-0.003100777678248271
2025-07-25,1.3429,-0.007024548950014808,-0.007049337246601349
2025-07-28,1.3393,-0.002680765507483862,-0.0026843651940532155
2025-07-29,1.3339,-0.0040319569924586185,-0.004040107246077945
2025-07-30,1.3274,-0.004872929005172888,-0.004884840435173863
2025-07-31,1.322,-0.004068103058610717,-0.004076400300192895
2025-08-01,1.3259,0.002950075642965233,0.002945732709041518
2025-08-04,1.329,0.0023380345425747517,0.002335305592572142
2025-08-05,1.3309,0.0014296463506395796,0.0014286253792651217
2025-08-06,1.336,0.0038319933879331636,0.0038246700040807705
2025-08-07,1.3434,0.005538922155688519,0.005523638736173005
2025-08-08,1.3444,0.0007443799315172139,0.0007441030181866209
2025-08-11,1.3414,-0.0022314787265695912,-0.0022339721853138626
2025-08-12,1.3509,0.007082152974504208,0.007057192309998759
2025-08-13,1.3572,0.004663557628247883,0.004652716934439476
2025-08-14,1.3532,-0.0029472443265546877,-0.0029515960035216868
2025-08-15,1.3565,0.0024386639077742522,0.0024356951924331114
2025-08-18,1.3521,-0.0032436417250276683,-0.0032489137342741766
2025-08-19,1.3496,-0.0018489756674803237,-0.0018506871329538451
2025-08-20,1.345,-0.0034084173088322345,-0.003414239195819052
2025-08-21,1.3417,-0.0024535315985130257,-0.0024565464395135037
2025-08-22,1.3528,0.008273086382946993,0.008239051987944536
2025-08-25,1.3491,-0.0027350680070964417,-0.002738815139599189
2025-08-26,1.3485,-0.00044474093840329854,-0.0004448398649866661
2025-08-27,1.3468,-0.0012606599925844009,-0.0012614552928652827
2025-08-28,1.3516,0.0035640035640034373,0.0035576675532153347
2025-08-29,1.3511,-0.00036993193252432555,-0.0003700003742213761
2025-09-01,1.3511,0.0,0.0
2025-09-02,1.3392,-0.008807638220709069,-0.008846654730702558
2025-09-03,1.3448,0.004181600955794451,0.004172882359194926
2025-09-04,1.3441,-0.0005205234979178686,-0.000520659017303201
2025-09-05,1.3543,0.007588721077300686,0.007560071584222932
2025-09-08,1.355,0.0005168721848924918,0.0005167386524755474
2025-09-09,1.3533,-0.0012546125461254665,-0.0012554002313413441
2025-09-10,1.3548,0.0011084016847706657,0.0011077878611568124
2025-09-11,1.3568,0.0014762326542663295,0.0014751440940219992
2025-09-12,1.3547,-0.001547759433962237,-0.0015489584509478854
