,uk_2y,us_2y
1979-01-01,11.96,9.98
1979-01-02,11.96,10.0
1979-01-03,11.99,9.98
1979-01-04,11.94,9.88
1979-01-05,11.89,9.87
1979-01-08,11.82,9.92
1979-01-09,11.93,9.92
1979-01-10,11.95,9.94
1979-01-11,12.0,9.92
1979-01-12,12.02,9.92
1979-01-15,12.06,9.91
1979-01-16,12.06,9.92
1979-01-17,12.17,9.91
1979-01-18,12.18,9.92
1979-01-19,12.27,9.91
1979-01-22,12.47,9.86
1979-01-23,12.52,9.85
1979-01-24,12.79,9.85
1979-01-25,12.75,9.78
1979-01-26,12.68,9.67
1979-01-29,12.73,9.67
1979-01-30,12.69,9.68
1979-01-31,12.72,9.64
1979-02-01,12.74,9.61
1979-02-02,12.89,9.48
1979-02-05,12.92,9.53
1979-02-06,12.93,9.58
1979-02-07,13.1,9.67
1979-02-08,13.22,9.7
1979-02-09,13.1,9.7
1979-02-12,12.95,9.7
1979-02-13,12.89,9.69
1979-02-14,12.82,9.67
1979-02-15,12.81,9.68
1979-02-16,12.73,9.68
1979-02-19,12.17,9.68
1979-02-20,11.98,9.69
1979-02-21,12.0,9.71
1979-02-22,11.9,9.9
1979-02-23,11.79,9.92
1979-02-26,11.76,9.91
1979-02-27,11.22,9.89
1979-02-28,11.13,9.89
1979-03-01,11.47,9.87
1979-03-02,11.33,9.87
1979-03-05,11.13,9.83
1979-03-06,11.18,9.83
1979-03-07,10.94,9.81
1979-03-08,10.52,9.76
1979-03-09,10.71,9.79
1979-03-12,10.74,9.81
1979-03-13,10.78,9.8
1979-03-14,10.82,9.82
1979-03-15,11.17,9.82
1979-03-16,11.07,9.84
1979-03-19,11.0,9.81
1979-03-20,10.77,9.79
1979-03-21,10.74,9.79
1979-03-22,10.79,9.77
1979-03-23,10.63,9.77
1979-03-26,10.72,9.76
1979-03-27,10.55,9.73
1979-03-28,10.53,9.71
1979-03-29,10.38,9.67
1979-03-30,10.4,9.72
1979-04-02,10.07,9.74
1979-04-03,10.26,9.73
1979-04-04,10.39,9.71
1979-04-05,10.4,9.68
1979-04-06,10.29,9.75
1979-04-09,10.28,9.81
1979-04-10,10.18,9.81
1979-04-11,10.15,9.85
1979-04-12,10.16,9.85
1979-04-13,10.16,9.85
1979-04-16,10.16,9.86
1979-04-17,10.14,9.77
1979-04-18,10.31,9.71
1979-04-19,10.36,9.68
1979-04-20,10.35,9.73
1979-04-23,10.38,9.73
1979-04-24,10.25,9.75
1979-04-25,10.38,9.77
1979-04-26,10.38,9.8
1979-04-27,10.26,9.93
1979-04-30,9.98,9.91
1979-05-01,10.22,9.91
1979-05-02,10.18,9.91
1979-05-03,10.11,9.93
1979-05-04,10.12,9.93
1979-05-07,10.12,9.91
1979-05-08,10.28,9.91
1979-05-09,10.48,9.9
1979-05-10,10.77,9.92
1979-05-11,10.7,9.9
1979-05-14,10.75,9.87
1979-05-15,10.86,9.87
1979-05-16,10.87,9.84
1979-05-17,10.86,9.72
1979-05-18,10.99,9.71
1979-05-21,11.07,9.75
1979-05-22,11.03,9.69
1979-05-23,10.88,9.65
1979-05-24,10.93,9.58
1979-05-25,10.98,9.5
1979-05-28,10.98,9.5
1979-05-29,10.88,9.5
1979-05-30,10.77,9.5
1979-05-31,10.81,9.56
1979-06-01,10.72,9.56
1979-06-04,10.88,9.56
1979-06-05,10.9,9.5
1979-06-06,10.93,9.43
1979-06-07,10.74,9.29
1979-06-08,10.97,9.25
1979-06-11,10.94,9.27
1979-06-12,11.01,9.05
1979-06-13,11.79,9.08
1979-06-14,12.03,9.12
1979-06-15,12.0,9.24
1979-06-18,11.79,9.26
1979-06-19,11.63,9.24
1979-06-20,11.46,9.25
1979-06-21,11.6,9.25
1979-06-22,11.71,9.27
1979-06-25,11.79,9.2
1979-06-26,11.63,8.97
1979-06-27,11.57,8.92
1979-06-28,11.53,8.95
1979-06-29,11.82,8.97
1979-07-02,11.18,8.93
1979-07-03,11.14,8.95
1979-07-04,11.41,8.95
1979-07-05,11.43,8.98
1979-07-06,11.38,9.0
1979-07-09,11.51,9.04
1979-07-10,11.44,9.04
1979-07-11,11.56,9.04
1979-07-12,11.68,9.01
1979-07-13,11.87,9.01
1979-07-16,11.76,9.08
1979-07-17,11.66,9.1
1979-07-18,11.55,9.1
1979-07-19,11.81,9.14
1979-07-20,11.84,9.24
1979-07-23,11.7,9.28
1979-07-24,11.62,9.33
1979-07-25,11.73,9.36
1979-07-26,11.9,9.25
1979-07-27,11.92,9.38
1979-07-30,11.99,9.32
1979-07-31,12.06,9.31
1979-08-01,11.98,9.23
1979-08-02,11.84,9.2
1979-08-03,11.74,9.27
1979-08-06,11.77,9.27
1979-08-07,11.65,9.22
1979-08-08,11.7,9.25
1979-08-09,11.51,9.27
1979-08-10,11.53,9.33
1979-08-13,11.61,9.34
1979-08-14,11.54,9.32
1979-08-15,11.36,9.41
1979-08-16,11.5,9.39
1979-08-17,11.65,9.44
1979-08-20,11.7,9.45
1979-08-21,11.55,9.51
1979-08-22,11.58,9.55
1979-08-23,11.62,9.63
1979-08-24,11.67,9.72
1979-08-27,11.67,9.68
1979-08-28,11.65,9.73
1979-08-29,11.64,9.73
1979-08-30,11.78,9.77
1979-08-31,11.83,9.84
1979-09-03,11.84,9.84
1979-09-04,11.68,10.0
1979-09-05,11.6,10.02
1979-09-06,11.6,10.03
1979-09-07,11.71,10.1
1979-09-10,11.69,10.13
1979-09-11,11.77,10.0
1979-09-12,11.95,10.04
1979-09-13,11.91,10.1
1979-09-14,12.04,10.02
1979-09-17,12.15,10.13
1979-09-18,12.05,10.14
1979-09-19,12.06,10.08
1979-09-20,12.06,10.03
1979-09-21,11.87,10.0
1979-09-24,11.94,10.01
1979-09-25,11.89,10.01
1979-09-26,11.89,10.02
1979-09-27,11.83,10.11
1979-09-28,11.86,10.1
1979-10-01,11.86,10.14
1979-10-02,11.97,10.14
1979-10-03,11.82,10.14
1979-10-04,11.81,10.34
1979-10-05,11.8,10.39
1979-10-08,12.0,10.39
1979-10-09,12.15,11.12
1979-10-10,12.48,11.4
1979-10-11,12.3,11.26
1979-10-12,12.22,11.17
1979-10-15,12.46,11.39
1979-10-16,12.31,11.39
1979-10-17,12.14,11.4
1979-10-18,12.08,11.75
1979-10-19,12.28,12.15
1979-10-22,12.44,12.43
1979-10-23,12.49,12.63
1979-10-24,12.9,12.52
1979-10-25,13.13,12.59
1979-10-26,13.22,12.05
1979-10-29,12.86,12.19
1979-10-30,12.95,12.12
1979-10-31,12.79,12.06
1979-11-01,12.75,12.08
1979-11-02,13.05,12.19
1979-11-05,13.2,12.15
1979-11-06,13.41,12.15
1979-11-07,13.74,12.36
1979-11-08,13.8,12.29
1979-11-09,13.94,11.78
1979-11-12,14.02,11.78
1979-11-13,13.87,11.64
1979-11-14,14.3,11.82
1979-11-15,14.69,11.68
1979-11-16,14.35,11.97
1979-11-19,13.98,12.08
1979-11-20,14.29,12.12
1979-11-21,14.38,12.17
1979-11-22,14.46,12.17
1979-11-23,14.35,11.69
1979-11-26,14.59,11.44
1979-11-27,14.44,11.11
1979-11-28,14.34,11.23
1979-11-29,14.23,11.23
1979-11-30,14.33,11.33
1979-12-03,14.21,11.42
1979-12-04,14.32,11.3
1979-12-05,14.47,11.21
1979-12-06,14.64,11.08
1979-12-07,14.72,11.21
1979-12-10,14.91,11.25
1979-12-11,14.55,11.6
1979-12-12,14.47,11.85
1979-12-13,14.37,11.67
1979-12-14,14.07,11.47
1979-12-17,14.09,11.45
1979-12-18,14.21,11.31
1979-12-19,14.02,11.38
1979-12-20,14.0,11.4
1979-12-21,13.94,11.42
1979-12-24,13.94,11.44
1979-12-25,13.94,11.44
1979-12-26,13.94,11.43
1979-12-27,14.01,11.39
1979-12-28,13.98,11.3
1979-12-31,14.34,11.23
1980-01-01,14.34,11.23
1980-01-02,14.7,11.39
1980-01-03,14.58,11.45
1980-01-04,14.28,11.47
1980-01-07,14.36,11.35
1980-01-08,14.25,11.26
1980-01-09,14.29,11.24
1980-01-10,14.11,11.18
1980-01-11,14.01,11.33
1980-01-14,13.96,11.35
1980-01-15,13.94,11.32
1980-01-16,13.94,11.3
1980-01-17,14.02,11.37
1980-01-18,13.82,11.52
1980-01-21,13.86,11.58
1980-01-22,14.02,11.56
1980-01-23,13.92,11.53
1980-01-24,14.0,11.68
1980-01-25,14.08,11.82
1980-01-28,14.09,11.79
1980-01-29,14.04,11.88
1980-01-30,14.03,11.84
1980-01-31,14.34,11.75
1980-02-01,14.7,12.04
1980-02-04,14.9,12.12
1980-02-05,15.04,12.49
1980-02-06,14.94,12.42
1980-02-07,14.69,12.21
1980-02-08,14.6,12.31
1980-02-11,14.81,12.6
1980-02-12,14.94,12.6
1980-02-13,14.48,12.52
1980-02-14,14.48,12.6
1980-02-15,14.79,13.13
1980-02-18,14.83,13.13
1980-02-19,14.73,13.96
1980-02-20,14.65,14.03
1980-02-21,14.53,14.51
1980-02-22,14.55,14.52
1980-02-25,14.43,14.62
1980-02-26,14.48,14.91
1980-02-27,14.58,14.82
1980-02-28,14.58,14.41
1980-02-29,14.85,14.73
1980-03-03,14.79,14.83
1980-03-04,15.13,14.86
1980-03-05,14.87,14.99
1980-03-06,14.84,15.27
1980-03-07,14.87,15.2
1980-03-10,14.68,14.71
1980-03-11,14.56,14.43
1980-03-12,14.64,14.74
1980-03-13,14.6,14.69
1980-03-14,14.6,14.8
1980-03-17,14.67,14.82
1980-03-18,14.61,14.42
1980-03-19,14.65,14.33
1980-03-20,14.69,15.03
1980-03-21,14.78,15.02
1980-03-24,14.69,15.36
1980-03-25,14.6,15.19
1980-03-26,14.55,15.26
1980-03-27,14.75,15.11
1980-03-28,14.75,14.89
1980-03-31,14.62,14.63
1980-04-01,14.58,14.59
1980-04-02,14.49,14.52
1980-04-03,14.47,14.51
1980-04-04,14.47,14.51
1980-04-07,14.47,13.85
1980-04-08,14.37,13.89
1980-04-09,14.28,13.54
1980-04-10,14.14,13.57
1980-04-11,14.15,13.22
1980-04-14,14.05,12.96
1980-04-15,14.15,12.72
1980-04-16,14.0,11.97
1980-04-17,13.93,11.97
1980-04-18,13.98,11.76
1980-04-21,13.93,11.56
1980-04-22,14.02,11.43
1980-04-23,13.94,11.38
1980-04-24,14.04,11.42
1980-04-25,14.35,11.39
1980-04-28,14.03,10.74
1980-04-29,13.88,10.74
1980-04-30,13.66,10.81
1980-05-01,13.72,10.7
1980-05-02,13.57,10.04
1980-05-05,13.57,9.85
1980-05-06,13.38,9.4
1980-05-07,13.52,9.41
1980-05-08,13.71,9.48
1980-05-09,13.75,9.85
1980-05-12,13.62,9.52
1980-05-13,13.44,9.38
1980-05-14,13.58,9.27
1980-05-15,13.62,9.48
1980-05-16,13.59,9.76
1980-05-19,13.6,9.78
1980-05-20,13.63,9.26
1980-05-21,13.54,9.14
1980-05-22,13.63,9.13
1980-05-23,13.49,8.73
1980-05-26,13.49,8.73
1980-05-27,13.49,8.82
1980-05-28,13.68,9.04
1980-05-29,13.59,9.16
1980-05-30,13.62,9.25
1980-06-02,13.86,9.34
1980-06-03,13.69,9.2
1980-06-04,13.56,9.06
1980-06-05,13.43,8.97
1980-06-06,13.47,8.72
1980-06-09,13.23,8.61
1980-06-10,13.31,8.79
1980-06-11,13.4,8.65
1980-06-12,13.22,8.46
1980-06-13,13.11,8.39
1980-06-16,12.7,8.38
1980-06-17,12.77,8.36
1980-06-18,12.56,8.58
1980-06-19,12.77,8.68
1980-06-20,12.82,8.43
1980-06-23,12.58,8.59
1980-06-24,12.7,8.64
1980-06-25,12.7,8.73
1980-06-26,12.83,8.8
1980-06-27,12.9,8.94
1980-06-30,13.05,8.97
1980-07-01,13.0,9.01
1980-07-02,12.71,9.01
1980-07-03,12.5,8.77
1980-07-04,12.49,8.77
1980-07-07,12.33,8.94
1980-07-08,12.4,8.8
1980-07-09,12.39,8.83
1980-07-10,12.44,8.9
1980-07-11,12.51,8.97
1980-07-14,12.56,9.16
1980-07-15,12.49,8.98
1980-07-16,12.25,8.79
1980-07-17,12.23,8.89
1980-07-18,12.23,8.93
1980-07-21,12.22,8.93
1980-07-22,12.3,9.02
1980-07-23,12.35,8.95
1980-07-24,12.37,9.05
1980-07-25,12.36,9.15
1980-07-28,12.2,9.24
1980-07-29,12.39,9.28
1980-07-30,12.47,9.33
1980-07-31,12.71,9.72
1980-08-01,12.9,9.78
1980-08-04,13.14,9.66
1980-08-05,13.27,9.67
1980-08-06,13.63,9.69
1980-08-07,13.34,9.67
1980-08-08,12.99,9.81
1980-08-11,13.18,10.07
1980-08-12,13.21,10.03
1980-08-13,13.17,10.03
1980-08-14,13.28,10.07
1980-08-15,13.1,10.12
1980-08-18,13.11,10.77
1980-08-19,13.03,10.91
1980-08-20,12.99,11.11
1980-08-21,12.94,11.27
1980-08-22,13.07,11.09
1980-08-25,13.07,11.34
1980-08-26,13.18,11.34
1980-08-27,13.32,11.52
1980-08-28,13.43,11.77
1980-08-29,13.5,11.36
1980-09-01,13.39,11.36
1980-09-02,13.18,11.05
1980-09-03,12.76,10.73
1980-09-04,12.86,10.77
1980-09-05,12.73,10.89
1980-09-08,12.71,11.11
1980-09-09,12.26,11.13
1980-09-10,12.26,11.03
1980-09-11,12.41,11.27
1980-09-12,12.22,11.4
1980-09-15,12.18,11.79
1980-09-16,12.38,11.68
1980-09-17,12.36,11.79
1980-09-18,12.24,11.84
1980-09-19,12.43,11.59
1980-09-22,12.58,12.0
1980-09-23,12.46,12.0
1980-09-24,12.47,11.98
1980-09-25,12.42,12.11
1980-09-26,12.6,12.4
1980-09-29,12.65,12.38
1980-09-30,12.5,12.13
1980-10-01,12.37,12.02
1980-10-02,12.48,12.06
1980-10-03,12.46,11.51
1980-10-06,12.37,11.41
1980-10-07,12.41,11.44
1980-10-08,12.36,11.69
1980-10-09,12.38,11.6
1980-10-10,12.49,11.64
1980-10-13,12.36,11.64
1980-10-14,12.31,11.67
1980-10-15,12.27,11.58
1980-10-16,12.45,11.69
1980-10-17,12.43,11.91
1980-10-20,12.54,12.0
1980-10-21,12.45,12.11
1980-10-22,12.4,12.31
1980-10-23,12.4,12.31
1980-10-24,12.46,12.25
1980-10-27,12.43,12.73
1980-10-28,12.46,12.91
1980-10-29,12.56,12.98
1980-10-30,12.54,13.04
1980-10-31,12.66,13.08
1980-11-03,12.88,13.23
1980-11-04,13.0,13.23
1980-11-05,12.82,13.38
1980-11-06,12.89,13.57
1980-11-07,13.06,13.36
1980-11-10,12.98,13.29
1980-11-11,12.96,13.29
1980-11-12,12.92,12.86
1980-11-13,12.69,12.89
1980-11-14,12.85,13.25
1980-11-17,12.82,13.71
1980-11-18,12.72,13.47
1980-11-19,12.56,13.37
1980-11-20,12.79,13.53
1980-11-21,12.61,13.83
1980-11-24,12.67,13.88
1980-11-25,12.6,13.99
1980-11-26,12.56,14.0
1980-11-27,12.59,14.0
1980-11-28,12.53,14.13
1980-12-01,12.52,14.25
1980-12-02,12.49,14.25
1980-12-03,12.55,14.04
1980-12-04,12.64,14.15
1980-12-05,12.59,14.34
1980-12-08,12.59,14.45
1980-12-09,12.78,14.54
1980-12-10,13.05,14.59
1980-12-11,13.03,14.97
1980-12-12,12.94,14.74
1980-12-15,12.98,14.83
1980-12-16,13.01,15.12
1980-12-17,13.05,14.98
1980-12-18,12.95,14.89
1980-12-19,12.71,14.05
1980-12-22,12.58,13.24
1980-12-23,12.59,13.04
1980-12-24,12.59,13.37
1980-12-25,12.59,13.37
1980-12-26,12.59,12.95
1980-12-29,12.71,12.87
1980-12-30,12.8,12.97
1980-12-31,12.72,13.06
1981-01-01,12.72,13.06
1981-01-02,12.66,13.1
1981-01-05,12.54,12.28
1981-01-06,12.51,12.42
1981-01-07,12.59,12.92
1981-01-08,12.67,13.09
1981-01-09,12.66,13.53
1981-01-12,12.72,13.17
1981-01-13,12.76,13.3
1981-01-14,12.74,12.95
1981-01-15,12.78,13.25
1981-01-16,12.8,13.08
1981-01-19,12.56,13.62
1981-01-20,12.54,13.48
1981-01-21,12.54,13.79
1981-01-22,12.49,13.83
1981-01-23,12.49,13.74
1981-01-26,12.59,13.4
1981-01-27,12.59,13.4
1981-01-28,12.66,13.48
1981-01-29,12.54,13.42
1981-01-30,12.51,13.26
1981-02-02,12.52,13.51
1981-02-03,12.49,13.7
1981-02-04,12.41,13.63
1981-02-05,12.5,13.63
1981-02-06,12.49,13.89
1981-02-09,12.56,13.97
1981-02-10,12.54,14.1
1981-02-11,12.38,14.34
1981-02-12,12.4,14.34
1981-02-13,12.38,14.45
1981-02-16,12.33,14.45
1981-02-17,12.22,13.97
1981-02-18,12.16,13.98
1981-02-19,12.04,13.72
1981-02-20,12.12,13.55
1981-02-23,11.94,13.92
1981-02-24,11.92,14.0
1981-02-25,11.97,14.0
1981-02-26,12.05,14.1
1981-02-27,12.07,14.08
1981-03-02,12.11,14.4
1981-03-03,12.17,14.13
1981-03-04,12.15,14.21
1981-03-05,12.25,14.17
1981-03-06,12.28,13.91
1981-03-09,12.22,13.84
1981-03-10,12.18,13.74
1981-03-11,12.01,13.79
1981-03-12,11.99,13.7
1981-03-13,12.05,13.45
1981-03-16,11.99,13.3
1981-03-17,12.05,13.2
1981-03-18,12.01,12.75
1981-03-19,12.0,12.84
1981-03-20,12.04,12.88
1981-03-23,12.08,13.36
1981-03-24,12.11,13.55
1981-03-25,12.17,13.51
1981-03-26,12.12,13.62
1981-03-27,12.15,13.67
1981-03-30,12.28,13.32
1981-03-31,12.18,13.17
1981-04-01,12.05,13.19
1981-04-02,12.05,13.4
1981-04-03,12.05,13.57
1981-04-06,12.1,14.13
1981-04-07,12.19,13.7
1981-04-08,12.16,13.89
1981-04-09,12.13,13.87
1981-04-10,12.05,13.9
1981-04-13,12.23,14.05
1981-04-14,12.13,13.92
1981-04-15,12.14,14.19
1981-04-16,12.16,14.23
1981-04-17,12.16,14.23
1981-04-20,12.16,14.33
1981-04-21,12.12,14.34
1981-04-22,12.1,14.41
1981-04-23,12.16,14.51
1981-04-24,12.27,14.66
1981-04-27,12.37,14.73
1981-04-28,12.51,14.65
1981-04-29,12.48,14.67
1981-04-30,12.39,14.84
1981-05-01,12.49,14.72
1981-05-04,12.49,15.37
1981-05-05,12.97,15.94
1981-05-06,12.98,15.83
1981-05-07,12.86,15.69
1981-05-08,12.71,15.69
1981-05-11,12.84,15.74
1981-05-12,12.91,15.93
1981-05-13,12.84,15.94
1981-05-14,12.87,15.8
1981-05-15,12.84,15.55
1981-05-18,12.73,15.19
1981-05-19,12.72,15.47
1981-05-20,12.84,15.63
1981-05-21,12.83,15.75
1981-05-22,12.92,15.48
1981-05-25,12.92,15.48
1981-05-26,12.89,15.09
1981-05-27,12.88,15.14
1981-05-28,12.87,14.79
1981-05-29,12.75,14.4
1981-06-01,12.67,14.47
1981-06-02,12.77,14.66
1981-06-03,12.81,14.65
1981-06-04,13.29,14.76
1981-06-05,13.59,14.73
1981-06-08,13.73,14.31
1981-06-09,13.55,14.41
1981-06-10,13.19,14.31
1981-06-11,13.27,14.4
1981-06-12,13.14,14.44
1981-06-15,12.66,14.03
1981-06-16,12.87,14.11
1981-06-17,12.9,14.37
1981-06-18,13.06,14.66
1981-06-19,13.12,14.65
1981-06-22,12.93,14.49
1981-06-23,12.76,14.59
1981-06-24,12.79,14.71
1981-06-25,12.86,14.65
1981-06-26,12.88,14.59
1981-06-29,12.74,14.48
1981-06-30,12.78,14.66
1981-07-01,12.93,14.94
1981-07-02,13.07,14.87
1981-07-03,12.98,14.87
1981-07-06,13.37,14.68
1981-07-07,13.33,14.92
1981-07-08,13.46,15.02
1981-07-09,13.59,15.14
1981-07-10,13.35,14.88
1981-07-13,13.42,14.83
1981-07-14,13.46,15.07
1981-07-15,13.45,15.03
1981-07-16,13.47,15.11
1981-07-17,13.71,15.07
1981-07-20,13.79,15.96
1981-07-21,13.97,16.0
1981-07-22,13.59,15.95
1981-07-23,13.48,15.85
1981-07-24,13.44,15.64
1981-07-27,13.42,15.57
1981-07-28,13.6,15.78
1981-07-29,13.6,15.76
1981-07-30,13.58,15.88
1981-07-31,13.61,15.84
1981-08-03,13.84,16.16
1981-08-04,13.74,16.16
1981-08-05,13.63,16.07
1981-08-06,13.68,16.03
1981-08-07,13.73,16.05
1981-08-10,13.68,15.83
1981-08-11,13.4,15.67
1981-08-12,13.33,16.02
1981-08-13,13.4,16.13
1981-08-14,13.38,16.19
1981-08-17,13.27,16.22
1981-08-18,13.35,16.3
1981-08-19,13.43,16.32
1981-08-20,13.32,16.25
1981-08-21,13.29,16.31
1981-08-24,13.38,16.86
1981-08-25,13.52,16.67
1981-08-26,13.37,16.69
1981-08-27,13.42,16.75
1981-08-28,13.36,16.57
1981-08-31,13.36,16.73
1981-09-01,13.35,16.78
1981-09-02,13.29,16.78
1981-09-03,13.33,16.9
1981-09-04,13.41,16.89
1981-09-07,13.48,16.89
1981-09-08,13.55,16.95
1981-09-09,13.48,16.95
1981-09-10,13.4,16.72
1981-09-11,13.43,16.47
1981-09-14,13.75,16.43
1981-09-15,14.04,16.13
1981-09-16,13.97,16.09
1981-09-17,14.01,16.01
1981-09-18,14.11,16.02
1981-09-21,14.24,15.79
1981-09-22,14.08,16.04
1981-09-23,14.29,16.11
1981-09-24,14.84,16.17
1981-09-25,14.93,16.53
1981-09-28,15.07,16.57
1981-09-29,15.05,16.59
1981-09-30,15.12,16.69
1981-10-01,15.3,16.57
1981-10-02,15.35,16.34
1981-10-05,15.25,15.87
1981-10-06,15.25,15.85
1981-10-07,14.97,15.73
1981-10-08,14.85,15.79
1981-10-09,14.56,15.2
1981-10-12,14.61,15.2
1981-10-13,14.69,15.25
1981-10-14,14.9,15.35
1981-10-15,14.92,15.31
1981-10-16,15.01,15.46
1981-10-19,14.88,15.48
1981-10-20,14.82,15.48
1981-10-21,15.04,15.55
1981-10-22,15.29,15.56
1981-10-23,15.27,15.41
1981-10-26,15.49,15.56
1981-10-27,15.31,15.56
1981-10-28,15.17,15.42
1981-10-29,15.03,15.07
1981-10-30,14.95,14.59
1981-11-02,14.58,14.44
1981-11-03,14.46,14.44
1981-11-04,14.47,14.11
1981-11-05,14.39,14.2
1981-11-06,14.44,13.86
1981-11-09,14.05,13.17
1981-11-10,14.3,13.22
1981-11-11,14.16,13.22
1981-11-12,13.96,12.77
1981-11-13,13.96,12.83
1981-11-16,14.1,12.69
1981-11-17,14.18,12.71
1981-11-18,14.16,12.19
1981-11-19,14.11,12.22
1981-11-20,14.16,12.21
1981-11-23,14.27,12.5
1981-11-24,14.24,12.15
1981-11-25,14.16,12.13
1981-11-26,14.2,12.13
1981-11-27,14.12,12.11
1981-11-30,14.02,12.36
1981-12-01,14.17,12.71
1981-12-02,14.09,12.89
1981-12-03,14.07,12.88
1981-12-04,13.85,12.23
1981-12-07,13.81,12.58
1981-12-08,13.89,12.65
1981-12-09,14.1,12.87
1981-12-10,14.33,13.16
1981-12-11,14.68,13.35
1981-12-14,14.78,13.39
1981-12-15,14.7,13.1
1981-12-16,14.57,13.04
1981-12-17,14.59,13.37
1981-12-18,14.89,13.19
1981-12-21,14.96,13.61
1981-12-22,14.91,13.77
1981-12-23,14.93,14.12
1981-12-24,14.95,13.95
1981-12-25,14.95,13.95
1981-12-28,14.95,14.02
1981-12-29,14.81,13.98
1981-12-30,14.76,13.9
1981-12-31,14.82,13.63
1982-01-01,14.82,13.63
1982-01-04,14.83,13.87
1982-01-05,14.88,14.09
1982-01-06,15.12,14.19
1982-01-07,14.94,14.33
1982-01-08,15.0,14.11
1982-01-11,14.78,14.55
1982-01-12,14.88,14.49
1982-01-13,14.97,14.78
1982-01-14,14.84,14.71
1982-01-15,14.8,14.81
1982-01-18,14.71,14.83
1982-01-19,14.51,14.79
1982-01-20,14.37,15.02
1982-01-21,14.17,14.96
1982-01-22,14.07,15.06
1982-01-25,13.86,14.93
1982-01-26,14.21,14.7
1982-01-27,14.07,14.57
1982-01-28,13.9,14.33
1982-01-29,13.77,14.24
1982-02-01,13.57,15.04
1982-02-02,13.79,14.85
1982-02-03,13.88,14.93
1982-02-04,13.8,14.96
1982-02-05,13.67,14.89
1982-02-08,13.59,15.09
1982-02-09,13.67,15.15
1982-02-10,13.79,15.08
1982-02-11,13.58,15.07
1982-02-12,13.5,15.07
1982-02-15,13.57,15.07
1982-02-16,13.65,15.04
1982-02-17,13.62,15.18
1982-02-18,13.49,14.99
1982-02-19,13.42,14.94
1982-02-22,13.37,14.35
1982-02-23,13.1,14.33
1982-02-24,13.22,14.24
1982-02-25,13.29,14.25
1982-02-26,13.18,14.44
1982-03-01,13.3,14.25
1982-03-02,13.11,14.14
1982-03-03,13.02,14.09
1982-03-04,13.05,13.9
1982-03-05,12.91,13.79
1982-03-08,12.8,13.71
1982-03-09,12.65,13.93
1982-03-10,12.75,13.97
1982-03-11,12.62,14.25
1982-03-12,12.62,14.35
1982-03-15,12.84,14.43
1982-03-16,12.82,14.35
1982-03-17,12.93,14.15
1982-03-18,13.07,14.24
1982-03-19,12.99,14.35
1982-03-22,12.97,14.09
1982-03-23,12.8,14.07
1982-03-24,12.65,14.14
1982-03-25,12.57,14.24
1982-03-26,12.61,14.35
1982-03-29,12.71,14.53
1982-03-30,12.94,14.63
1982-03-31,12.61,14.52
1982-04-01,12.56,14.42
1982-04-02,12.5,14.44
1982-04-05,12.98,14.37
1982-04-06,13.25,14.42
1982-04-07,13.15,14.54
1982-04-08,13.31,14.28
1982-04-09,13.31,14.28
1982-04-12,13.31,14.22
1982-04-13,13.19,14.17
1982-04-14,13.07,14.35
1982-04-15,13.27,14.39
1982-04-16,13.26,14.24
1982-04-19,13.17,14.18
1982-04-20,12.93,14.14
1982-04-21,12.84,14.04
1982-04-22,12.91,14.06
1982-04-23,12.93,14.02
1982-04-26,13.02,14.02
1982-04-27,12.91,13.95
1982-04-28,12.85,13.99
1982-04-29,12.74,14.02
1982-04-30,12.8,13.99
1982-05-03,12.8,14.13
1982-05-04,12.68,14.17
1982-05-05,12.74,14.04
1982-05-06,12.44,13.78
1982-05-07,12.38,13.67
1982-05-10,12.27,13.71
1982-05-11,12.29,13.73
1982-05-12,12.08,13.8
1982-05-13,12.15,13.95
1982-05-14,12.22,13.86
1982-05-17,12.23,13.85
1982-05-18,12.33,13.85
1982-05-19,12.49,13.78
1982-05-20,12.6,13.48
1982-05-21,12.42,13.57
1982-05-24,12.27,13.62
1982-05-25,12.29,13.68
1982-05-26,12.35,13.62
1982-05-27,12.28,13.63
1982-05-28,12.18,13.62
1982-05-31,12.18,13.62
1982-06-01,12.01,13.92
1982-06-02,12.02,13.95
1982-06-03,11.89,13.9
1982-06-04,11.85,14.03
1982-06-07,11.87,13.97
1982-06-08,11.89,14.04
1982-06-09,12.0,14.11
1982-06-10,12.1,14.12
1982-06-11,12.0,14.08
1982-06-14,12.09,14.37
1982-06-15,12.12,14.41
1982-06-16,12.13,14.45
1982-06-17,12.27,14.79
1982-06-18,12.4,14.96
1982-06-21,12.53,14.92
1982-06-22,12.42,14.9
1982-06-23,12.45,14.97
1982-06-24,12.4,14.95
1982-06-25,12.54,14.98
1982-06-28,12.53,14.93
1982-06-29,12.46,14.83
1982-06-30,12.26,14.66
1982-07-01,12.22,14.6
1982-07-02,12.25,14.71
1982-07-05,12.08,14.71
1982-07-06,11.97,14.72
1982-07-07,11.96,14.68
1982-07-08,11.83,14.26
1982-07-09,11.79,14.05
1982-07-12,11.72,13.86
1982-07-13,11.75,14.13
1982-07-14,11.73,14.23
1982-07-15,11.62,14.07
1982-07-16,11.57,13.71
1982-07-19,11.37,13.52
1982-07-20,11.25,13.27
1982-07-21,11.2,13.13
1982-07-22,11.19,13.04
1982-07-23,11.05,13.04
1982-07-26,11.07,13.33
1982-07-27,11.06,13.35
1982-07-28,11.02,13.45
1982-07-29,11.02,13.42
1982-07-30,10.98,13.17
1982-08-02,10.82,12.82
1982-08-03,10.73,12.9
1982-08-04,10.73,12.93
1982-08-05,10.71,13.08
1982-08-06,10.85,13.24
1982-08-09,10.94,13.08
1982-08-10,10.82,13.15
1982-08-11,10.7,13.15
1982-08-12,10.61,12.93
1982-08-13,10.43,12.75
1982-08-16,10.01,12.36
1982-08-17,9.86,11.83
1982-08-18,9.23,11.76
1982-08-19,9.53,11.61
1982-08-20,9.33,11.2
1982-08-23,9.36,11.57
1982-08-24,9.65,11.5
1982-08-25,9.9,11.66
1982-08-26,9.84,11.67
1982-08-27,10.02,11.93
1982-08-30,10.02,12.01
1982-08-31,10.19,11.99
1982-09-01,10.14,12.0
1982-09-02,10.01,11.95
1982-09-03,9.8,11.69
1982-09-06,9.88,11.69
1982-09-07,9.83,11.8
1982-09-08,9.89,11.87
1982-09-09,9.82,11.87
1982-09-10,10.09,12.06
1982-09-13,10.28,11.93
1982-09-14,10.05,11.88
1982-09-15,9.95,12.16
1982-09-16,10.08,12.14
1982-09-17,10.09,11.96
1982-09-20,9.98,11.98
1982-09-21,9.91,11.68
1982-09-22,9.8,11.61
1982-09-23,9.85,11.5
1982-09-24,9.96,11.65
1982-09-27,9.89,11.69
1982-09-28,9.79,11.42
1982-09-29,9.74,11.38
1982-09-30,9.81,11.23
1982-10-01,9.82,11.13
1982-10-04,9.98,11.51
1982-10-05,9.91,11.42
1982-10-06,9.76,11.21
1982-10-07,9.62,10.46
1982-10-08,9.53,10.15
1982-10-11,9.2,10.15
1982-10-12,9.04,9.69
1982-10-13,9.19,9.68
1982-10-14,9.24,9.84
1982-10-15,9.22,10.0
1982-10-18,9.13,9.8
1982-10-19,9.0,9.82
1982-10-20,9.07,9.72
1982-10-21,9.01,9.79
1982-10-22,9.0,9.87
1982-10-25,9.1,10.09
1982-10-26,9.08,9.89
1982-10-27,9.01,9.94
1982-10-28,9.0,9.89
1982-10-29,8.9,9.85
1982-11-01,8.66,9.68
1982-11-02,8.61,9.68
1982-11-03,8.62,9.65
1982-11-04,8.72,9.64
1982-11-05,8.71,9.73
1982-11-08,8.7,9.81
1982-11-09,8.65,9.74
1982-11-10,8.55,9.77
1982-11-11,8.53,9.77
1982-11-12,8.5,9.87
1982-11-15,8.65,9.91
1982-11-16,8.92,9.9
1982-11-17,9.0,9.9
1982-11-18,9.2,9.81
1982-11-19,9.09,9.79
1982-11-22,9.41,9.73
1982-11-23,9.44,9.73
1982-11-24,9.32,9.8
1982-11-25,9.75,9.8
1982-11-26,10.19,9.76
1982-11-29,10.17,9.94
1982-11-30,10.23,9.96
1982-12-01,10.04,9.96
1982-12-02,10.06,9.89
1982-12-03,9.91,9.72
1982-12-06,10.11,9.73
1982-12-07,10.36,9.72
1982-12-08,10.78,9.85
1982-12-09,10.63,9.83
1982-12-10,10.64,9.87
1982-12-13,10.77,9.84
1982-12-14,10.33,9.54
1982-12-15,10.57,9.49
1982-12-16,10.55,9.59
1982-12-17,10.7,9.66
1982-12-20,10.66,9.67
1982-12-21,10.63,9.54
1982-12-22,10.55,9.55
1982-12-23,10.52,9.52
1982-12-24,10.49,9.52
1982-12-27,10.49,9.54
1982-12-28,10.49,9.52
1982-12-29,10.1,9.54
1982-12-30,10.06,9.52
1982-12-31,10.14,9.48
1983-01-03,10.14,9.29
1983-01-04,10.05,9.43
1983-01-05,10.05,9.39
1983-01-06,10.34,9.39
1983-01-07,10.44,9.26
1983-01-10,10.46,9.24
1983-01-11,10.83,9.19
1983-01-12,11.25,9.22
1983-01-13,11.06,9.11
1983-01-14,10.58,9.09
1983-01-17,10.36,9.17
1983-01-18,10.52,9.14
1983-01-19,10.55,9.2
1983-01-20,10.41,9.26
1983-01-21,10.5,9.46
1983-01-24,10.98,9.54
1983-01-25,10.81,9.44
1983-01-26,10.63,9.52
1983-01-27,10.72,9.49
1983-01-28,10.64,9.47
1983-01-31,10.75,9.58
1983-02-01,10.72,9.6
1983-02-02,10.75,9.71
1983-02-03,10.65,9.71
1983-02-04,10.69,9.82
1983-02-07,10.7,9.8
1983-02-08,10.54,9.83
1983-02-09,10.43,9.89
1983-02-10,10.33,9.74
1983-02-11,10.26,9.7
1983-02-14,10.28,9.78
1983-02-15,10.23,9.77
1983-02-16,10.09,9.69
1983-02-17,10.07,9.65
1983-02-18,10.03,9.56
1983-02-21,10.26,9.56
1983-02-22,10.51,9.41
1983-02-23,10.52,9.44
1983-02-24,10.37,9.4
1983-02-25,10.37,9.28
1983-02-28,10.3,9.31
1983-03-01,10.42,9.26
1983-03-02,10.44,9.3
1983-03-03,10.33,9.24
1983-03-04,10.24,9.25
1983-03-07,10.22,9.46
1983-03-08,10.32,9.62
1983-03-09,10.33,9.62
1983-03-10,10.18,9.67
1983-03-11,10.33,9.66
1983-03-14,10.22,9.58
1983-03-15,10.01,9.57
1983-03-16,10.17,9.65
1983-03-17,10.17,9.71
1983-03-18,10.32,9.78
1983-03-21,10.5,9.79
1983-03-22,10.42,9.84
1983-03-23,10.57,9.81
1983-03-24,10.5,9.82
1983-03-25,10.47,9.91
1983-03-28,10.6,9.92
1983-03-29,10.58,9.88
1983-03-30,10.46,9.88
1983-03-31,10.42,9.87
1983-04-01,10.42,9.87
1983-04-04,10.42,9.87
1983-04-05,10.41,9.72
1983-04-06,10.17,9.69
1983-04-07,10.21,9.67
1983-04-08,10.28,9.67
1983-04-11,10.14,9.53
1983-04-12,10.17,9.58
1983-04-13,10.16,9.57
1983-04-14,10.21,9.49
1983-04-15,10.12,9.53
1983-04-18,10.15,9.49
1983-04-19,10.16,9.58
1983-04-20,10.15,9.58
1983-04-21,10.11,9.61
1983-04-22,10.09,9.58
1983-04-25,9.99,9.52
1983-04-26,9.94,9.49
1983-04-27,9.98,9.42
1983-04-28,10.01,9.42
1983-04-29,9.99,9.35
1983-05-02,9.99,9.29
1983-05-03,9.97,9.27
1983-05-04,9.94,9.19
1983-05-05,9.88,9.25
1983-05-06,9.96,9.17
1983-05-09,10.01,9.33
1983-05-10,10.04,9.24
1983-05-11,10.02,9.22
1983-05-12,10.06,9.29
1983-05-13,10.12,9.27
1983-05-16,10.11,9.47
1983-05-17,10.1,9.48
1983-05-18,10.07,9.49
1983-05-19,10.08,9.61
1983-05-20,10.16,9.64
1983-05-23,10.18,9.74
1983-05-24,10.14,9.75
1983-05-25,10.12,9.76
1983-05-26,10.13,9.89
1983-05-27,10.09,9.9
1983-05-30,10.09,9.9
1983-05-31,10.19,10.02
1983-06-01,10.22,9.97
1983-06-02,10.21,9.96
1983-06-03,10.23,10.01
1983-06-06,10.26,10.09
1983-06-07,10.25,10.18
1983-06-08,10.25,10.2
1983-06-09,10.21,10.12
1983-06-10,10.15,10.2
1983-06-13,9.93,10.11
1983-06-14,9.96,10.09
1983-06-15,10.03,10.06
1983-06-16,10.05,10.05
1983-06-17,10.05,10.07
1983-06-20,10.05,10.26
1983-06-21,10.16,10.27
1983-06-22,10.17,10.31
1983-06-23,10.13,10.33
1983-06-24,10.13,10.43
1983-06-27,10.21,10.44
1983-06-28,10.28,10.35
1983-06-29,10.23,10.27
1983-06-30,10.13,10.23
1983-07-01,10.13,10.17
1983-07-04,10.31,10.17
1983-07-05,10.47,10.52
1983-07-06,10.7,10.49
1983-07-07,10.88,10.59
1983-07-08,10.94,10.69
1983-07-11,10.91,10.56
1983-07-12,10.85,10.74
1983-07-13,10.85,10.71
1983-07-14,10.77,10.72
1983-07-15,10.87,10.82
1983-07-18,10.83,10.76
1983-07-19,10.87,10.69
1983-07-20,10.76,10.64
1983-07-21,10.76,10.66
1983-07-22,10.79,10.77
1983-07-25,10.82,10.74
1983-07-26,10.73,10.77
1983-07-27,10.79,10.77
1983-07-28,10.77,10.86
1983-07-29,10.84,11.03
1983-08-01,10.85,11.09
1983-08-02,10.81,11.14
1983-08-03,10.8,11.13
1983-08-04,10.79,11.27
1983-08-05,10.84,11.27
1983-08-08,10.8,11.37
1983-08-09,10.81,11.33
1983-08-10,10.88,11.41
1983-08-11,11.01,11.32
1983-08-12,10.98,11.27
1983-08-15,10.82,11.08
1983-08-16,10.91,10.97
1983-08-17,10.84,10.86
1983-08-18,10.79,10.85
1983-08-19,10.85,10.9
1983-08-22,10.74,10.75
1983-08-23,10.76,10.79
1983-08-24,10.79,10.76
1983-08-25,10.77,10.83
1983-08-26,10.79,10.88
1983-08-29,10.79,11.09
1983-08-30,10.85,11.08
1983-08-31,10.88,11.18
1983-09-01,10.84,11.16
1983-09-02,10.82,11.18
1983-09-05,10.75,11.18
1983-09-06,10.69,11.03
1983-09-07,10.6,10.88
1983-09-08,10.56,10.95
1983-09-09,10.5,10.93
1983-09-12,10.22,10.71
1983-09-13,10.26,10.77
1983-09-14,10.26,10.88
1983-09-15,10.25,10.95
1983-09-16,10.21,10.83
1983-09-19,10.02,10.72
1983-09-20,10.02,10.7
1983-09-21,10.0,10.73
1983-09-22,10.04,10.74
1983-09-23,9.95,10.61
1983-09-26,9.92,10.49
1983-09-27,10.0,10.57
1983-09-28,9.98,10.59
1983-09-29,10.06,10.64
1983-09-30,10.06,10.53
1983-10-03,10.08,10.55
1983-10-04,10.12,10.56
1983-10-05,10.05,10.45
1983-10-06,10.05,10.42
1983-10-07,10.04,10.45
1983-10-10,10.21,10.45
1983-10-11,10.26,10.68
1983-10-12,10.33,10.65
1983-10-13,10.37,10.71
1983-10-14,10.44,10.65
1983-10-17,10.37,10.49
1983-10-18,10.32,10.48
1983-10-19,10.27,10.55
1983-10-20,10.22,10.54
1983-10-21,10.13,10.48
1983-10-24,10.17,10.68
1983-10-25,10.11,10.63
1983-10-26,10.04,10.63
1983-10-27,10.11,10.6
1983-10-28,10.1,10.61
1983-10-31,10.05,10.61
1983-11-01,10.05,10.64
1983-11-02,10.06,10.62
1983-11-03,10.04,10.63
1983-11-04,10.02,10.76
1983-11-07,10.06,10.79
1983-11-08,10.0,10.79
1983-11-09,9.98,10.74
1983-11-10,9.92,10.63
1983-11-11,9.85,10.63
1983-11-14,9.86,10.6
1983-11-15,9.9,10.66
1983-11-16,9.92,10.66
1983-11-17,10.03,10.68
1983-11-18,10.05,10.68
1983-11-21,10.01,10.65
1983-11-22,9.97,10.6
1983-11-23,10.04,10.64
1983-11-24,10.06,10.64
1983-11-25,10.12,10.63
1983-11-28,10.11,10.69
1983-11-29,10.12,10.65
1983-11-30,10.04,10.67
1983-12-01,10.08,10.66
1983-12-02,10.17,10.77
1983-12-05,10.2,10.8
1983-12-06,10.14,10.74
1983-12-07,10.08,10.75
1983-12-08,10.09,10.83
1983-12-09,10.19,10.85
1983-12-12,10.17,10.82
1983-12-13,10.24,10.93
1983-12-14,10.28,10.92
1983-12-15,10.27,10.93
1983-12-16,10.23,10.87
1983-12-19,10.2,10.87
1983-12-20,10.17,10.87
1983-12-21,10.13,10.88
1983-12-22,10.05,10.83
1983-12-23,10.02,10.86
1983-12-26,10.02,10.86
1983-12-27,10.02,10.85
1983-12-28,10.0,10.85
1983-12-29,10.04,10.84
1983-12-30,10.03,10.85
1984-01-02,10.03,10.85
1984-01-03,10.08,10.87
1984-01-04,10.08,10.77
1984-01-05,10.04,10.75
1984-01-06,10.02,10.68
1984-01-09,10.02,10.73
1984-01-10,10.05,10.66
1984-01-11,10.16,10.72
1984-01-12,10.18,10.71
1984-01-13,10.06,10.5
1984-01-16,10.04,10.52
1984-01-17,10.06,10.55
1984-01-18,10.02,10.58
1984-01-19,10.04,10.57
1984-01-20,10.08,10.6
1984-01-23,10.09,10.61
1984-01-24,10.04,10.63
1984-01-25,10.06,10.65
1984-01-26,10.04,10.62
1984-01-27,10.01,10.62
1984-01-30,9.99,10.57
1984-01-31,9.99,10.58
1984-02-01,9.98,10.56
1984-02-02,9.95,10.54
1984-02-03,9.93,10.53
1984-02-06,10.0,10.67
1984-02-07,10.02,10.66
1984-02-08,10.02,10.65
1984-02-09,10.03,10.66
1984-02-10,10.02,10.73
1984-02-13,10.01,10.73
1984-02-14,9.97,10.78
1984-02-15,9.92,10.73
1984-02-16,9.91,10.75
1984-02-17,9.94,10.87
1984-02-20,9.96,10.87
1984-02-21,9.87,10.85
1984-02-22,9.92,10.92
1984-02-23,9.95,11.03
1984-02-24,10.11,10.94
1984-02-27,10.01,11.02
1984-02-28,9.9,11.04
1984-02-29,9.83,10.99
1984-03-01,9.76,11.05
1984-03-02,9.66,10.92
1984-03-05,9.64,11.01
1984-03-06,9.57,11.01
1984-03-07,9.55,11.08
1984-03-08,9.63,11.15
1984-03-09,9.65,11.19
1984-03-12,9.53,11.18
1984-03-13,9.54,11.22
1984-03-14,9.54,11.26
1984-03-15,9.66,11.28
1984-03-16,9.57,11.27
1984-03-19,9.63,11.39
1984-03-20,9.62,11.45
1984-03-21,9.61,11.57
1984-03-22,9.69,11.59
1984-03-23,9.63,11.59
1984-03-26,9.61,11.56
1984-03-27,9.62,11.58
1984-03-28,9.64,11.48
1984-03-29,9.63,11.49
1984-03-30,9.63,11.6
1984-04-02,9.69,11.61
1984-04-03,9.75,11.73
1984-04-04,9.78,11.76
1984-04-05,9.72,11.7
1984-04-06,9.7,11.55
1984-04-09,9.67,11.55
1984-04-10,9.69,11.54
1984-04-11,9.75,11.53
1984-04-12,9.72,11.49
1984-04-13,9.71,11.66
1984-04-16,9.81,11.7
1984-04-17,9.79,11.59
1984-04-18,9.81,11.69
1984-04-19,9.85,11.77
1984-04-20,9.85,11.77
1984-04-23,9.85,11.78
1984-04-24,9.85,11.73
1984-04-25,9.81,11.79
1984-04-26,9.78,11.77
1984-04-27,9.77,11.89
1984-04-30,9.92,11.89
1984-05-01,9.9,11.88
1984-05-02,9.94,11.92
1984-05-03,10.05,11.96
1984-05-04,10.21,12.15
1984-05-07,10.21,12.24
1984-05-08,10.4,12.23
1984-05-09,10.43,12.32
1984-05-10,10.63,12.32
1984-05-11,10.75,12.55
1984-05-14,10.79,12.57
1984-05-15,10.78,12.51
1984-05-16,10.73,12.42
1984-05-17,10.72,12.51
1984-05-18,10.81,12.47
1984-05-21,10.78,12.48
1984-05-22,10.8,12.58
1984-05-23,10.8,12.67
1984-05-24,11.16,12.77
1984-05-25,11.18,12.77
1984-05-28,11.18,12.77
1984-05-29,11.15,12.98
1984-05-30,11.2,13.04
1984-05-31,11.17,13.0
1984-06-01,11.06,12.72
1984-06-04,10.9,12.63
1984-06-05,10.91,12.6
1984-06-06,10.88,12.75
1984-06-07,10.95,12.81
1984-06-08,10.95,12.74
1984-06-11,10.91,13.0
1984-06-12,10.95,12.92
1984-06-13,10.92,12.83
1984-06-14,10.83,12.75
1984-06-15,10.83,12.63
1984-06-18,10.87,12.75
1984-06-19,10.78,12.79
1984-06-20,10.89,13.08
1984-06-21,10.92,13.14
1984-06-22,11.04,13.15
1984-06-25,11.11,13.12
1984-06-26,11.16,13.17
1984-06-27,11.12,13.12
1984-06-28,11.16,13.17
1984-06-29,11.09,13.17
1984-07-02,11.16,13.17
1984-07-03,11.21,13.12
1984-07-04,11.19,13.12
1984-07-05,11.32,13.07
1984-07-06,11.4,13.13
1984-07-09,11.66,12.96
1984-07-10,11.96,13.0
1984-07-11,11.95,13.06
1984-07-12,12.04,12.96
1984-07-13,11.97,12.85
1984-07-16,11.93,12.89
1984-07-17,11.95,12.93
1984-07-18,11.98,12.89
1984-07-19,12.09,12.82
1984-07-20,12.06,12.85
1984-07-23,12.3,12.87
1984-07-24,12.19,12.85
1984-07-25,12.17,12.64
1984-07-26,12.03,12.55
1984-07-27,12.14,12.59
1984-07-30,12.32,12.66
1984-07-31,12.25,12.57
1984-08-01,12.22,12.48
1984-08-02,11.94,12.48
1984-08-03,11.65,12.3
1984-08-06,11.74,12.42
1984-08-07,11.52,12.41
1984-08-08,11.36,12.37
1984-08-09,11.22,12.33
1984-08-10,10.87,12.35
1984-08-13,10.94,12.45
1984-08-14,10.69,12.34
1984-08-15,10.85,12.39
1984-08-16,10.91,12.4
1984-08-17,10.87,12.4
1984-08-20,10.95,12.42
1984-08-21,10.93,12.41
1984-08-22,10.96,12.45
1984-08-23,11.06,12.44
1984-08-24,11.16,12.41
1984-08-27,11.16,12.54
1984-08-28,11.18,12.54
1984-08-29,11.19,12.56
1984-08-30,11.18,12.56
1984-08-31,11.21,12.54
1984-09-03,11.19,12.54
1984-09-04,11.29,12.59
1984-09-05,11.57,12.63
1984-09-06,11.51,12.54
1984-09-07,11.35,12.45
1984-09-10,11.29,12.27
1984-09-11,11.16,12.26
1984-09-12,11.2,12.3
1984-09-13,11.13,12.21
1984-09-14,11.1,12.15
1984-09-17,11.33,12.16
1984-09-18,11.45,12.1
1984-09-19,11.25,11.94
1984-09-20,11.22,11.94
1984-09-21,11.29,12.06
1984-09-24,11.19,12.1
1984-09-25,11.24,12.12
1984-09-26,11.13,12.05
1984-09-27,11.03,11.95
1984-09-28,11.04,12.07
1984-10-01,11.08,12.09
1984-10-02,11.0,12.07
1984-10-03,10.94,12.06
1984-10-04,10.96,12.02
1984-10-05,10.93,11.93
1984-10-08,11.0,11.93
1984-10-09,11.06,11.87
1984-10-10,11.01,11.89
1984-10-11,11.02,11.78
1984-10-12,10.94,11.72
1984-10-15,10.9,11.78
1984-10-16,11.07,11.77
1984-10-17,11.28,11.7
1984-10-18,11.44,11.53
1984-10-19,11.22,11.39
1984-10-22,11.17,11.35
1984-10-23,11.01,11.17
1984-10-24,11.0,11.1
1984-10-25,10.89,11.13
1984-10-26,10.89,11.33
1984-10-29,10.85,11.3
1984-10-30,10.8,11.13
1984-10-31,10.73,11.09
1984-11-01,10.76,10.93
1984-11-02,10.54,10.96
1984-11-05,10.28,10.79
1984-11-06,10.27,10.79
1984-11-07,10.26,10.8
1984-11-08,10.3,10.95
1984-11-09,10.27,10.81
1984-11-12,10.09,10.81
1984-11-13,10.02,10.89
1984-11-14,10.04,10.91
1984-11-15,10.01,10.78
1984-11-16,9.9,10.71
1984-11-19,9.96,10.67
1984-11-20,9.93,10.59
1984-11-21,10.05,10.39
1984-11-22,10.01,10.39
1984-11-23,9.95,10.29
1984-11-26,10.01,10.33
1984-11-27,10.05,10.31
1984-11-28,10.07,10.35
1984-11-29,10.01,10.37
1984-11-30,10.01,10.5
1984-12-03,10.02,10.5
1984-12-04,9.97,10.44
1984-12-05,9.97,10.4
1984-12-06,10.03,10.49
1984-12-07,10.07,10.51
1984-12-10,10.11,10.47
1984-12-11,10.12,10.4
1984-12-12,10.2,10.35
1984-12-13,10.25,10.4
1984-12-14,10.34,10.2
1984-12-17,10.38,10.07
1984-12-18,10.44,9.85
1984-12-19,10.46,9.89
1984-12-20,10.55,9.94
1984-12-21,10.51,9.94
1984-12-24,10.47,9.83
1984-12-25,10.47,9.83
1984-12-26,10.47,9.95
1984-12-27,10.52,9.96
1984-12-28,10.58,10.02
1984-12-31,10.59,10.02
1985-01-01,10.59,10.02
1985-01-02,10.83,10.03
1985-01-03,10.96,10.06
1985-01-04,10.82,10.08
1985-01-07,10.8,10.01
1985-01-08,10.52,9.99
1985-01-09,10.45,9.95
1985-01-10,10.59,10.0
1985-01-11,10.86,10.08
1985-01-14,11.39,10.07
1985-01-15,11.29,10.0
1985-01-16,11.15,9.99
1985-01-17,11.19,9.98
1985-01-18,11.05,9.91
1985-01-21,11.03,9.91
1985-01-22,11.01,9.83
1985-01-23,11.07,9.83
1985-01-24,11.38,9.74
1985-01-25,11.19,9.76
1985-01-28,11.95,9.79
1985-01-29,11.89,9.79
1985-01-30,11.36,9.76
1985-01-31,11.2,9.9
1985-02-01,11.36,10.04
1985-02-04,11.58,10.03
1985-02-05,11.47,9.99
1985-02-06,11.51,10.03
1985-02-07,11.41,10.06
1985-02-08,11.37,10.03
1985-02-11,11.71,10.06
1985-02-12,11.88,10.06
1985-02-13,11.81,10.03
1985-02-14,11.69,9.98
1985-02-15,11.48,10.02
1985-02-18,11.58,10.02
1985-02-19,11.61,10.01
1985-02-20,11.6,10.13
1985-02-21,11.6,10.29
1985-02-22,11.82,10.34
1985-02-25,11.82,10.36
1985-02-26,11.79,10.36
1985-02-27,11.55,10.56
1985-02-28,11.66,10.66
1985-03-01,11.74,10.73
1985-03-04,11.7,10.78
1985-03-05,11.7,10.71
1985-03-06,11.72,10.75
1985-03-07,11.64,10.83
1985-03-08,11.61,10.56
1985-03-11,11.46,10.56
1985-03-12,11.56,10.62
1985-03-13,11.65,10.79
1985-03-14,11.65,10.86
1985-03-15,11.53,10.82
1985-03-18,11.52,10.89
1985-03-19,11.42,10.85
1985-03-20,11.45,10.85
1985-03-21,11.42,10.69
1985-03-22,11.41,10.75
1985-03-25,11.44,10.71
1985-03-26,11.48,10.63
1985-03-27,11.41,10.63
1985-03-28,11.37,10.53
1985-03-29,11.39,10.43
1985-04-01,11.38,10.45
1985-04-02,11.39,10.48
1985-04-03,11.37,10.49
1985-04-04,11.38,10.53
1985-04-05,11.38,10.53
1985-04-08,11.38,10.49
1985-04-09,11.37,10.38
1985-04-10,11.35,10.31
1985-04-11,11.27,10.12
1985-04-12,11.19,10.13
1985-04-15,11.12,10.09
1985-04-16,11.08,9.86
1985-04-17,11.03,9.93
1985-04-18,10.86,9.73
1985-04-19,10.86,9.81
1985-04-22,10.82,9.72
1985-04-23,10.9,9.88
1985-04-24,11.06,9.81
1985-04-25,11.13,9.9
1985-04-26,11.15,9.88
1985-04-29,11.11,9.97
1985-04-30,11.1,9.91
1985-05-01,11.16,9.82
1985-05-02,11.19,9.86
1985-05-03,11.14,9.71
1985-05-06,11.14,9.7
1985-05-07,11.36,9.66
1985-05-08,11.46,9.73
1985-05-09,11.46,9.67
1985-05-10,11.38,9.62
1985-05-13,11.31,9.64
1985-05-14,11.29,9.47
1985-05-15,11.29,9.4
1985-05-16,11.36,9.31
1985-05-17,11.32,9.37
1985-05-20,11.12,9.1
1985-05-21,11.15,9.11
1985-05-22,11.15,9.11
1985-05-23,11.19,9.21
1985-05-24,11.18,9.13
1985-05-27,11.18,9.13
1985-05-28,11.2,9.05
1985-05-29,11.19,9.05
1985-05-30,11.14,9.03
1985-05-31,11.13,8.92
1985-06-03,11.04,8.72
1985-06-04,11.04,8.68
1985-06-05,11.07,8.42
1985-06-06,11.1,8.51
1985-06-07,11.08,8.82
1985-06-10,11.14,8.87
1985-06-11,11.1,8.78
1985-06-12,11.07,8.76
1985-06-13,11.11,8.76
1985-06-14,11.02,8.45
1985-06-17,11.03,8.48
1985-06-18,10.99,8.37
1985-06-19,10.9,8.5
1985-06-20,10.97,8.59
1985-06-21,11.01,8.8
1985-06-24,11.03,8.87
1985-06-25,11.06,8.96
1985-06-26,11.03,8.94
1985-06-27,11.04,8.81
1985-06-28,11.1,8.67
1985-07-01,11.0,8.66
1985-07-02,11.01,8.66
1985-07-03,11.01,8.66
1985-07-04,11.01,8.66
1985-07-05,10.95,8.36
1985-07-08,10.92,8.52
1985-07-09,10.85,8.52
1985-07-10,10.82,8.55
1985-07-11,10.83,8.73
1985-07-12,10.76,8.78
1985-07-15,10.7,8.76
1985-07-16,10.67,8.67
1985-07-17,10.52,8.63
1985-07-18,10.48,8.76
1985-07-19,10.53,8.82
1985-07-22,10.63,8.95
1985-07-23,10.5,8.97
1985-07-24,10.51,8.99
1985-07-25,10.55,8.96
1985-07-26,10.42,8.98
1985-07-29,10.32,9.03
1985-07-30,10.3,9.04
1985-07-31,10.37,9.01
1985-08-01,10.54,9.04
1985-08-02,10.63,9.15
1985-08-05,10.59,9.13
1985-08-06,10.6,9.13
1985-08-07,10.58,9.08
1985-08-08,10.52,8.99
1985-08-09,10.54,8.95
1985-08-12,10.44,8.95
1985-08-13,10.43,8.96
1985-08-14,10.41,8.96
1985-08-15,10.37,8.96
1985-08-16,10.35,8.9
1985-08-19,10.31,8.89
1985-08-20,10.37,8.86
1985-08-21,10.32,8.82
1985-08-22,10.28,8.81
1985-08-23,10.29,8.87
1985-08-26,10.29,8.88
1985-08-27,10.35,8.81
1985-08-28,10.36,8.85
1985-08-29,10.32,8.81
1985-08-30,10.33,8.96
1985-09-02,10.37,8.96
1985-09-03,10.37,8.95
1985-09-04,10.32,8.85
1985-09-05,10.3,8.92
1985-09-06,10.4,9.15
1985-09-09,10.52,9.13
1985-09-10,10.62,9.1
1985-09-11,10.55,9.13
1985-09-12,10.57,9.15
1985-09-13,10.5,9.03
1985-09-16,10.49,8.99
1985-09-17,10.43,9.05
1985-09-18,10.46,9.07
1985-09-19,10.5,9.13
1985-09-20,10.45,9.01
1985-09-23,10.25,8.89
1985-09-24,10.3,8.82
1985-09-25,10.33,8.71
1985-09-26,10.27,8.72
1985-09-27,10.32,8.72
1985-09-30,10.33,8.88
1985-10-01,10.32,8.83
1985-10-02,10.31,8.84
1985-10-03,10.29,8.84
1985-10-04,10.28,8.84
1985-10-07,10.29,8.97
1985-10-08,10.32,8.96
1985-10-09,10.31,8.97
1985-10-10,10.31,8.96
1985-10-11,10.31,8.96
1985-10-14,10.27,8.96
1985-10-15,10.24,8.94
1985-10-16,10.26,8.89
1985-10-17,10.24,8.85
1985-10-18,10.29,8.81
1985-10-21,10.29,8.83
1985-10-22,10.32,8.8
1985-10-23,10.31,8.84
1985-10-24,10.32,8.9
1985-10-25,10.37,8.88
1985-10-28,10.5,8.91
1985-10-29,10.48,8.82
1985-10-30,10.38,8.68
1985-10-31,10.38,8.7
1985-11-01,10.4,8.7
1985-11-04,10.41,8.71
1985-11-05,10.45,8.69
1985-11-06,10.48,8.67
1985-11-07,10.52,8.67
1985-11-08,10.59,8.57
1985-11-11,10.58,8.57
1985-11-12,10.62,8.53
1985-11-13,10.59,8.58
1985-11-14,10.62,8.63
1985-11-15,10.64,8.66
1985-11-18,10.62,8.51
1985-11-19,10.58,8.52
1985-11-20,10.58,8.54
1985-11-21,10.51,8.51
1985-11-22,10.52,8.52
1985-11-25,10.51,8.52
1985-11-26,10.55,8.53
1985-11-27,10.56,8.52
1985-11-28,10.61,8.52
1985-11-29,10.62,8.46
1985-12-02,10.62,8.54
1985-12-03,10.7,8.52
1985-12-04,10.67,8.49
1985-12-05,10.75,8.47
1985-12-06,10.78,8.47
1985-12-09,10.84,8.35
1985-12-10,11.0,8.23
1985-12-11,11.05,8.0
1985-12-12,10.95,8.07
1985-12-13,10.92,7.97
1985-12-16,10.98,8.0
1985-12-17,10.98,7.94
1985-12-18,11.03,8.04
1985-12-19,11.05,8.0
1985-12-20,11.05,8.01
1985-12-23,11.06,8.01
1985-12-24,11.07,8.02
1985-12-25,11.07,8.02
1985-12-26,11.07,7.99
1985-12-27,11.04,7.99
1985-12-30,11.06,7.99
1985-12-31,11.08,7.98
1986-01-01,11.08,7.98
1986-01-02,11.1,8.02
1986-01-03,11.2,8.03
1986-01-06,11.37,8.04
1986-01-07,11.5,7.97
1986-01-08,11.6,8.09
1986-01-09,11.63,8.27
1986-01-10,11.56,8.36
1986-01-13,11.73,8.38
1986-01-14,11.84,8.33
1986-01-15,11.85,8.24
1986-01-16,11.56,8.21
1986-01-17,11.61,8.19
1986-01-20,11.85,8.19
1986-01-21,11.79,8.2
1986-01-22,11.82,8.19
1986-01-23,11.93,8.17
1986-01-24,11.82,8.13
1986-01-27,11.83,8.07
1986-01-28,11.58,8.02
1986-01-29,11.61,8.05
1986-01-30,11.56,8.04
1986-01-31,11.57,7.99
1986-02-03,11.7,7.97
1986-02-04,11.6,7.94
1986-02-05,11.53,7.99
1986-02-06,11.49,8.02
1986-02-07,11.49,8.15
1986-02-10,11.39,8.08
1986-02-11,11.39,8.04
1986-02-12,11.42,8.08
1986-02-13,11.48,8.06
1986-02-14,11.43,7.99
1986-02-17,11.31,7.99
1986-02-18,11.17,7.96
1986-02-19,11.01,8.06
1986-02-20,11.0,8.05
1986-02-21,10.99,7.93
1986-02-24,10.8,7.86
1986-02-25,10.68,7.89
1986-02-26,10.71,7.88
1986-02-27,10.54,7.72
1986-02-28,10.61,7.71
1986-03-03,10.73,7.55
1986-03-04,10.56,7.38
1986-03-05,10.57,7.54
1986-03-06,10.52,7.38
1986-03-07,10.41,7.29
1986-03-10,10.15,7.16
1986-03-11,10.04,7.15
1986-03-12,10.07,7.17
1986-03-13,10.31,7.21
1986-03-14,10.22,7.18
1986-03-17,10.21,7.22
1986-03-18,10.06,7.23
1986-03-19,9.87,7.17
1986-03-20,9.69,7.17
1986-03-21,9.69,7.19
1986-03-24,9.68,7.11
1986-03-25,9.91,7.12
1986-03-26,9.73,7.11
1986-03-27,9.52,7.04
1986-03-28,9.52,7.04
1986-03-31,9.52,6.92
1986-04-01,9.43,6.89
1986-04-02,9.46,6.9
1986-04-03,9.44,6.94
1986-04-04,9.5,6.85
1986-04-07,9.36,6.82
1986-04-08,9.03,6.7
1986-04-09,8.87,6.58
1986-04-10,8.91,6.58
1986-04-11,8.77,6.65
1986-04-14,8.77,6.53
1986-04-15,8.83,6.53
1986-04-16,8.72,6.39
1986-04-17,8.39,6.44
1986-04-18,8.35,6.44
1986-04-21,8.37,6.46
1986-04-22,8.36,6.58
1986-04-23,8.65,6.67
1986-04-24,8.6,6.89
1986-04-25,8.6,6.91
1986-04-28,8.66,6.86
1986-04-29,8.62,6.85
1986-04-30,8.59,6.83
1986-05-01,8.65,6.85
1986-05-02,8.7,6.88
1986-05-05,8.7,6.82
1986-05-06,8.63,6.82
1986-05-07,8.81,6.83
1986-05-08,8.75,6.78
1986-05-09,8.86,6.85
1986-05-12,8.87,6.98
1986-05-13,8.78,7.0
1986-05-14,8.64,7.0
1986-05-15,8.68,7.16
1986-05-16,8.79,7.32
1986-05-19,8.78,7.28
1986-05-20,8.75,7.23
1986-05-21,8.68,7.2
1986-05-22,8.72,7.2
1986-05-23,8.71,7.19
1986-05-26,8.71,7.19
1986-05-27,8.7,7.14
1986-05-28,8.64,7.17
1986-05-29,8.63,7.35
1986-05-30,8.71,7.36
1986-06-02,8.68,7.5
1986-06-03,8.67,7.49
1986-06-04,8.64,7.63
1986-06-05,8.68,7.54
1986-06-06,8.62,7.27
1986-06-09,8.59,7.39
1986-06-10,8.7,7.38
1986-06-11,8.89,7.39
1986-06-12,8.88,7.31
1986-06-13,8.82,7.15
1986-06-16,8.8,7.1
1986-06-17,8.83,7.08
1986-06-18,8.87,7.01
1986-06-19,8.92,7.1
1986-06-20,8.99,7.06
1986-06-23,8.97,7.03
1986-06-24,8.95,6.98
1986-06-25,8.89,6.91
1986-06-26,8.93,6.91
1986-06-27,8.96,6.84
1986-06-30,9.06,6.81
1986-07-01,9.06,6.8
1986-07-02,9.04,6.81
1986-07-03,8.93,6.71
1986-07-04,8.88,6.71
1986-07-07,8.89,6.7
1986-07-08,9.06,6.84
1986-07-09,9.06,6.73
1986-07-10,9.18,6.73
1986-07-11,9.16,6.6
1986-07-14,9.44,6.58
1986-07-15,9.44,6.56
1986-07-16,9.4,6.59
1986-07-17,9.39,6.61
1986-07-18,9.45,6.56
1986-07-21,9.52,6.56
1986-07-22,9.52,6.6
1986-07-23,9.51,6.63
1986-07-24,9.48,6.67
1986-07-25,9.5,6.67
1986-07-28,9.58,6.76
1986-07-29,9.53,6.71
1986-07-30,9.43,6.67
1986-07-31,9.46,6.57
1986-08-01,9.45,6.56
1986-08-04,9.52,6.56
1986-08-05,9.36,6.58
1986-08-06,9.39,6.61
1986-08-07,9.43,6.61
1986-08-08,9.42,6.54
1986-08-11,9.41,6.51
1986-08-12,9.35,6.46
1986-08-13,9.37,6.37
1986-08-14,9.34,6.39
1986-08-15,9.29,6.36
1986-08-18,9.3,6.37
1986-08-19,9.23,6.29
1986-08-20,9.15,6.17
1986-08-21,9.14,6.08
1986-08-22,9.18,6.14
1986-08-25,9.18,6.1
1986-08-26,9.18,6.02
1986-08-27,9.2,6.12
1986-08-28,9.25,6.07
1986-08-29,9.24,5.94
1986-09-01,9.24,5.94
1986-09-02,9.24,5.99
1986-09-03,9.36,6.14
1986-09-04,9.36,6.11
1986-09-05,9.47,6.25
1986-09-08,9.55,6.3
1986-09-09,9.67,6.3
1986-09-10,9.65,6.27
1986-09-11,9.67,6.43
1986-09-12,9.83,6.43
1986-09-15,9.76,6.39
1986-09-16,9.9,6.38
1986-09-17,9.98,6.37
1986-09-18,10.28,6.47
1986-09-19,10.34,6.52
1986-09-22,10.51,6.49
1986-09-23,10.43,6.46
1986-09-24,10.72,6.37
1986-09-25,10.88,6.37
1986-09-26,10.95,6.39
1986-09-29,11.3,6.46
1986-09-30,11.02,6.38
1986-10-01,10.9,6.36
1986-10-02,11.12,6.38
1986-10-03,11.06,6.16
1986-10-06,11.0,6.14
1986-10-07,10.89,6.13
1986-10-08,10.95,6.11
1986-10-09,10.86,6.15
1986-10-10,10.72,6.16
1986-10-13,10.76,6.16
1986-10-14,10.86,6.26
1986-10-15,10.88,6.27
1986-10-16,10.9,6.29
1986-10-17,10.99,6.38
1986-10-20,11.0,6.47
1986-10-21,10.87,6.4
1986-10-22,10.77,6.34
1986-10-23,10.93,6.31
1986-10-24,10.91,6.35
1986-10-27,10.92,6.32
1986-10-28,10.9,6.34
1986-10-29,10.94,6.32
1986-10-30,10.98,6.24
1986-10-31,10.84,6.26
1986-11-03,10.75,6.21
1986-11-04,10.75,6.23
1986-11-05,10.77,6.26
1986-11-06,10.78,6.29
1986-11-07,10.82,6.35
1986-11-10,10.87,6.42
1986-11-11,10.87,6.42
1986-11-12,10.95,6.38
1986-11-13,11.0,6.35
1986-11-14,10.95,6.33
1986-11-17,10.93,6.32
1986-11-18,10.97,6.32
1986-11-19,11.08,6.21
1986-11-20,11.09,6.26
1986-11-21,11.05,6.21
1986-11-24,11.02,6.19
1986-11-25,11.01,6.23
1986-11-26,11.0,6.21
1986-11-27,10.92,6.21
1986-11-28,10.94,6.21
1986-12-01,11.02,6.25
1986-12-02,11.02,6.22
1986-12-03,11.04,6.17
1986-12-04,11.01,6.15
1986-12-05,11.04,6.24
1986-12-08,11.06,6.24
1986-12-09,11.02,6.21
1986-12-10,11.01,6.19
1986-12-11,10.98,6.24
1986-12-12,10.92,6.24
1986-12-15,10.96,6.29
1986-12-16,10.95,6.29
1986-12-17,10.93,6.31
1986-12-18,10.91,6.31
1986-12-19,10.87,6.29
1986-12-22,10.76,6.3
1986-12-23,10.74,6.3
1986-12-24,10.69,6.3
1986-12-25,10.69,6.3
1986-12-26,10.69,6.3
1986-12-29,10.64,6.37
1986-12-30,10.68,6.42
1986-12-31,10.63,6.35
1987-01-01,10.63,6.35
1987-01-02,10.36,6.3
1987-01-05,10.45,6.24
1987-01-06,10.42,6.25
1987-01-07,10.42,6.22
1987-01-08,10.33,6.2
1987-01-09,10.34,6.19
1987-01-12,10.34,6.2
1987-01-13,10.46,6.22
1987-01-14,10.47,6.24
1987-01-15,10.46,6.22
1987-01-16,10.34,6.22
1987-01-19,10.32,6.22
1987-01-20,10.24,6.17
1987-01-21,10.11,6.17
1987-01-22,10.09,6.17
1987-01-23,10.09,6.2
1987-01-26,10.07,6.26
1987-01-27,10.09,6.24
1987-01-28,10.1,6.24
1987-01-29,10.09,6.24
1987-01-30,10.09,6.33
1987-02-02,10.09,6.36
1987-02-03,10.1,6.38
1987-02-04,10.04,6.38
1987-02-05,9.99,6.33
1987-02-06,9.93,6.38
1987-02-09,9.94,6.45
1987-02-10,10.0,6.49
1987-02-11,10.03,6.58
1987-02-12,10.06,6.47
1987-02-13,10.02,6.43
1987-02-16,9.99,6.43
1987-02-17,9.94,6.48
1987-02-18,9.77,6.43
1987-02-19,9.7,6.33
1987-02-20,9.59,6.33
1987-02-23,9.59,6.35
1987-02-24,9.58,6.32
1987-02-25,9.65,6.37
1987-02-26,9.63,6.35
1987-02-27,9.57,6.35
1987-03-02,9.48,6.34
1987-03-03,9.49,6.37
1987-03-04,9.37,6.32
1987-03-05,9.33,6.35
1987-03-06,9.29,6.42
1987-03-09,9.34,6.43
1987-03-10,9.22,6.44
1987-03-11,9.11,6.44
1987-03-12,9.13,6.43
1987-03-13,9.05,6.39
1987-03-16,8.96,6.41
1987-03-17,8.76,6.42
1987-03-18,8.59,6.4
1987-03-19,8.54,6.38
1987-03-20,8.49,6.4
1987-03-23,8.5,6.42
1987-03-24,8.59,6.44
1987-03-25,8.61,6.46
1987-03-26,8.77,6.42
1987-03-27,8.76,6.49
1987-03-30,8.99,6.63
1987-03-31,8.96,6.54
1987-04-01,9.01,6.65
1987-04-02,9.04,6.63
1987-04-03,9.05,6.62
1987-04-06,8.92,6.57
1987-04-07,8.91,6.59
1987-04-08,8.92,6.59
1987-04-09,8.96,6.74
1987-04-10,9.1,6.97
1987-04-13,9.12,7.08
1987-04-14,9.11,7.19
1987-04-15,9.1,7.02
1987-04-16,9.01,6.9
1987-04-17,9.01,6.9
1987-04-20,9.01,7.06
1987-04-21,9.0,7.09
1987-04-22,8.97,7.23
1987-04-23,8.91,7.36
1987-04-24,8.81,7.48
1987-04-27,8.79,7.5
1987-04-28,8.77,7.43
1987-04-29,8.62,7.43
1987-04-30,8.56,7.38
1987-05-01,8.47,7.47
1987-05-04,8.47,7.61
1987-05-05,8.26,7.6
1987-05-06,8.29,7.62
1987-05-07,8.31,7.6
1987-05-08,8.1,7.57
1987-05-11,8.15,7.66
1987-05-12,8.2,7.68
1987-05-13,8.25,7.68
1987-05-14,8.3,7.66
1987-05-15,8.32,7.95
1987-05-18,8.45,7.93
1987-05-19,8.41,7.99
1987-05-20,8.51,8.05
1987-05-21,8.55,8.06
1987-05-22,8.62,7.97
1987-05-25,8.62,7.97
1987-05-26,8.84,7.79
1987-05-27,8.84,7.84
1987-05-28,8.6,7.81
1987-05-29,8.54,7.69
1987-06-01,8.55,7.67
1987-06-02,8.53,7.85
1987-06-03,8.55,7.78
1987-06-04,8.67,7.76
1987-06-05,8.59,7.66
1987-06-08,8.55,7.68
1987-06-09,8.44,7.71
1987-06-10,8.47,7.68
1987-06-11,8.44,7.66
1987-06-12,8.37,7.51
1987-06-15,8.53,7.47
1987-06-16,8.49,7.47
1987-06-17,8.45,7.42
1987-06-18,8.56,7.44
1987-06-19,8.79,7.45
1987-06-22,8.98,7.42
1987-06-23,8.9,7.45
1987-06-24,8.8,7.54
1987-06-25,8.82,7.47
1987-06-26,8.93,7.56
1987-06-29,9.04,7.48
1987-06-30,8.98,7.48
1987-07-01,9.06,7.44
1987-07-02,9.11,7.38
1987-07-03,9.08,7.38
1987-07-06,8.92,7.38
1987-07-07,8.9,7.36
1987-07-08,8.89,7.35
1987-07-09,8.91,7.38
1987-07-10,8.91,7.32
1987-07-13,8.87,7.36
1987-07-14,8.91,7.32
1987-07-15,8.84,7.37
1987-07-16,8.79,7.34
1987-07-17,8.77,7.34
1987-07-20,8.91,7.38
1987-07-21,8.96,7.45
1987-07-22,9.26,7.47
1987-07-23,9.16,7.46
1987-07-24,9.11,7.53
1987-07-27,9.37,7.59
1987-07-28,9.3,7.61
1987-07-29,9.28,7.64
1987-07-30,9.43,7.63
1987-07-31,9.5,7.63
1987-08-03,9.59,7.72
1987-08-04,9.48,7.72
1987-08-05,9.39,7.65
1987-08-06,9.9,7.65
1987-08-07,9.95,7.69
1987-08-10,10.09,7.71
1987-08-11,9.95,7.69
1987-08-12,9.91,7.67
1987-08-13,9.93,7.64
1987-08-14,9.87,7.62
1987-08-17,9.97,7.62
1987-08-18,10.02,7.71
1987-08-19,10.03,7.76
1987-08-20,10.36,7.77
1987-08-21,10.27,7.79
1987-08-24,10.18,7.81
1987-08-25,10.28,7.79
1987-08-26,10.33,7.87
1987-08-27,10.3,7.95
1987-08-28,10.29,8.01
1987-08-31,10.29,7.97
1987-09-01,10.22,7.98
1987-09-02,10.09,8.15
1987-09-03,10.01,8.19
1987-09-04,10.04,8.26
1987-09-07,10.02,8.26
1987-09-08,10.04,8.46
1987-09-09,10.19,8.43
1987-09-10,10.15,8.36
1987-09-11,10.1,8.31
1987-09-14,10.08,8.26
1987-09-15,10.04,8.3
1987-09-16,10.02,8.35
1987-09-17,9.88,8.34
1987-09-18,9.74,8.3
1987-09-21,9.79,8.33
1987-09-22,9.8,8.31
1987-09-23,9.82,8.31
1987-09-24,10.0,8.42
1987-09-25,9.96,8.48
1987-09-28,9.87,8.48
1987-09-29,9.93,8.6
1987-09-30,9.94,8.6
1987-10-01,9.97,8.62
1987-10-02,9.96,8.61
1987-10-05,9.94,8.66
1987-10-06,9.95,8.73
1987-10-07,9.93,8.73
1987-10-08,9.96,9.03
1987-10-09,9.99,9.01
1987-10-12,9.97,9.01
1987-10-13,9.96,8.94
1987-10-14,9.99,9.14
1987-10-15,10.04,9.23
1987-10-16,10.06,9.22
1987-10-19,10.25,8.93
1987-10-20,9.8,8.09
1987-10-21,9.77,7.9
1987-10-22,9.7,7.76
1987-10-23,9.31,7.76
1987-10-26,8.99,7.57
1987-10-27,9.05,7.66
1987-10-28,8.93,7.65
1987-10-29,8.89,7.53
1987-10-30,8.95,7.58
1987-11-02,8.94,7.72
1987-11-03,8.84,7.67
1987-11-04,8.75,7.6
1987-11-05,8.55,7.5
1987-11-06,8.48,7.62
1987-11-09,8.12,7.64
1987-11-10,8.26,7.61
1987-11-11,8.59,7.61
1987-11-12,8.6,7.67
1987-11-13,8.65,7.75
1987-11-16,8.68,7.78
1987-11-17,8.58,7.73
1987-11-18,8.62,7.74
1987-11-19,8.6,7.69
1987-11-20,8.58,7.66
1987-11-23,8.73,7.67
1987-11-24,8.7,7.73
1987-11-25,8.74,7.78
1987-11-26,8.69,7.78
1987-11-27,8.62,7.87
1987-11-30,8.55,7.73
1987-12-01,8.56,7.77
1987-12-02,8.51,7.79
1987-12-03,8.49,7.72
1987-12-04,8.59,7.72
1987-12-07,8.53,7.86
1987-12-08,8.56,7.88
1987-12-09,8.55,7.88
1987-12-10,8.64,8.0
1987-12-11,8.77,8.02
1987-12-14,8.78,8.01
1987-12-15,8.94,7.92
1987-12-16,9.12,7.89
1987-12-17,9.18,7.89
1987-12-18,9.1,7.82
1987-12-21,9.03,7.84
1987-12-22,9.01,7.91
1987-12-23,9.0,7.83
1987-12-24,8.87,7.83
1987-12-25,8.87,7.83
1987-12-28,8.87,7.91
1987-12-29,8.84,7.86
1987-12-30,8.91,7.75
1987-12-31,8.86,7.77
1988-01-01,8.86,7.77
1988-01-04,8.96,7.77
1988-01-05,8.99,7.76
1988-01-06,9.08,7.79
1988-01-07,9.17,7.79
1988-01-08,9.27,7.92
1988-01-11,9.19,7.8
1988-01-12,9.22,7.8
1988-01-13,9.3,7.76
1988-01-14,9.16,7.76
1988-01-15,9.17,7.61
1988-01-18,9.06,7.61
1988-01-19,9.14,7.66
1988-01-20,9.11,7.59
1988-01-21,9.1,7.52
1988-01-22,8.97,7.51
1988-01-25,8.86,7.49
1988-01-26,8.96,7.56
1988-01-27,8.91,7.37
1988-01-28,8.8,7.29
1988-01-29,8.9,7.22
1988-02-01,9.08,7.22
1988-02-02,9.07,7.21
1988-02-03,9.06,7.24
1988-02-04,9.11,7.24
1988-02-05,9.15,7.1
1988-02-08,9.34,7.16
1988-02-09,9.21,7.12
1988-02-10,9.17,7.07
1988-02-11,9.27,7.12
1988-02-12,9.32,7.22
1988-02-15,9.33,7.22
1988-02-16,9.27,7.26
1988-02-17,9.23,7.24
1988-02-18,9.2,7.23
1988-02-19,9.15,7.21
1988-02-22,9.17,7.2
1988-02-23,9.14,7.16
1988-02-24,9.12,7.15
1988-02-25,9.03,7.17
1988-02-26,9.04,7.16
1988-02-29,9.01,7.13
1988-03-01,8.95,7.11
1988-03-02,8.95,7.07
1988-03-03,8.92,7.08
1988-03-04,8.94,7.2
1988-03-07,8.84,7.22
1988-03-08,8.88,7.25
1988-03-09,8.87,7.22
1988-03-10,8.91,7.25
1988-03-11,8.9,7.2
1988-03-14,8.83,7.2
1988-03-15,8.92,7.19
1988-03-16,8.87,7.24
1988-03-17,8.74,7.17
1988-03-18,8.66,7.23
1988-03-21,8.67,7.32
1988-03-22,8.65,7.33
1988-03-23,8.62,7.39
1988-03-24,8.64,7.46
1988-03-25,8.73,7.41
1988-03-28,8.72,7.42
1988-03-29,8.62,7.42
1988-03-30,8.59,7.43
1988-03-31,8.49,7.41
1988-04-01,8.49,7.41
1988-04-04,8.49,7.58
1988-04-05,8.52,7.6
1988-04-06,8.57,7.57
1988-04-07,8.59,7.54
1988-04-08,8.33,7.47
1988-04-11,8.36,7.5
1988-04-12,8.37,7.49
1988-04-13,8.41,7.45
1988-04-14,8.37,7.56
1988-04-15,8.27,7.6
1988-04-18,8.18,7.6
1988-04-19,8.19,7.57
1988-04-20,8.24,7.65
1988-04-21,8.29,7.64
1988-04-22,8.56,7.64
1988-04-25,8.77,7.64
1988-04-26,8.77,7.64
1988-04-27,8.77,7.63
1988-04-28,8.88,7.69
1988-04-29,8.65,7.73
1988-05-02,8.65,7.78
1988-05-03,8.83,7.77
1988-05-04,8.8,7.77
1988-05-05,8.78,7.79
1988-05-06,8.81,7.87
1988-05-09,8.72,7.95
1988-05-10,8.72,8.0
1988-05-11,8.74,7.95
1988-05-12,8.72,7.95
1988-05-13,8.62,7.9
1988-05-16,8.53,7.93
1988-05-17,8.47,7.99
1988-05-18,8.52,8.04
1988-05-19,8.5,8.04
1988-05-20,8.49,8.08
1988-05-23,8.44,8.12
1988-05-24,8.46,8.14
1988-05-25,8.47,8.17
1988-05-26,8.56,8.23
1988-05-27,8.6,8.23
1988-05-30,8.6,8.23
1988-05-31,8.65,8.21
1988-06-01,8.84,8.09
1988-06-02,8.98,8.13
1988-06-03,8.97,8.06
1988-06-06,8.89,8.04
1988-06-07,8.84,8.04
1988-06-08,8.8,7.96
1988-06-09,8.75,7.97
1988-06-10,8.77,7.99
1988-06-13,8.74,7.98
1988-06-14,8.79,7.8
1988-06-15,8.8,7.84
1988-06-16,8.91,7.96
1988-06-17,9.02,8.1
1988-06-20,9.19,8.14
1988-06-21,9.11,8.15
1988-06-22,9.11,8.04
1988-06-23,9.26,8.05
1988-06-24,9.45,8.03
1988-06-27,9.58,8.1
1988-06-28,9.51,8.05
1988-06-29,9.52,8.03
1988-06-30,9.54,8.02
1988-07-01,9.58,7.98
1988-07-04,9.76,7.98
1988-07-05,9.53,8.04
1988-07-06,9.57,8.07
1988-07-07,9.64,8.13
1988-07-08,9.73,8.25
1988-07-11,9.74,8.25
1988-07-12,9.79,8.27
1988-07-13,9.76,8.27
1988-07-14,9.83,8.33
1988-07-15,10.04,8.31
1988-07-18,10.13,8.35
1988-07-19,9.95,8.32
1988-07-20,9.92,8.31
1988-07-21,9.74,8.39
1988-07-22,9.7,8.35
1988-07-25,9.7,8.34
1988-07-26,9.78,8.35
1988-07-27,9.79,8.44
1988-07-28,9.67,8.44
1988-07-29,9.74,8.39
1988-08-01,9.73,8.36
1988-08-02,9.74,8.32
1988-08-03,9.75,8.34
1988-08-04,9.73,8.31
1988-08-05,9.8,8.47
1988-08-08,9.96,8.48
1988-08-09,9.98,8.59
1988-08-10,10.07,8.64
1988-08-11,10.03,8.68
1988-08-12,9.95,8.68
1988-08-15,10.08,8.7
1988-08-16,10.14,8.72
1988-08-17,10.14,8.74
1988-08-18,10.09,8.74
1988-08-19,9.93,8.74
1988-08-22,10.12,8.76
1988-08-23,10.19,8.71
1988-08-24,10.22,8.73
1988-08-25,10.26,8.78
1988-08-26,10.41,8.78
1988-08-29,10.41,8.75
1988-08-30,10.43,8.73
1988-08-31,10.44,8.71
1988-09-01,10.46,8.68
1988-09-02,10.49,8.45
1988-09-05,10.37,8.45
1988-09-06,10.34,8.47
1988-09-07,10.35,8.45
1988-09-08,10.45,8.45
1988-09-09,10.44,8.42
1988-09-12,10.38,8.44
1988-09-13,10.32,8.4
1988-09-14,10.28,8.36
1988-09-15,10.36,8.39
1988-09-16,10.38,8.4
1988-09-19,10.44,8.44
1988-09-20,10.22,8.45
1988-09-21,10.21,8.4
1988-09-22,10.24,8.44
1988-09-23,10.19,8.47
1988-09-26,10.11,8.52
1988-09-27,9.83,8.55
1988-09-28,9.9,8.59
1988-09-29,9.91,8.53
1988-09-30,9.88,8.43
1988-10-03,9.91,8.41
1988-10-04,9.99,8.43
1988-10-05,9.99,8.43
1988-10-06,9.9,8.43
1988-10-07,9.81,8.26
1988-10-10,9.8,8.26
1988-10-11,9.83,8.29
1988-10-12,9.85,8.35
1988-10-13,9.91,8.36
1988-10-14,9.93,8.33
1988-10-17,9.83,8.33
1988-10-18,9.82,8.33
1988-10-19,9.81,8.38
1988-10-20,9.84,8.38
1988-10-21,10.02,8.4
1988-10-24,10.13,8.42
1988-10-25,10.16,8.42
1988-10-26,10.17,8.34
1988-10-27,9.88,8.27
1988-10-28,9.87,8.27
1988-10-31,10.0,8.25
1988-11-01,10.03,8.25
1988-11-02,10.13,8.29
1988-11-03,10.24,8.27
1988-11-04,10.28,8.39
1988-11-07,10.36,8.5
1988-11-08,10.31,8.53
1988-11-09,10.37,8.57
1988-11-10,10.24,8.6
1988-11-11,10.3,8.6
1988-11-14,10.3,8.62
1988-11-15,10.38,8.69
1988-11-16,10.43,8.75
1988-11-17,10.43,8.75
1988-11-18,10.34,8.77
1988-11-21,10.31,8.81
1988-11-22,10.32,8.88
1988-11-23,10.35,8.87
1988-11-24,10.41,8.87
1988-11-25,10.94,8.98
1988-11-28,11.07,9.0
1988-11-29,11.02,8.96
1988-11-30,11.01,8.84
1988-12-01,11.02,8.86
1988-12-02,11.07,9.12
1988-12-05,11.0,9.09
1988-12-06,10.88,8.88
1988-12-07,10.86,8.93
1988-12-08,10.94,9.0
1988-12-09,11.06,9.03
1988-12-12,11.02,9.05
1988-12-13,11.04,9.16
1988-12-14,11.04,9.2
1988-12-15,10.79,9.2
1988-12-16,10.71,9.18
1988-12-19,10.66,9.18
1988-12-20,10.59,9.11
1988-12-21,10.61,9.09
1988-12-22,10.61,9.04
1988-12-23,10.62,9.04
1988-12-26,10.62,9.04
1988-12-27,10.62,9.15
1988-12-28,10.74,9.23
1988-12-29,10.81,9.18
1988-12-30,10.87,9.14
1989-01-02,10.87,9.14
1989-01-03,10.92,9.21
1989-01-04,10.93,9.25
1989-01-05,10.96,9.32
1989-01-06,10.95,9.32
1989-01-09,10.86,9.29
1989-01-10,10.78,9.25
1989-01-11,10.75,9.29
1989-01-12,10.82,9.2
1989-01-13,10.78,9.14
1989-01-16,10.51,9.14
1989-01-17,10.65,9.16
1989-01-18,10.6,9.13
1989-01-19,10.44,9.09
1989-01-20,10.53,9.13
1989-01-23,10.45,9.13
1989-01-24,10.44,9.07
1989-01-25,10.41,9.1
1989-01-26,10.38,9.14
1989-01-27,10.27,9.07
1989-01-30,10.33,9.1
1989-01-31,10.4,9.12
1989-02-01,10.45,9.12
1989-02-02,10.41,9.12
1989-02-03,10.33,9.23
1989-02-06,10.34,9.25
1989-02-07,10.34,9.19
1989-02-08,10.26,9.21
1989-02-09,10.29,9.28
1989-02-10,10.34,9.37
1989-02-13,10.37,9.39
1989-02-14,10.44,9.43
1989-02-15,10.44,9.41
1989-02-16,10.43,9.37
1989-02-17,10.47,9.37
1989-02-20,10.57,9.37
1989-02-21,10.61,9.41
1989-02-22,10.79,9.48
1989-02-23,10.81,9.6
1989-02-24,10.87,9.66
1989-02-27,11.03,9.62
1989-02-28,10.9,9.55
1989-03-01,10.94,9.55
1989-03-02,10.78,9.52
1989-03-03,10.7,9.5
1989-03-06,10.6,9.46
1989-03-07,10.68,9.48
1989-03-08,10.66,9.48
1989-03-09,10.67,9.48
1989-03-10,10.69,9.66
1989-03-13,10.75,9.64
1989-03-14,10.64,9.64
1989-03-15,10.78,9.62
1989-03-16,10.81,9.61
1989-03-17,10.95,9.84
1989-03-20,10.97,9.9
1989-03-21,10.82,9.92
1989-03-22,10.77,9.81
1989-03-23,10.79,9.81
1989-03-24,10.79,9.81
1989-03-27,10.79,9.85
1989-03-28,10.88,9.86
1989-03-29,10.88,9.8
1989-03-30,10.91,9.79
1989-03-31,10.9,9.73
1989-04-03,10.99,9.56
1989-04-04,10.94,9.47
1989-04-05,10.98,9.45
1989-04-06,10.99,9.54
1989-04-07,11.16,9.57
1989-04-10,11.16,9.57
1989-04-11,11.27,9.57
1989-04-12,11.31,9.59
1989-04-13,11.39,9.66
1989-04-14,11.17,9.43
1989-04-17,11.08,9.48
1989-04-18,11.04,9.28
1989-04-19,11.02,9.3
1989-04-20,11.45,9.46
1989-04-21,11.4,9.44
1989-04-24,11.32,9.46
1989-04-25,11.2,9.41
1989-04-26,11.06,9.34
1989-04-27,11.03,9.23
1989-04-28,11.0,9.22
1989-05-01,11.0,9.36
1989-05-02,11.09,9.27
1989-05-03,11.02,9.21
1989-05-04,10.94,9.21
1989-05-05,10.99,9.04
1989-05-08,10.95,9.09
1989-05-09,11.07,9.23
1989-05-10,11.07,9.27
1989-05-11,11.07,9.14
1989-05-12,10.96,8.82
1989-05-15,10.97,8.91
1989-05-16,11.01,8.95
1989-05-17,11.1,8.96
1989-05-18,11.06,9.0
1989-05-19,11.08,8.94
1989-05-22,11.32,8.84
1989-05-23,11.38,8.83
1989-05-24,11.39,8.82
1989-05-25,11.33,8.92
1989-05-26,11.31,8.89
1989-05-29,11.31,8.89
1989-05-30,11.48,8.87
1989-05-31,11.64,8.82
1989-06-01,11.5,8.82
1989-06-02,11.47,8.52
1989-06-05,11.5,8.44
1989-06-06,11.48,8.45
1989-06-07,11.38,8.38
1989-06-08,11.36,8.33
1989-06-09,11.45,8.28
1989-06-12,11.66,8.29
1989-06-13,11.78,8.41
1989-06-14,11.84,8.36
1989-06-15,11.78,8.48
1989-06-16,11.64,8.53
1989-06-19,11.59,8.55
1989-06-20,11.63,8.5
1989-06-21,11.64,8.53
1989-06-22,11.68,8.55
1989-06-23,11.71,8.39
1989-06-26,11.76,8.35
1989-06-27,11.39,8.27
1989-06-28,11.37,8.27
1989-06-29,11.5,8.16
1989-06-30,11.51,8.08
1989-07-03,11.42,8.02
1989-07-04,11.35,8.02
1989-07-05,11.34,7.99
1989-07-06,11.4,7.94
1989-07-07,11.36,7.83
1989-07-10,11.26,7.81
1989-07-11,11.27,7.81
1989-07-12,11.27,7.74
1989-07-13,11.17,7.74
1989-07-14,11.06,7.83
1989-07-17,11.01,7.85
1989-07-18,11.05,7.95
1989-07-19,11.1,7.9
1989-07-20,11.02,7.81
1989-07-21,11.03,7.91
1989-07-24,11.05,7.93
1989-07-25,11.06,7.84
1989-07-26,10.92,7.75
1989-07-27,10.85,7.65
1989-07-28,10.8,7.56
1989-07-31,10.81,7.53
1989-08-01,10.88,7.46
1989-08-02,10.9,7.53
1989-08-03,10.97,7.6
1989-08-04,10.97,7.92
1989-08-07,10.91,8.01
1989-08-08,10.79,7.96
1989-08-09,10.79,7.99
1989-08-10,10.76,7.99
1989-08-11,10.82,8.12
1989-08-14,10.81,8.31
1989-08-15,10.84,8.29
1989-08-16,10.8,8.17
1989-08-17,10.77,8.26
1989-08-18,10.73,8.26
1989-08-21,10.72,8.32
1989-08-22,10.73,8.43
1989-08-23,10.85,8.37
1989-08-24,10.83,8.32
1989-08-25,10.86,8.34
1989-08-28,10.86,8.41
1989-08-29,10.9,8.44
1989-08-30,10.87,8.41
1989-08-31,11.05,8.42
1989-09-01,11.09,8.37
1989-09-04,11.12,8.37
1989-09-05,11.27,8.37
1989-09-06,11.29,8.35
1989-09-07,11.22,8.35
1989-09-08,11.27,8.27
1989-09-11,11.22,8.2
1989-09-12,11.22,8.18
1989-09-13,11.23,8.2
1989-09-14,11.23,8.09
1989-09-15,11.27,8.06
1989-09-18,11.27,8.13
1989-09-19,11.27,8.14
1989-09-20,11.24,8.27
1989-09-21,11.26,8.32
1989-09-22,11.26,8.34
1989-09-25,11.28,8.43
1989-09-26,11.63,8.36
1989-09-27,11.79,8.39
1989-09-28,11.83,8.41
1989-09-29,11.87,8.46
1989-10-02,11.86,8.48
1989-10-03,11.84,8.39
1989-10-04,11.92,8.37
1989-10-05,11.99,8.31
1989-10-06,11.94,8.1
1989-10-09,12.03,8.1
1989-10-10,12.06,8.06
1989-10-11,12.04,8.08
1989-10-12,12.04,8.01
1989-10-13,12.1,7.69
1989-10-16,11.71,7.85
1989-10-17,11.7,7.83
1989-10-18,11.72,7.83
1989-10-19,11.72,7.87
1989-10-20,11.71,7.92
1989-10-23,11.68,7.88
1989-10-24,11.58,7.78
1989-10-25,11.52,7.76
1989-10-26,11.5,7.78
1989-10-27,11.7,7.87
1989-10-30,11.59,7.85
1989-10-31,11.59,7.85
1989-11-01,11.69,7.87
1989-11-02,11.85,7.81
1989-11-03,11.85,8.01
1989-11-06,11.74,8.04
1989-11-07,11.72,7.87
1989-11-08,11.64,7.78
1989-11-09,11.59,7.8
1989-11-10,11.59,7.83
1989-11-13,11.6,7.82
1989-11-14,11.61,7.75
1989-11-15,11.66,7.69
1989-11-16,11.74,7.71
1989-11-17,11.86,7.77
1989-11-20,11.91,7.77
1989-11-21,11.9,7.77
1989-11-22,11.89,7.66
1989-11-23,11.82,7.66
1989-11-24,11.82,7.64
1989-11-27,11.96,7.79
1989-11-28,12.0,7.78
1989-11-29,12.05,7.8
1989-11-30,12.08,7.75
1989-12-01,12.08,7.7
1989-12-04,12.12,7.72
1989-12-05,12.09,7.72
1989-12-06,12.13,7.8
1989-12-07,12.12,7.85
1989-12-08,12.05,7.78
1989-12-11,12.0,7.78
1989-12-12,11.99,7.8
1989-12-13,12.04,7.82
1989-12-14,12.04,7.75
1989-12-15,11.99,7.75
1989-12-18,12.0,7.75
1989-12-19,11.94,7.72
1989-12-20,11.87,7.64
1989-12-21,11.84,7.68
1989-12-22,11.83,7.74
1989-12-25,11.83,7.74
1989-12-26,11.83,7.9
1989-12-27,11.86,7.9
1989-12-28,11.9,7.87
1989-12-29,11.89,7.87
1990-01-01,11.89,7.87
1990-01-02,11.94,7.87
1990-01-03,11.96,7.94
1990-01-04,11.92,7.92
1990-01-05,11.88,7.9
1990-01-08,11.95,7.9
1990-01-09,12.07,7.91
1990-01-10,12.11,7.91
1990-01-11,12.16,7.91
1990-01-12,12.15,7.93
1990-01-15,12.41,7.93
1990-01-16,12.45,8.1
1990-01-17,12.62,8.09
1990-01-18,12.77,8.25
1990-01-19,12.64,8.2
1990-01-22,12.74,8.18
1990-01-23,12.72,8.18
1990-01-24,12.62,8.2
1990-01-25,12.51,8.24
1990-01-26,12.53,8.28
1990-01-29,12.47,8.3
1990-01-30,12.49,8.3
1990-01-31,12.46,8.28
1990-02-01,12.41,8.28
1990-02-02,12.44,8.37
1990-02-05,12.51,8.37
1990-02-06,12.48,8.42
1990-02-07,12.5,8.42
1990-02-08,12.43,8.37
1990-02-09,12.5,8.25
1990-02-12,12.55,8.32
1990-02-13,12.46,8.21
1990-02-14,12.51,8.27
1990-02-15,12.64,8.35
1990-02-16,12.73,8.36
1990-02-19,12.85,8.36
1990-02-20,12.91,8.52
1990-02-21,12.8,8.5
1990-02-22,12.8,8.45
1990-02-23,12.72,8.43
1990-02-26,12.72,8.38
1990-02-27,12.69,8.34
1990-02-28,12.87,8.43
1990-03-01,13.02,8.53
1990-03-02,13.06,8.48
1990-03-05,13.26,8.55
1990-03-06,13.31,8.54
1990-03-07,13.27,8.54
1990-03-08,13.21,8.59
1990-03-09,13.44,8.73
1990-03-12,13.42,8.71
1990-03-13,13.5,8.77
1990-03-14,13.41,8.69
1990-03-15,13.44,8.71
1990-03-16,13.34,8.64
1990-03-19,13.43,8.68
1990-03-20,13.49,8.68
1990-03-21,13.6,8.69
1990-03-22,13.54,8.62
1990-03-23,13.55,8.61
1990-03-26,13.34,8.61
1990-03-27,13.41,8.59
1990-03-28,13.43,8.57
1990-03-29,13.38,8.62
1990-03-30,13.39,8.64
1990-04-02,13.36,8.62
1990-04-03,13.33,8.61
1990-04-04,13.21,8.54
1990-04-05,13.13,8.54
1990-04-06,13.23,8.52
1990-04-09,13.3,8.54
1990-04-10,13.36,8.54
1990-04-11,13.36,8.56
1990-04-12,13.42,8.57
1990-04-13,13.42,8.57
1990-04-16,13.42,8.61
1990-04-17,13.52,8.7
1990-04-18,13.56,8.79
1990-04-19,13.54,8.81
1990-04-20,13.5,8.82
1990-04-23,13.53,8.87
1990-04-24,13.51,8.92
1990-04-25,13.61,8.95
1990-04-26,13.64,9.03
1990-04-27,13.7,8.98
1990-04-30,13.72,8.96
1990-05-01,13.71,9.02
1990-05-02,13.74,9.05
1990-05-03,13.64,8.98
1990-05-04,13.31,8.7
1990-05-07,13.31,8.74
1990-05-08,13.36,8.68
1990-05-09,13.39,8.75
1990-05-10,13.34,8.69
1990-05-11,13.25,8.55
1990-05-14,13.15,8.51
1990-05-15,13.15,8.54
1990-05-16,13.15,8.54
1990-05-17,12.68,8.56
1990-05-18,12.61,8.63
1990-05-21,12.4,8.61
1990-05-22,12.39,8.54
1990-05-23,12.51,8.51
1990-05-24,12.64,8.5
1990-05-25,12.73,8.53
1990-05-28,12.73,8.53
1990-05-29,12.72,8.52
1990-05-30,12.64,8.48
1990-05-31,12.69,8.5
1990-06-01,12.53,8.33
1990-06-04,12.48,8.31
1990-06-05,12.53,8.34
1990-06-06,12.61,8.34
1990-06-07,12.52,8.34
1990-06-08,12.49,8.33
1990-06-11,12.54,8.36
1990-06-12,12.46,8.36
1990-06-13,12.33,8.27
1990-06-14,12.18,8.24
1990-06-15,12.29,8.33
1990-06-18,12.43,8.39
1990-06-19,12.42,8.41
1990-06-20,12.24,8.43
1990-06-21,12.26,8.41
1990-06-22,12.24,8.4
1990-06-25,12.25,8.45
1990-06-26,12.21,8.41
1990-06-27,12.32,8.37
1990-06-28,12.28,8.31
1990-06-29,12.23,8.24
1990-07-02,12.27,8.25
1990-07-03,12.33,8.2
1990-07-04,12.26,8.2
1990-07-05,12.43,8.22
1990-07-06,12.44,8.32
1990-07-09,12.51,8.39
1990-07-10,12.44,8.4
1990-07-11,12.44,8.4
1990-07-12,12.44,8.2
1990-07-13,12.31,8.13
1990-07-16,12.17,8.15
1990-07-17,12.21,8.13
1990-07-18,12.22,8.13
1990-07-19,12.27,8.13
1990-07-20,12.19,8.08
1990-07-23,12.07,8.05
1990-07-24,12.15,8.12
1990-07-25,12.27,8.08
1990-07-26,12.23,8.08
1990-07-27,12.12,8.0
1990-07-30,12.08,7.93
1990-07-31,12.1,7.91
1990-08-01,11.98,7.85
1990-08-02,11.98,7.9
1990-08-03,12.12,7.79
1990-08-06,12.2,7.9
1990-08-07,12.09,8.04
1990-08-08,12.13,8.02
1990-08-09,12.13,7.99
1990-08-10,12.11,7.95
1990-08-13,12.16,7.94
1990-08-14,12.16,7.94
1990-08-15,12.14,7.94
1990-08-16,12.14,8.09
1990-08-17,12.19,8.11
1990-08-20,12.19,8.13
1990-08-21,12.21,8.19
1990-08-22,12.15,8.26
1990-08-23,12.02,8.26
1990-08-24,11.97,8.32
1990-08-27,11.97,8.21
1990-08-28,11.84,8.23
1990-08-29,11.85,8.16
1990-08-30,11.92,8.12
1990-08-31,11.84,8.07
1990-09-03,11.91,8.07
1990-09-04,11.87,8.09
1990-09-05,11.9,8.04
1990-09-06,11.9,8.06
1990-09-07,12.04,8.04
1990-09-10,11.95,8.09
1990-09-11,11.9,8.1
1990-09-12,11.98,8.05
1990-09-13,11.98,8.01
1990-09-14,12.03,8.03
1990-09-17,11.99,8.05
1990-09-18,11.99,8.03
1990-09-19,11.99,8.08
1990-09-20,11.93,8.1
1990-09-21,11.94,8.12
1990-09-24,11.98,8.21
1990-09-25,12.01,8.18
1990-09-26,12.11,8.16
1990-09-27,12.13,8.05
1990-09-28,12.03,8.02
1990-10-01,12.01,7.94
1990-10-02,11.99,7.92
1990-10-03,11.97,7.88
1990-10-04,11.92,7.87
1990-10-05,11.01,7.81
1990-10-08,11.09,7.81
1990-10-09,11.25,7.94
1990-10-10,11.27,7.99
1990-10-11,11.25,7.99
1990-10-12,11.23,7.94
1990-10-15,11.3,7.92
1990-10-16,11.31,7.92
1990-10-17,11.31,7.92
1990-10-18,11.38,7.91
1990-10-19,11.44,7.85
1990-10-22,11.36,7.85
1990-10-23,11.32,7.84
1990-10-24,11.25,7.84
1990-10-25,11.26,7.8
1990-10-26,11.21,7.8
1990-10-29,11.22,7.82
1990-10-30,11.11,7.79
1990-10-31,11.01,7.77
1990-11-01,11.12,7.68
1990-11-02,11.17,7.68
1990-11-05,11.03,7.63
1990-11-06,11.02,7.65
1990-11-07,11.01,7.67
1990-11-08,11.03,7.67
1990-11-09,11.05,7.61
1990-11-12,10.97,7.61
1990-11-13,10.99,7.6
1990-11-14,11.12,7.58
1990-11-15,11.0,7.6
1990-11-16,10.93,7.58
1990-11-19,10.89,7.62
1990-11-20,10.82,7.62
1990-11-21,10.8,7.55
1990-11-22,10.66,7.55
1990-11-23,10.6,7.53
1990-11-26,10.54,7.55
1990-11-27,10.59,7.5
1990-11-28,10.74,7.56
1990-11-29,10.67,7.58
1990-11-30,10.7,7.53
1990-12-03,10.71,7.51
1990-12-04,10.7,7.46
1990-12-05,10.69,7.46
1990-12-06,10.66,7.48
1990-12-07,10.63,7.33
1990-12-10,10.68,7.28
1990-12-11,10.69,7.26
1990-12-12,10.74,7.22
1990-12-13,10.81,7.31
1990-12-14,10.85,7.35
1990-12-17,10.9,7.31
1990-12-18,11.03,7.28
1990-12-19,10.97,7.21
1990-12-20,11.04,7.25
1990-12-21,11.0,7.3
1990-12-24,11.04,7.35
1990-12-25,11.04,7.35
1990-12-26,11.04,7.27
1990-12-27,11.03,7.25
1990-12-28,11.03,7.25
1990-12-31,11.02,7.15
1991-01-01,11.02,7.15
1991-01-02,11.07,7.08
1991-01-03,10.91,7.08
1991-01-04,10.91,7.17
1991-01-07,10.83,7.2
1991-01-08,10.82,7.15
1991-01-09,10.77,7.1
1991-01-10,10.85,7.14
1991-01-11,10.9,7.14
1991-01-14,11.01,7.18
1991-01-15,10.97,7.16
1991-01-16,11.01,7.21
1991-01-17,10.86,7.19
1991-01-18,10.83,7.14
1991-01-21,10.78,7.14
1991-01-22,10.79,7.13
1991-01-23,10.84,7.08
1991-01-24,10.79,7.04
1991-01-25,10.78,7.1
1991-01-28,10.78,7.12
1991-01-29,10.81,7.1
1991-01-30,10.78,7.07
1991-01-31,10.8,7.05
1991-02-01,10.79,6.83
1991-02-04,10.75,6.82
1991-02-05,10.61,6.8
1991-02-06,10.56,6.82
1991-02-07,10.46,6.8
1991-02-08,10.37,6.8
1991-02-11,10.39,6.78
1991-02-12,10.36,6.78
1991-02-13,10.25,6.78
1991-02-14,10.19,6.77
1991-02-15,10.21,6.82
1991-02-18,10.12,6.82
1991-02-19,10.03,6.87
1991-02-20,10.03,6.87
1991-02-21,10.07,6.9
1991-02-22,10.09,6.98
1991-02-25,10.11,6.99
1991-02-26,10.12,7.0
1991-02-27,10.05,7.02
1991-02-28,10.1,7.04
1991-03-01,10.16,7.18
1991-03-04,10.21,7.16
1991-03-05,10.17,7.13
1991-03-06,10.17,7.15
1991-03-07,10.08,7.12
1991-03-08,10.03,7.08
1991-03-11,9.98,7.05
1991-03-12,10.02,7.07
1991-03-13,10.07,7.0
1991-03-14,9.99,6.95
1991-03-15,9.98,7.01
1991-03-18,10.0,7.09
1991-03-19,10.08,7.22
1991-03-20,10.09,7.2
1991-03-21,9.96,7.13
1991-03-22,10.03,7.13
1991-03-25,10.11,7.14
1991-03-26,10.11,7.16
1991-03-27,10.07,7.07
1991-03-28,9.99,7.02
1991-03-29,9.99,7.02
1991-04-01,9.99,7.01
1991-04-02,10.03,6.97
1991-04-03,9.99,6.99
1991-04-04,9.97,6.94
1991-04-05,10.0,6.92
1991-04-08,9.95,6.91
1991-04-09,9.94,6.94
1991-04-10,9.96,7.02
1991-04-11,9.95,6.95
1991-04-12,10.01,6.88
1991-04-15,10.06,6.9
1991-04-16,10.08,6.92
1991-04-17,10.07,6.9
1991-04-18,10.05,6.99
1991-04-19,10.01,7.03
1991-04-22,10.06,7.07
1991-04-23,10.07,7.05
1991-04-24,10.09,6.95
1991-04-25,10.01,6.93
1991-04-26,10.06,6.89
1991-04-29,10.05,6.9
1991-04-30,9.98,6.8
1991-05-01,9.97,6.8
1991-05-02,9.96,6.76
1991-05-03,9.98,6.8
1991-05-06,9.98,6.82
1991-05-07,9.94,6.82
1991-05-08,9.91,6.84
1991-05-09,9.92,6.84
1991-05-10,9.92,6.87
1991-05-13,9.94,6.84
1991-05-14,10.01,6.86
1991-05-15,10.04,6.84
1991-05-16,10.01,6.84
1991-05-17,10.01,6.86
1991-05-20,9.96,6.86
1991-05-21,9.94,6.84
1991-05-22,9.92,6.77
1991-05-23,9.86,6.74
1991-05-24,9.88,6.69
1991-05-27,9.88,6.69
1991-05-28,9.87,6.66
1991-05-29,9.9,6.61
1991-05-30,9.93,6.6
1991-05-31,9.92,6.68
1991-06-03,9.95,6.79
1991-06-04,10.0,6.79
1991-06-05,10.0,6.83
1991-06-06,10.01,6.86
1991-06-07,9.96,6.98
1991-06-10,9.91,7.01
1991-06-11,9.94,6.99
1991-06-12,9.97,7.08
1991-06-13,9.94,7.08
1991-06-14,9.97,7.02
1991-06-17,10.0,7.02
1991-06-18,9.99,7.0
1991-06-19,9.97,6.95
1991-06-20,9.94,6.87
1991-06-21,9.95,6.94
1991-06-24,9.98,6.96
1991-06-25,10.01,7.04
1991-06-26,10.03,7.01
1991-06-27,10.03,7.0
1991-06-28,10.0,6.9
1991-07-01,9.96,6.97
1991-07-02,9.95,7.0
1991-07-03,9.94,6.97
1991-07-04,9.9,6.97
1991-07-05,9.88,7.04
1991-07-08,9.88,7.0
1991-07-09,9.84,7.0
1991-07-10,9.83,6.97
1991-07-11,9.83,6.92
1991-07-12,9.87,6.88
1991-07-15,9.9,6.88
1991-07-16,9.91,6.9
1991-07-17,9.89,6.94
1991-07-18,9.89,6.91
1991-07-19,9.9,6.89
1991-07-22,9.9,6.91
1991-07-23,9.9,6.94
1991-07-24,9.9,6.88
1991-07-25,9.9,6.87
1991-07-26,9.87,6.85
1991-07-29,9.89,6.82
1991-07-30,9.88,6.84
1991-07-31,9.88,6.81
1991-08-01,9.88,6.84
1991-08-02,9.82,6.69
1991-08-05,9.77,6.69
1991-08-06,9.77,6.57
1991-08-07,9.75,6.54
1991-08-08,9.75,6.52
1991-08-09,9.74,6.49
1991-08-12,9.78,6.49
1991-08-13,9.79,6.48
1991-08-14,9.77,6.37
1991-08-15,9.75,6.33
1991-08-16,9.75,6.31
1991-08-19,9.7,6.24
1991-08-20,9.7,6.17
1991-08-21,9.71,6.27
1991-08-22,9.74,6.27
1991-08-23,9.74,6.46
1991-08-26,9.74,6.48
1991-08-27,9.73,6.41
1991-08-28,9.71,6.3
1991-08-29,9.68,6.25
1991-08-30,9.68,6.36
1991-09-02,9.6,6.36
1991-09-03,9.58,6.33
1991-09-04,9.53,6.31
1991-09-05,9.47,6.31
1991-09-06,9.44,6.26
1991-09-09,9.35,6.23
1991-09-10,9.34,6.21
1991-09-11,9.34,6.23
1991-09-12,9.32,6.2
1991-09-13,9.3,6.18
1991-09-16,9.35,6.17
1991-09-17,9.37,6.18
1991-09-18,9.34,6.18
1991-09-19,9.33,6.2
1991-09-20,9.32,6.18
1991-09-23,9.37,6.17
1991-09-24,9.36,6.11
1991-09-25,9.32,6.12
1991-09-26,9.3,6.05
1991-09-27,9.31,6.02
1991-09-30,9.31,5.99
1991-10-01,9.28,5.99
1991-10-02,9.28,5.99
1991-10-03,9.28,5.98
1991-10-04,9.29,5.91
1991-10-07,9.27,5.93
1991-10-08,9.34,5.89
1991-10-09,9.4,5.93
1991-10-10,9.44,5.98
1991-10-11,9.4,5.91
1991-10-14,9.42,5.91
1991-10-15,9.42,5.85
1991-10-16,9.43,5.86
1991-10-17,9.4,5.93
1991-10-18,9.41,5.95
1991-10-21,9.48,5.99
1991-10-22,9.52,6.02
1991-10-23,9.5,6.01
1991-10-24,9.51,5.93
1991-10-25,9.49,5.93
1991-10-28,9.49,5.88
1991-10-29,9.42,5.78
1991-10-30,9.4,5.73
1991-10-31,9.41,5.7
1991-11-01,9.48,5.65
1991-11-04,9.48,5.63
1991-11-05,9.46,5.7
1991-11-06,9.39,5.63
1991-11-07,9.39,5.62
1991-11-08,9.32,5.63
1991-11-11,9.33,5.63
1991-11-12,9.38,5.65
1991-11-13,9.37,5.65
1991-11-14,9.38,5.6
1991-11-15,9.42,5.54
1991-11-18,9.48,5.55
1991-11-19,9.46,5.5
1991-11-20,9.49,5.52
1991-11-21,9.52,5.5
1991-11-22,9.66,5.49
1991-11-25,9.72,5.5
1991-11-26,9.72,5.45
1991-11-27,9.71,5.43
1991-11-28,9.71,5.43
1991-11-29,9.67,5.38
1991-12-02,9.71,5.33
1991-12-03,9.72,5.29
1991-12-04,9.7,5.22
1991-12-05,9.66,5.22
1991-12-06,9.63,5.19
1991-12-09,9.64,5.09
1991-12-10,9.62,5.07
1991-12-11,9.57,5.04
1991-12-12,9.53,5.06
1991-12-13,9.46,5.09
1991-12-16,9.45,5.06
1991-12-17,9.47,5.02
1991-12-18,9.48,5.11
1991-12-19,9.56,5.05
1991-12-20,9.64,4.8
1991-12-23,9.79,4.79
1991-12-24,9.78,4.84
1991-12-25,9.78,4.84
1991-12-26,9.78,4.85
1991-12-27,9.76,4.85
1991-12-30,9.82,4.8
1991-12-31,9.81,4.77
1992-01-01,9.81,4.77
1992-01-02,9.74,4.77
1992-01-03,9.65,4.8
1992-01-06,9.65,4.76
1992-01-07,9.62,4.67
1992-01-08,9.6,4.66
1992-01-09,9.54,4.77
1992-01-10,9.58,4.85
1992-01-13,9.61,4.93
1992-01-14,9.56,5.0
1992-01-15,9.53,5.07
1992-01-16,9.48,5.07
1992-01-17,9.43,5.02
1992-01-20,9.42,5.02
1992-01-21,9.43,4.97
1992-01-22,9.42,4.95
1992-01-23,9.36,5.02
1992-01-24,9.34,5.13
1992-01-27,9.29,5.15
1992-01-28,9.24,5.1
1992-01-29,9.25,5.15
1992-01-30,9.28,5.17
1992-01-31,9.33,5.11
1992-02-03,9.33,5.15
1992-02-04,9.34,5.12
1992-02-05,9.29,5.07
1992-02-06,9.28,5.05
1992-02-07,9.27,4.97
1992-02-10,9.22,4.94
1992-02-11,9.18,5.01
1992-02-12,9.2,5.08
1992-02-13,9.19,5.22
1992-02-14,9.22,5.27
1992-02-17,9.2,5.27
1992-02-18,9.15,5.24
1992-02-19,9.19,5.28
1992-02-20,9.18,5.3
1992-02-21,9.24,5.46
1992-02-24,9.24,5.46
1992-02-25,9.21,5.43
1992-02-26,9.2,5.37
1992-02-27,9.18,5.34
1992-02-28,9.2,5.27
1992-03-02,9.23,5.45
1992-03-03,9.24,5.48
1992-03-04,9.29,5.5
1992-03-05,9.36,5.62
1992-03-06,9.39,5.6
1992-03-09,9.37,5.54
1992-03-10,9.39,5.56
1992-03-11,9.49,5.58
1992-03-12,9.6,5.74
1992-03-13,9.79,5.86
1992-03-16,9.78,5.87
1992-03-17,9.73,5.83
1992-03-18,9.8,5.84
1992-03-19,9.83,5.79
1992-03-20,9.86,5.86
1992-03-23,9.9,5.87
1992-03-24,9.9,5.78
1992-03-25,9.9,5.72
1992-03-26,9.91,5.69
1992-03-27,9.99,5.68
1992-03-30,9.99,5.61
1992-03-31,10.03,5.6
1992-04-01,10.25,5.53
1992-04-02,10.26,5.55
1992-04-03,10.28,5.37
1992-04-06,10.24,5.36
1992-04-07,10.15,5.34
1992-04-08,10.03,5.33
1992-04-09,9.94,5.09
1992-04-10,9.37,5.16
1992-04-13,9.3,5.11
1992-04-14,9.26,5.15
1992-04-15,9.2,5.22
1992-04-16,9.2,5.34
1992-04-17,9.2,5.34
1992-04-20,9.2,5.45
1992-04-21,9.24,5.41
1992-04-22,9.24,5.41
1992-04-23,9.31,5.41
1992-04-24,9.31,5.33
1992-04-27,9.25,5.42
1992-04-28,9.25,5.4
1992-04-29,9.24,5.39
1992-04-30,9.26,5.46
1992-05-01,9.2,5.33
1992-05-04,9.2,5.32
1992-05-05,9.22,5.3
1992-05-06,9.2,5.25
1992-05-07,9.16,5.34
1992-05-08,9.16,5.29
1992-05-11,9.13,5.24
1992-05-12,9.13,5.19
1992-05-13,9.07,5.14
1992-05-14,9.08,5.13
1992-05-15,9.07,5.11
1992-05-18,9.04,5.12
1992-05-19,9.04,5.0
1992-05-20,9.03,5.13
1992-05-21,9.02,5.34
1992-05-22,9.0,5.24
1992-05-25,9.0,5.24
1992-05-26,9.01,5.35
1992-05-27,9.01,5.28
1992-05-28,9.0,5.22
1992-05-29,8.97,5.19
1992-06-01,9.0,5.29
1992-06-02,8.99,5.23
1992-06-03,9.08,5.2
1992-06-04,9.07,5.22
1992-06-05,9.09,5.13
1992-06-08,9.14,5.11
1992-06-09,9.14,5.11
1992-06-10,9.13,5.13
1992-06-11,9.11,5.09
1992-06-12,9.07,5.06
1992-06-15,9.09,5.05
1992-06-16,9.08,5.02
1992-06-17,9.07,5.0
1992-06-18,9.05,4.94
1992-06-19,9.03,5.0
1992-06-22,9.08,4.99
1992-06-23,9.11,5.1
1992-06-24,9.11,4.96
1992-06-25,9.1,4.89
1992-06-26,9.06,4.88
1992-06-29,9.11,4.83
1992-06-30,9.11,4.83
1992-07-01,9.05,4.82
1992-07-02,8.99,4.55
1992-07-03,8.89,4.55
1992-07-06,8.92,4.46
1992-07-07,8.98,4.4
1992-07-08,9.06,4.4
1992-07-09,9.04,4.4
1992-07-10,9.06,4.38
1992-07-13,9.21,4.4
1992-07-14,9.2,4.32
1992-07-15,9.22,4.25
1992-07-16,9.19,4.25
1992-07-17,9.28,4.27
1992-07-20,9.34,4.3
1992-07-21,9.31,4.34
1992-07-22,9.31,4.29
1992-07-23,9.33,4.2
1992-07-24,9.32,4.25
1992-07-27,9.31,4.27
1992-07-28,9.34,4.27
1992-07-29,9.35,4.25
1992-07-30,9.42,4.33
1992-07-31,9.53,4.42
1992-08-03,9.53,4.4
1992-08-04,9.52,4.31
1992-08-05,9.55,4.29
1992-08-06,9.54,4.29
1992-08-07,9.48,4.18
1992-08-10,9.45,4.12
1992-08-11,9.45,4.15
1992-08-12,9.49,4.19
1992-08-13,9.5,4.19
1992-08-14,9.37,4.14
1992-08-17,9.38,4.13
1992-08-18,9.43,4.04
1992-08-19,9.45,4.06
1992-08-20,9.46,4.04
1992-08-21,9.55,4.13
1992-08-24,9.74,4.27
1992-08-25,9.92,4.32
1992-08-26,9.89,4.26
1992-08-27,9.92,4.23
1992-08-28,9.86,4.16
1992-08-31,9.86,4.15
1992-09-01,9.87,4.12
1992-09-02,9.68,4.1
1992-09-03,9.54,4.09
1992-09-04,9.49,3.89
1992-09-07,9.46,3.89
1992-09-08,9.61,3.83
1992-09-09,9.8,3.85
1992-09-10,9.75,3.83
1992-09-11,9.87,3.87
1992-09-14,9.44,3.8
1992-09-15,9.82,3.89
1992-09-16,10.19,3.87
1992-09-17,8.95,3.86
1992-09-18,8.8,3.86
1992-09-21,8.45,3.91
1992-09-22,8.15,3.98
1992-09-23,8.11,3.97
1992-09-24,8.11,3.91
1992-09-25,8.13,3.78
1992-09-28,8.07,3.77
1992-09-29,8.11,3.8
1992-09-30,8.12,3.8
1992-10-01,8.05,3.67
1992-10-02,8.11,3.71
1992-10-05,8.17,3.68
1992-10-06,8.08,3.74
1992-10-07,8.03,3.88
1992-10-08,7.95,3.83
1992-10-09,7.96,4.0
1992-10-12,7.88,4.0
1992-10-13,7.84,3.99
1992-10-14,7.82,4.02
1992-10-15,7.69,4.02
1992-10-16,7.19,4.04
1992-10-19,7.02,4.15
1992-10-20,6.82,4.34
1992-10-21,6.78,4.29
1992-10-22,6.7,4.24
1992-10-23,6.69,4.37
1992-10-26,6.68,4.39
1992-10-27,6.62,4.32
1992-10-28,6.55,4.33
1992-10-29,6.61,4.33
1992-10-30,6.73,4.4
1992-11-02,6.64,4.47
1992-11-03,6.57,4.44
1992-11-04,6.56,4.44
1992-11-05,6.44,4.39
1992-11-06,6.44,4.48
1992-11-09,6.35,4.57
1992-11-10,6.35,4.5
1992-11-11,6.36,4.5
1992-11-12,6.41,4.44
1992-11-13,6.58,4.54
1992-11-16,6.67,4.68
1992-11-17,6.62,4.67
1992-11-18,6.59,4.58
1992-11-19,6.59,4.59
1992-11-20,6.61,4.66
1992-11-23,6.63,4.69
1992-11-24,6.6,4.61
1992-11-25,6.63,4.7
1992-11-26,6.69,4.7
1992-11-27,6.74,4.77
1992-11-30,6.98,4.79
1992-12-01,6.96,4.81
1992-12-02,6.95,4.81
1992-12-03,6.83,4.78
1992-12-04,6.82,4.7
1992-12-07,6.98,4.62
1992-12-08,6.95,4.59
1992-12-09,6.93,4.61
1992-12-10,6.96,4.67
1992-12-11,6.88,4.78
1992-12-14,6.89,4.8
1992-12-15,6.92,4.77
1992-12-16,6.92,4.67
1992-12-17,6.88,4.69
1992-12-18,6.87,4.66
1992-12-21,6.9,4.64
1992-12-22,6.84,4.64
1992-12-23,6.79,4.63
1992-12-24,6.76,4.6
1992-12-25,6.76,4.6
1992-12-28,6.76,4.64
1992-12-29,6.78,4.61
1992-12-30,6.76,4.54
1992-12-31,6.77,4.56
1993-01-01,6.77,4.56
1993-01-04,6.79,4.48
1993-01-05,6.8,4.48
1993-01-06,6.78,4.52
1993-01-07,6.79,4.64
1993-01-08,6.78,4.5
1993-01-11,6.8,4.48
1993-01-12,6.77,4.48
1993-01-13,6.72,4.46
1993-01-14,6.68,4.4
1993-01-15,6.61,4.31
1993-01-18,6.6,4.31
1993-01-19,6.59,4.39
1993-01-20,6.5,4.41
1993-01-21,6.38,4.36
1993-01-22,6.36,4.3
1993-01-25,6.41,4.26
1993-01-26,6.03,4.3
1993-01-27,6.05,4.24
1993-01-28,6.06,4.2
1993-01-29,6.03,4.2
1993-02-01,5.83,4.19
1993-02-02,5.84,4.25
1993-02-03,5.8,4.27
1993-02-04,5.78,4.19
1993-02-05,5.77,4.07
1993-02-08,5.8,4.16
1993-02-09,5.84,4.2
1993-02-10,5.84,4.27
1993-02-11,5.87,4.2
1993-02-12,5.78,4.2
1993-02-15,5.83,4.2
1993-02-16,5.84,4.14
1993-02-17,5.87,4.06
1993-02-18,5.86,3.95
1993-02-19,5.79,3.99
1993-02-22,5.76,3.99
1993-02-23,5.74,3.9
1993-02-24,5.79,3.97
1993-02-25,5.77,3.95
1993-02-26,5.74,3.92
1993-03-01,5.72,3.88
1993-03-02,5.78,3.88
1993-03-03,5.76,3.81
1993-03-04,5.79,3.75
1993-03-05,5.72,3.91
1993-03-08,5.69,3.97
1993-03-09,5.74,4.02
1993-03-10,5.77,4.05
1993-03-11,5.73,4.01
1993-03-12,5.68,4.11
1993-03-15,5.7,4.1
1993-03-16,5.84,4.02
1993-03-17,5.81,3.98
1993-03-18,5.84,3.91
1993-03-19,5.94,3.95
1993-03-22,6.04,3.92
1993-03-23,6.06,3.88
1993-03-24,6.06,3.93
1993-03-25,6.06,3.92
1993-03-26,6.09,4.02
1993-03-29,6.04,3.95
1993-03-30,5.99,3.91
1993-03-31,6.01,3.96
1993-04-01,6.06,3.94
1993-04-02,6.03,3.99
1993-04-05,6.04,3.96
1993-04-06,6.03,3.93
1993-04-07,6.02,3.93
1993-04-08,5.97,3.85
1993-04-09,5.97,3.85
1993-04-12,5.97,3.82
1993-04-13,5.95,3.82
1993-04-14,6.05,3.78
1993-04-15,6.13,3.79
1993-04-16,6.32,3.8
1993-04-19,6.44,3.78
1993-04-20,6.39,3.78
1993-04-21,6.37,3.77
1993-04-22,6.48,3.75
1993-04-23,6.49,3.75
1993-04-26,6.54,3.79
1993-04-27,6.46,3.88
1993-04-28,6.49,3.86
1993-04-29,6.59,3.79
1993-04-30,6.52,3.83
1993-05-03,6.52,3.75
1993-05-04,6.44,3.75
1993-05-05,6.43,3.8
1993-05-06,6.46,3.8
1993-05-07,6.37,3.79
1993-05-10,6.32,3.79
1993-05-11,6.32,3.79
1993-05-12,6.29,3.82
1993-05-13,6.33,3.91
1993-05-14,6.37,3.97
1993-05-17,6.41,4.05
1993-05-18,6.42,4.08
1993-05-19,6.37,4.03
1993-05-20,6.38,4.03
1993-05-21,6.37,4.14
1993-05-24,6.34,4.19
1993-05-25,6.31,4.19
1993-05-26,6.28,4.2
1993-05-27,6.3,4.22
1993-05-28,6.34,4.24
1993-05-31,6.34,4.24
1993-06-01,6.22,4.16
1993-06-02,6.21,4.18
1993-06-03,6.22,4.14
1993-06-04,6.22,4.31
1993-06-07,6.23,4.3
1993-06-08,6.23,4.33
1993-06-09,6.22,4.29
1993-06-10,6.22,4.29
1993-06-11,6.21,4.15
1993-06-14,6.19,4.13
1993-06-15,6.2,4.11
1993-06-16,6.18,4.09
1993-06-17,6.21,4.08
1993-06-18,6.2,4.16
1993-06-21,6.13,4.16
1993-06-22,6.11,4.15
1993-06-23,6.11,4.2
1993-06-24,6.1,4.15
1993-06-25,6.13,4.1
1993-06-28,6.09,4.06
1993-06-29,6.09,4.03
1993-06-30,6.04,4.03
1993-07-01,5.98,3.99
1993-07-02,5.94,3.93
1993-07-05,5.91,3.93
1993-07-06,5.88,4.0
1993-07-07,5.9,4.0
1993-07-08,5.9,4.0
1993-07-09,5.89,3.98
1993-07-12,5.89,3.99
1993-07-13,5.95,4.04
1993-07-14,5.9,3.97
1993-07-15,5.87,3.99
1993-07-16,5.9,3.99
1993-07-19,5.96,3.99
1993-07-20,5.97,4.09
1993-07-21,6.09,4.15
1993-07-22,6.04,4.22
1993-07-23,6.02,4.25
1993-07-26,5.97,4.22
1993-07-27,5.97,4.25
1993-07-28,5.84,4.21
1993-07-29,5.8,4.12
1993-07-30,5.67,4.13
1993-08-02,5.67,4.19
1993-08-03,5.65,4.17
1993-08-04,5.69,4.16
1993-08-05,5.67,4.12
1993-08-06,5.63,4.09
1993-08-09,5.67,4.06
1993-08-10,5.65,4.1
1993-08-11,5.58,4.1
1993-08-12,5.6,4.06
1993-08-13,5.59,4.0
1993-08-16,5.59,3.98
1993-08-17,5.6,4.02
1993-08-18,5.64,3.98
1993-08-19,5.69,3.93
1993-08-20,5.69,3.93
1993-08-23,5.67,3.97
1993-08-24,5.64,3.89
1993-08-25,5.62,3.85
1993-08-26,5.67,3.82
1993-08-27,5.64,3.87
1993-08-30,5.64,3.86
1993-08-31,5.63,3.88
1993-09-01,5.63,3.88
1993-09-02,5.7,3.83
1993-09-03,5.69,3.71
1993-09-06,5.7,3.71
1993-09-07,5.69,3.7
1993-09-08,5.69,3.78
1993-09-09,5.73,3.88
1993-09-10,5.72,3.8
1993-09-13,5.71,3.82
1993-09-14,5.76,3.91
1993-09-15,5.86,3.89
1993-09-16,5.86,3.88
1993-09-17,5.84,3.89
1993-09-20,5.86,3.92
1993-09-21,5.87,3.9
1993-09-22,5.85,3.9
1993-09-23,5.81,3.87
1993-09-24,5.77,3.9
1993-09-27,5.73,3.81
1993-09-28,5.75,3.79
1993-09-29,5.75,3.84
1993-09-30,5.75,3.89
1993-10-01,5.76,3.84
1993-10-04,5.72,3.85
1993-10-05,5.7,3.86
1993-10-06,5.69,3.85
1993-10-07,5.71,3.83
1993-10-08,5.69,3.78
1993-10-11,5.68,3.78
1993-10-12,5.66,3.82
1993-10-13,5.62,3.84
1993-10-14,5.58,3.82
1993-10-15,5.55,3.81
1993-10-18,5.51,3.84
1993-10-19,5.5,3.86
1993-10-20,5.46,3.86
1993-10-21,5.42,3.89
1993-10-22,5.37,3.91
1993-10-25,5.44,3.95
1993-10-26,5.44,3.93
1993-10-27,5.49,3.99
1993-10-28,5.47,3.97
1993-10-29,5.45,3.99
1993-11-01,5.57,4.11
1993-11-02,5.54,4.16
1993-11-03,5.47,4.13
1993-11-04,5.45,4.13
1993-11-05,5.46,4.2
1993-11-08,5.43,4.13
1993-11-09,5.43,4.12
1993-11-10,5.45,4.17
1993-11-11,5.46,4.17
1993-11-12,5.44,4.11
1993-11-15,5.46,4.11
1993-11-16,5.47,4.1
1993-11-17,5.42,4.09
1993-11-18,5.42,4.15
1993-11-19,5.39,4.22
1993-11-22,5.43,4.26
1993-11-23,5.39,4.19
1993-11-24,5.38,4.18
1993-11-25,5.36,4.18
1993-11-26,5.34,4.16
1993-11-29,5.34,4.17
1993-11-30,5.33,4.22
1993-12-01,5.27,4.2
1993-12-02,5.2,4.22
1993-12-03,5.13,4.24
1993-12-06,5.07,4.19
1993-12-07,5.09,4.17
1993-12-08,5.04,4.18
1993-12-09,5.0,4.18
1993-12-10,5.02,4.21
1993-12-13,5.0,4.23
1993-12-14,5.01,4.25
1993-12-15,5.05,4.22
1993-12-16,5.07,4.23
1993-12-17,5.09,4.2
1993-12-20,5.11,4.22
1993-12-21,5.14,4.26
1993-12-22,5.15,4.19
1993-12-23,5.13,4.18
1993-12-24,5.1,4.18
1993-12-27,5.1,4.2
1993-12-28,5.1,4.2
1993-12-29,5.1,4.2
1993-12-30,5.1,4.25
1993-12-31,5.08,4.25
1994-01-03,5.08,4.3
1994-01-04,5.17,4.29
1994-01-05,5.21,4.31
1994-01-06,5.2,4.24
1994-01-07,5.17,4.09
1994-01-10,5.18,4.08
1994-01-11,5.27,4.08
1994-01-12,5.27,4.05
1994-01-13,5.29,4.13
1994-01-14,5.31,4.17
1994-01-17,5.29,4.17
1994-01-18,5.22,4.14
1994-01-19,5.12,4.12
1994-01-20,5.16,4.07
1994-01-21,5.18,4.09
1994-01-24,5.16,4.09
1994-01-25,5.16,4.11
1994-01-26,5.19,4.13
1994-01-27,5.2,4.11
1994-01-28,5.18,4.08
1994-01-31,5.18,4.12
1994-02-01,5.17,4.2
1994-02-02,5.19,4.2
1994-02-03,5.23,4.28
1994-02-04,5.24,4.42
1994-02-07,5.37,4.41
1994-02-08,5.26,4.44
1994-02-09,5.26,4.43
1994-02-10,5.3,4.45
1994-02-11,5.29,4.44
1994-02-14,5.32,4.44
1994-02-15,5.32,4.44
1994-02-16,5.29,4.44
1994-02-17,5.25,4.5
1994-02-18,5.26,4.57
1994-02-21,5.32,4.57
1994-02-22,5.41,4.57
1994-02-23,5.41,4.67
1994-02-24,5.59,4.72
1994-02-25,5.56,4.72
1994-02-28,5.47,4.67
1994-03-01,5.56,4.81
1994-03-02,5.57,4.79
1994-03-03,5.58,4.83
1994-03-04,5.55,4.88
1994-03-07,5.5,4.87
1994-03-08,5.51,4.92
1994-03-09,5.57,4.96
1994-03-10,5.53,4.96
1994-03-11,5.64,4.95
1994-03-14,5.61,4.99
1994-03-15,5.57,4.99
1994-03-16,5.7,4.96
1994-03-17,5.67,4.94
1994-03-18,5.7,5.03
1994-03-21,5.71,5.09
1994-03-22,5.65,5.03
1994-03-23,5.74,5.0
1994-03-24,5.99,5.08
1994-03-25,6.16,5.1
1994-03-28,6.17,5.12
1994-03-29,6.32,5.19
1994-03-30,6.34,5.19
1994-03-31,6.23,5.21
1994-04-01,6.23,5.21
1994-04-04,6.23,5.57
1994-04-05,6.31,5.45
1994-04-06,6.21,5.4
1994-04-07,6.21,5.37
1994-04-08,6.22,5.43
1994-04-11,6.19,5.43
1994-04-12,6.2,5.4
1994-04-13,6.21,5.43
1994-04-14,6.21,5.49
1994-04-15,6.17,5.51
1994-04-18,6.26,5.7
1994-04-19,6.28,5.7
1994-04-20,6.41,5.67
1994-04-21,6.49,5.59
1994-04-22,6.43,5.62
1994-04-25,6.52,5.61
1994-04-26,6.48,5.59
1994-04-27,6.47,5.59
1994-04-28,6.5,5.75
1994-04-29,6.46,5.73
1994-05-02,6.46,5.81
1994-05-03,6.58,5.86
1994-05-04,6.7,5.89
1994-05-05,6.66,5.88
1994-05-06,6.67,6.12
1994-05-09,6.76,6.26
1994-05-10,6.73,6.13
1994-05-11,6.66,6.2
1994-05-12,6.6,6.13
1994-05-13,6.51,6.05
1994-05-16,6.51,6.03
1994-05-17,6.5,5.88
1994-05-18,6.52,5.83
1994-05-19,6.41,5.73
1994-05-20,6.4,5.8
1994-05-23,6.44,5.94
1994-05-24,6.52,5.94
1994-05-25,6.58,5.95
1994-05-26,6.63,5.92
1994-05-27,6.7,5.97
1994-05-30,6.7,5.97
1994-05-31,6.8,6.01
1994-06-01,7.08,5.98
1994-06-02,7.0,5.93
1994-06-03,6.79,5.84
1994-06-06,6.79,5.78
1994-06-07,6.87,5.8
1994-06-08,6.8,5.78
1994-06-09,6.84,5.8
1994-06-10,6.83,5.85
1994-06-13,6.96,5.91
1994-06-14,6.97,5.81
1994-06-15,6.8,5.88
1994-06-16,6.94,5.83
1994-06-17,6.98,5.88
1994-06-20,7.06,5.92
1994-06-21,7.09,6.04
1994-06-22,7.0,5.97
1994-06-23,6.94,5.94
1994-06-24,7.03,6.06
1994-06-27,7.01,6.05
1994-06-28,7.0,6.13
1994-06-29,6.96,6.12
1994-06-30,7.04,6.19
1994-07-01,7.04,6.19
1994-07-04,7.02,6.19
1994-07-05,7.03,6.14
1994-07-06,7.0,6.11
1994-07-07,7.05,6.11
1994-07-08,7.04,6.25
1994-07-11,7.02,6.29
1994-07-12,6.92,6.24
1994-07-13,6.8,6.22
1994-07-14,6.73,6.05
1994-07-15,6.71,6.04
1994-07-18,6.72,5.99
1994-07-19,6.72,5.94
1994-07-20,6.77,6.06
1994-07-21,6.78,6.11
1994-07-22,6.82,6.15
1994-07-25,6.85,6.13
1994-07-26,6.86,6.16
1994-07-27,7.09,6.22
1994-07-28,7.17,6.21
1994-07-29,7.36,5.99
1994-08-01,7.34,6.03
1994-08-02,7.22,5.98
1994-08-03,7.18,5.96
1994-08-04,7.25,5.98
1994-08-05,7.28,6.18
1994-08-08,7.26,6.22
1994-08-09,7.26,6.26
1994-08-10,7.22,6.21
1994-08-11,7.39,6.26
1994-08-12,7.44,6.22
1994-08-15,7.48,6.26
1994-08-16,7.46,6.21
1994-08-17,7.42,6.14
1994-08-18,7.5,6.23
1994-08-19,7.5,6.23
1994-08-22,7.5,6.27
1994-08-23,7.52,6.26
1994-08-24,7.53,6.18
1994-08-25,7.49,6.24
1994-08-26,7.49,6.21
1994-08-29,7.49,6.2
1994-08-30,7.49,6.18
1994-08-31,7.46,6.17
1994-09-01,7.39,6.15
1994-09-02,7.45,6.17
1994-09-05,7.48,6.17
1994-09-06,7.54,6.22
1994-09-07,7.52,6.22
1994-09-08,7.39,6.22
1994-09-09,7.49,6.35
1994-09-12,7.62,6.37
1994-09-13,7.63,6.35
1994-09-14,7.77,6.33
1994-09-15,7.68,6.28
1994-09-16,7.85,6.42
1994-09-19,7.93,6.39
1994-09-20,8.01,6.44
1994-09-21,8.01,6.52
1994-09-22,7.94,6.5
1994-09-23,7.92,6.52
1994-09-26,7.94,6.54
1994-09-27,7.91,6.52
1994-09-28,7.86,6.51
1994-09-29,7.86,6.6
1994-09-30,7.88,6.62
1994-10-03,7.95,6.69
1994-10-04,7.94,6.68
1994-10-05,7.96,6.73
1994-10-06,7.85,6.71
1994-10-07,7.82,6.65
1994-10-10,7.74,6.65
1994-10-11,7.71,6.63
1994-10-12,7.6,6.67
1994-10-13,7.56,6.63
1994-10-14,7.61,6.57
1994-10-17,7.55,6.61
1994-10-18,7.6,6.61
1994-10-19,7.64,6.66
1994-10-20,7.66,6.77
1994-10-21,7.7,6.8
1994-10-24,7.74,6.84
1994-10-25,7.85,6.87
1994-10-26,7.89,6.9
1994-10-27,7.82,6.89
1994-10-28,7.72,6.82
1994-10-31,7.78,6.84
1994-11-01,7.74,6.93
1994-11-02,7.73,6.96
1994-11-03,7.7,6.98
1994-11-04,7.62,7.05
1994-11-07,7.69,7.06
1994-11-08,7.7,7.02
1994-11-09,7.66,7.01
1994-11-10,7.63,7.06
1994-11-11,7.67,7.06
1994-11-14,7.69,7.06
1994-11-15,7.62,7.1
1994-11-16,7.57,7.15
1994-11-17,7.56,7.21
1994-11-18,7.54,7.23
1994-11-21,7.56,7.3
1994-11-22,7.56,7.29
1994-11-23,7.49,7.18
1994-11-24,7.48,7.18
1994-11-25,7.55,7.19
1994-11-28,7.53,7.35
1994-11-29,7.61,7.44
1994-11-30,7.63,7.4
1994-12-01,7.67,7.42
1994-12-02,7.66,7.44
1994-12-05,7.73,7.58
1994-12-06,7.82,7.44
1994-12-07,7.78,7.48
1994-12-08,7.75,7.51
1994-12-09,7.71,7.53
1994-12-12,7.79,7.62
1994-12-13,7.83,7.71
1994-12-14,7.81,7.59
1994-12-15,7.78,7.54
1994-12-16,7.78,7.59
1994-12-19,7.77,7.59
1994-12-20,7.78,7.56
1994-12-21,7.76,7.58
1994-12-22,7.77,7.7
1994-12-23,7.78,7.74
1994-12-26,7.78,7.74
1994-12-27,7.78,7.67
1994-12-28,7.81,7.71
1994-12-29,8.0,7.69
1994-12-30,7.99,7.69
1995-01-02,7.99,7.69
1995-01-03,8.03,7.73
1995-01-04,8.02,7.62
1995-01-05,8.03,7.66
1995-01-06,8.0,7.64
1995-01-09,8.01,7.68
1995-01-10,8.02,7.63
1995-01-11,7.94,7.58
1995-01-12,7.92,7.56
1995-01-13,7.92,7.39
1995-01-16,7.89,7.39
1995-01-17,7.89,7.44
1995-01-18,7.96,7.48
1995-01-19,7.97,7.49
1995-01-20,7.96,7.5
1995-01-23,7.99,7.5
1995-01-24,7.99,7.57
1995-01-25,8.0,7.5
1995-01-26,7.97,7.39
1995-01-27,7.91,7.29
1995-01-30,7.89,7.23
1995-01-31,7.86,7.26
1995-02-01,7.84,7.33
1995-02-02,7.87,7.4
1995-02-03,7.85,7.14
1995-02-06,7.88,7.18
1995-02-07,7.8,7.19
1995-02-08,7.82,7.18
1995-02-09,7.82,7.23
1995-02-10,7.86,7.33
1995-02-13,8.03,7.32
1995-02-14,8.06,7.21
1995-02-15,7.91,7.12
1995-02-16,7.91,7.02
1995-02-17,7.93,7.07
1995-02-20,7.96,7.07
1995-02-21,7.98,7.09
1995-02-22,7.93,6.92
1995-02-23,7.81,6.92
1995-02-24,7.9,6.89
1995-02-27,7.89,6.79
1995-02-28,7.89,6.79
1995-03-01,7.87,6.81
1995-03-02,7.81,6.88
1995-03-03,7.82,6.89
1995-03-06,7.86,6.96
1995-03-07,8.04,7.0
1995-03-08,7.99,6.93
1995-03-09,7.96,6.83
1995-03-10,7.95,6.83
1995-03-13,7.95,6.76
1995-03-14,7.83,6.69
1995-03-15,7.79,6.71
1995-03-16,7.72,6.68
1995-03-17,7.78,6.69
1995-03-20,7.76,6.69
1995-03-21,7.71,6.71
1995-03-22,7.7,6.75
1995-03-23,7.7,6.75
1995-03-24,7.66,6.64
1995-03-27,7.67,6.62
1995-03-28,7.7,6.73
1995-03-29,7.75,6.73
1995-03-30,7.64,6.76
1995-03-31,7.73,6.8
1995-04-03,7.7,6.75
1995-04-04,7.67,6.71
1995-04-05,7.65,6.7
1995-04-06,7.68,6.66
1995-04-07,7.58,6.65
1995-04-10,7.62,6.66
1995-04-11,7.62,6.65
1995-04-12,7.56,6.61
1995-04-13,7.55,6.51
1995-04-14,7.55,6.51
1995-04-17,7.55,6.48
1995-04-18,7.54,6.44
1995-04-19,7.66,6.51
1995-04-20,7.64,6.43
1995-04-21,7.58,6.44
1995-04-24,7.63,6.46
1995-04-25,7.72,6.48
1995-04-26,7.69,6.5
1995-04-27,7.73,6.55
1995-04-28,7.77,6.6
1995-05-01,7.79,6.62
1995-05-02,7.77,6.55
1995-05-03,7.72,6.47
1995-05-04,7.67,6.35
1995-05-05,7.55,6.16
1995-05-08,7.55,6.18
1995-05-09,7.57,6.08
1995-05-10,7.47,6.11
1995-05-11,7.57,6.2
1995-05-12,7.57,6.2
1995-05-15,7.57,6.16
1995-05-16,7.5,6.11
1995-05-17,7.49,6.11
1995-05-18,7.37,6.18
1995-05-19,7.36,6.19
1995-05-22,7.34,6.19
1995-05-23,7.32,6.15
1995-05-24,7.12,6.01
1995-05-25,7.1,5.99
1995-05-26,7.21,5.97
1995-05-29,7.21,5.97
1995-05-30,7.16,5.89
1995-05-31,7.14,5.89
1995-06-01,7.01,5.71
1995-06-02,6.86,5.54
1995-06-05,6.8,5.54
1995-06-06,6.82,5.57
1995-06-07,6.92,5.74
1995-06-08,7.02,5.82
1995-06-09,7.23,6.01
1995-06-12,7.25,5.96
1995-06-13,7.07,5.63
1995-06-14,7.13,5.67
1995-06-15,7.2,5.73
1995-06-16,7.28,5.77
1995-06-19,7.21,5.65
1995-06-20,7.2,5.72
1995-06-21,7.19,5.68
1995-06-22,7.09,5.61
1995-06-23,7.19,5.64
1995-06-26,7.38,5.71
1995-06-27,7.51,5.7
1995-06-28,7.52,5.67
1995-06-29,7.53,5.89
1995-06-30,7.52,5.79
1995-07-03,7.49,5.79
1995-07-04,7.47,5.79
1995-07-05,7.34,5.78
1995-07-06,7.36,5.56
1995-07-07,7.18,5.54
1995-07-10,7.16,5.56
1995-07-11,7.16,5.59
1995-07-12,7.15,5.59
1995-07-13,7.17,5.61
1995-07-14,7.25,5.7
1995-07-17,7.22,5.77
1995-07-18,7.24,5.77
1995-07-19,7.24,5.89
1995-07-20,7.26,5.91
1995-07-21,7.24,5.95
1995-07-24,7.2,5.97
1995-07-25,7.15,5.94
1995-07-26,7.09,5.97
1995-07-27,7.12,5.91
1995-07-28,7.19,5.92
1995-07-31,7.2,5.88
1995-08-01,7.2,5.94
1995-08-02,7.13,5.86
1995-08-03,7.14,5.94
1995-08-04,7.12,5.91
1995-08-07,7.1,5.9
1995-08-08,7.06,5.9
1995-08-09,7.06,5.93
1995-08-10,7.01,5.95
1995-08-11,7.08,6.05
1995-08-14,7.21,6.05
1995-08-15,7.27,6.11
1995-08-16,7.17,6.07
1995-08-17,7.12,6.12
1995-08-18,7.07,6.13
1995-08-21,7.01,6.08
1995-08-22,7.01,6.1
1995-08-23,7.02,6.11
1995-08-24,6.99,6.0
1995-08-25,6.97,5.9
1995-08-28,6.97,5.85
1995-08-29,6.91,5.93
1995-08-30,6.89,5.88
1995-08-31,6.91,5.85
1995-09-01,6.8,5.78
1995-09-04,6.76,5.78
1995-09-05,6.79,5.77
1995-09-06,6.77,5.76
1995-09-07,6.76,5.8
1995-09-08,6.73,5.85
1995-09-11,6.73,5.83
1995-09-12,6.66,5.77
1995-09-13,6.62,5.8
1995-09-14,6.57,5.68
1995-09-15,6.62,5.71
1995-09-18,6.71,5.77
1995-09-19,6.71,5.75
1995-09-20,6.7,5.73
1995-09-21,6.73,5.83
1995-09-22,6.86,5.85
1995-09-25,6.89,5.89
1995-09-26,6.85,5.88
1995-09-27,6.95,5.92
1995-09-28,6.91,5.92
1995-09-29,6.82,5.83
1995-10-02,6.73,5.82
1995-10-03,6.69,5.8
1995-10-04,6.69,5.75
1995-10-05,6.7,5.72
1995-10-06,6.72,5.73
1995-10-09,6.84,5.73
1995-10-10,6.84,5.74
1995-10-11,6.9,5.75
1995-10-12,6.96,5.72
1995-10-13,6.91,5.67
1995-10-16,6.92,5.67
1995-10-17,6.93,5.65
1995-10-18,6.82,5.67
1995-10-19,6.81,5.67
1995-10-20,6.87,5.72
1995-10-23,6.91,5.76
1995-10-24,6.91,5.68
1995-10-25,6.8,5.64
1995-10-26,6.78,5.61
1995-10-27,6.79,5.64
1995-10-30,6.78,5.62
1995-10-31,6.73,5.61
1995-11-01,6.72,5.52
1995-11-02,6.69,5.46
1995-11-03,6.68,5.49
1995-11-06,6.63,5.51
1995-11-07,6.63,5.54
1995-11-08,6.56,5.47
1995-11-09,6.57,5.49
1995-11-10,6.65,5.52
1995-11-13,6.59,5.49
1995-11-14,6.59,5.47
1995-11-15,6.56,5.53
1995-11-16,6.45,5.46
1995-11-17,6.49,5.46
1995-11-20,6.52,5.46
1995-11-21,6.51,5.49
1995-11-22,6.45,5.51
1995-11-23,6.41,5.51
1995-11-24,6.4,5.49
1995-11-27,6.33,5.46
1995-11-28,6.39,5.45
1995-11-29,6.28,5.42
1995-11-30,6.26,5.36
1995-12-01,6.21,5.32
1995-12-04,6.23,5.27
1995-12-05,6.22,5.29
1995-12-06,6.18,5.32
1995-12-07,6.21,5.39
1995-12-08,6.25,5.39
1995-12-11,6.25,5.38
1995-12-12,6.25,5.39
1995-12-13,6.2,5.39
1995-12-14,6.16,5.38
1995-12-15,6.13,5.36
1995-12-18,6.18,5.43
1995-12-19,6.22,5.36
1995-12-20,6.2,5.33
1995-12-21,6.24,5.33
1995-12-22,6.23,5.28
1995-12-25,6.23,5.28
1995-12-26,6.23,5.27
1995-12-27,6.19,5.23
1995-12-28,6.2,5.2
1995-12-29,6.18,5.18
1996-01-01,6.18,5.18
1996-01-02,6.3,5.18
1996-01-03,6.36,5.17
1996-01-04,6.29,5.17
1996-01-05,6.33,5.2
1996-01-08,6.37,5.2
1996-01-09,6.36,5.18
1996-01-10,6.36,5.22
1996-01-11,6.32,5.22
1996-01-12,6.26,5.17
1996-01-15,6.23,5.17
1996-01-16,6.15,5.08
1996-01-17,6.16,5.05
1996-01-18,5.98,5.01
1996-01-19,6.01,5.03
1996-01-22,6.06,5.08
1996-01-23,6.1,5.09
1996-01-24,6.07,5.07
1996-01-25,6.1,5.11
1996-01-26,6.12,5.08
1996-01-29,6.16,5.1
1996-01-30,6.13,5.02
1996-01-31,6.15,4.93
1996-02-01,6.14,4.93
1996-02-02,6.18,4.9
1996-02-05,6.28,4.95
1996-02-06,6.22,4.93
1996-02-07,6.18,4.92
1996-02-08,6.16,4.9
1996-02-09,6.17,4.85
1996-02-12,6.17,4.83
1996-02-13,6.16,4.8
1996-02-14,6.22,4.82
1996-02-15,6.18,4.87
1996-02-16,6.16,4.9
1996-02-19,6.32,4.9
1996-02-20,6.49,5.18
1996-02-21,6.42,5.16
1996-02-22,6.42,5.11
1996-02-23,6.42,5.13
1996-02-26,6.5,5.18
1996-02-27,6.47,5.28
1996-02-28,6.46,5.43
1996-02-29,6.49,5.44
1996-03-01,6.36,5.26
1996-03-04,6.24,5.21
1996-03-05,6.27,5.28
1996-03-06,6.29,5.36
1996-03-07,6.35,5.4
1996-03-08,6.56,5.73
1996-03-11,6.74,5.71
1996-03-12,6.76,5.78
1996-03-13,6.66,5.73
1996-03-14,6.6,5.7
1996-03-15,6.67,5.87
1996-03-18,6.69,5.89
1996-03-19,6.7,5.85
1996-03-20,6.68,5.76
1996-03-21,6.63,5.72
1996-03-22,6.69,5.74
1996-03-25,6.66,5.69
1996-03-26,6.71,5.72
1996-03-27,6.71,5.81
1996-03-28,6.78,5.88
1996-03-29,6.75,5.79
1996-04-01,6.7,5.79
1996-04-02,6.68,5.74
1996-04-03,6.7,5.77
1996-04-04,6.7,5.83
1996-04-05,6.7,6.09
1996-04-08,6.7,6.11
1996-04-09,6.78,6.06
1996-04-10,6.76,6.1
1996-04-11,6.82,6.12
1996-04-12,6.77,5.96
1996-04-15,6.74,5.93
1996-04-16,6.69,5.91
1996-04-17,6.83,5.96
1996-04-18,6.77,6.02
1996-04-19,6.74,5.95
1996-04-22,6.73,5.92
1996-04-23,6.73,5.93
1996-04-24,6.7,5.95
1996-04-25,6.6,5.99
1996-04-26,6.61,5.92
1996-04-29,6.62,5.98
1996-04-30,6.64,6.03
1996-05-01,6.65,6.03
1996-05-02,6.73,6.16
1996-05-03,6.75,6.2
1996-05-06,6.75,6.15
1996-05-07,6.74,6.2
1996-05-08,6.71,6.15
1996-05-09,6.7,6.14
1996-05-10,6.66,6.04
1996-05-13,6.64,6.06
1996-05-14,6.63,6.01
1996-05-15,6.67,6.01
1996-05-16,6.68,6.08
1996-05-17,6.62,6.04
1996-05-20,6.63,6.02
1996-05-21,6.66,6.03
1996-05-22,6.66,6.03
1996-05-23,6.61,6.05
1996-05-24,6.61,6.03
1996-05-27,6.61,6.03
1996-05-28,6.62,6.05
1996-05-29,6.62,6.16
1996-05-30,6.7,6.18
1996-05-31,6.69,6.27
1996-06-03,6.67,6.26
1996-06-04,6.61,6.24
1996-06-05,6.64,6.24
1996-06-06,6.49,6.16
1996-06-07,6.55,6.4
1996-06-10,6.49,6.4
1996-06-11,6.46,6.37
1996-06-12,6.48,6.39
1996-06-13,6.47,6.36
1996-06-14,6.52,6.29
1996-06-17,6.53,6.27
1996-06-18,6.52,6.28
1996-06-19,6.49,6.31
1996-06-20,6.49,6.38
1996-06-21,6.44,6.35
1996-06-24,6.42,6.32
1996-06-25,6.42,6.3
1996-06-26,6.4,6.3
1996-06-27,6.45,6.21
1996-06-28,6.38,6.11
1996-07-01,6.39,6.15
1996-07-02,6.36,6.22
1996-07-03,6.36,6.2
1996-07-04,6.32,6.2
1996-07-05,6.38,6.44
1996-07-08,6.37,6.43
1996-07-09,6.32,6.41
1996-07-10,6.28,6.34
1996-07-11,6.28,6.28
1996-07-12,6.31,6.26
1996-07-15,6.32,6.32
1996-07-16,6.33,6.23
1996-07-17,6.33,6.23
1996-07-18,6.32,6.16
1996-07-19,6.33,6.18
1996-07-22,6.34,6.23
1996-07-23,6.38,6.23
1996-07-24,6.34,6.26
1996-07-25,6.35,6.28
1996-07-26,6.32,6.25
1996-07-29,6.32,6.32
1996-07-30,6.34,6.3
1996-07-31,6.35,6.22
1996-08-01,6.33,6.08
1996-08-02,6.28,5.91
1996-08-05,6.23,5.93
1996-08-06,6.23,5.93
1996-08-07,6.25,5.97
1996-08-08,6.31,5.97
1996-08-09,6.34,5.93
1996-08-12,6.34,5.92
1996-08-13,6.32,5.97
1996-08-14,6.37,5.97
1996-08-15,6.36,6.0
1996-08-16,6.31,5.95
1996-08-19,6.31,5.97
1996-08-20,6.3,5.97
1996-08-21,6.3,5.99
1996-08-22,6.22,6.0
1996-08-23,6.24,6.09
1996-08-26,6.24,6.18
1996-08-27,6.25,6.17
1996-08-28,6.26,6.17
1996-08-29,6.24,6.23
1996-08-30,6.27,6.34
1996-09-02,6.26,6.34
1996-09-03,6.28,6.35
1996-09-04,6.3,6.38
1996-09-05,6.35,6.38
1996-09-06,6.36,6.33
1996-09-09,6.33,6.32
1996-09-10,6.32,6.34
1996-09-11,6.33,6.34
1996-09-12,6.3,6.27
1996-09-13,6.23,6.1
1996-09-16,6.24,6.14
1996-09-17,6.27,6.22
1996-09-18,6.35,6.26
1996-09-19,6.37,6.29
1996-09-20,6.39,6.26
1996-09-23,6.46,6.24
1996-09-24,6.46,6.16
1996-09-25,6.39,6.08
1996-09-26,6.34,6.05
1996-09-27,6.31,6.07
1996-09-30,6.33,6.1
1996-10-01,6.31,6.03
1996-10-02,6.22,5.98
1996-10-03,6.22,6.0
1996-10-04,6.17,5.85
1996-10-07,6.19,5.89
1996-10-08,6.17,5.9
1996-10-09,6.15,5.96
1996-10-10,6.28,6.01
1996-10-11,6.28,5.92
1996-10-14,6.28,5.92
1996-10-15,6.23,5.93
1996-10-16,6.37,5.94
1996-10-17,6.38,5.89
1996-10-18,6.48,5.89
1996-10-21,6.49,5.91
1996-10-22,6.4,5.95
1996-10-23,6.42,5.94
1996-10-24,6.48,5.94
1996-10-25,6.4,5.9
1996-10-28,6.46,5.92
1996-10-29,6.46,5.77
1996-10-30,6.64,5.79
1996-10-31,6.64,5.77
1996-11-01,6.71,5.79
1996-11-04,6.75,5.78
1996-11-05,6.66,5.74
1996-11-06,6.73,5.76
1996-11-07,6.79,5.75
1996-11-08,6.81,5.76
1996-11-11,6.76,5.76
1996-11-12,6.77,5.73
1996-11-13,6.9,5.71
1996-11-14,6.88,5.66
1996-11-15,6.87,5.68
1996-11-18,6.83,5.7
1996-11-19,6.81,5.68
1996-11-20,6.84,5.65
1996-11-21,6.81,5.67
1996-11-22,6.77,5.69
1996-11-25,6.72,5.67
1996-11-26,6.69,5.66
1996-11-27,6.73,5.66
1996-11-28,6.72,5.66
1996-11-29,6.67,5.59
1996-12-02,6.69,5.61
1996-12-03,6.7,5.61
1996-12-04,6.78,5.64
1996-12-05,6.76,5.71
1996-12-06,6.76,5.73
1996-12-09,6.7,5.7
1996-12-10,6.68,5.71
1996-12-11,6.74,5.82
1996-12-12,6.77,5.84
1996-12-13,6.71,5.77
1996-12-16,6.7,5.82
1996-12-17,6.73,5.87
1996-12-18,6.83,5.89
1996-12-19,6.84,5.83
1996-12-20,6.83,5.83
1996-12-23,6.78,5.85
1996-12-24,6.77,5.85
1996-12-25,6.77,5.85
1996-12-26,6.77,5.85
1996-12-27,6.79,5.81
1996-12-30,6.8,5.8
1996-12-31,6.8,5.88
1997-01-01,6.8,5.88
1997-01-02,6.86,5.97
1997-01-03,6.85,5.95
1997-01-06,6.89,5.97
1997-01-07,6.89,5.98
1997-01-08,6.85,6.01
1997-01-09,6.79,5.94
1997-01-10,6.76,6.06
1997-01-13,6.71,6.07
1997-01-14,6.71,5.98
1997-01-15,6.73,5.98
1997-01-16,6.61,6.0
1997-01-17,6.58,6.0
1997-01-20,6.61,6.0
1997-01-21,6.63,5.99
1997-01-22,6.53,6.0
1997-01-23,6.57,6.06
1997-01-24,6.63,6.07
1997-01-27,6.64,6.11
1997-01-28,6.61,6.04
1997-01-29,6.64,6.04
1997-01-30,6.64,6.01
1997-01-31,6.6,5.94
1997-02-03,6.56,5.89
1997-02-04,6.55,5.88
1997-02-05,6.58,5.91
1997-02-06,6.55,5.91
1997-02-07,6.45,5.86
1997-02-10,6.49,5.87
1997-02-11,6.48,5.88
1997-02-12,6.45,5.9
1997-02-13,6.46,5.83
1997-02-14,6.46,5.79
1997-02-17,6.47,5.79
1997-02-18,6.39,5.8
1997-02-19,6.41,5.82
1997-02-20,6.38,5.85
1997-02-21,6.4,5.85
1997-02-24,6.41,5.89
1997-02-25,6.4,5.9
1997-02-26,6.44,6.06
1997-02-27,6.44,6.09
1997-02-28,6.55,6.09
1997-03-03,6.54,6.11
1997-03-04,6.5,6.11
1997-03-05,6.52,6.13
1997-03-06,6.5,6.15
1997-03-07,6.46,6.1
1997-03-10,6.44,6.1
1997-03-11,6.44,6.09
1997-03-12,6.48,6.12
1997-03-13,6.52,6.21
1997-03-14,6.52,6.18
1997-03-17,6.59,6.22
1997-03-18,6.63,6.22
1997-03-19,6.84,6.24
1997-03-20,6.89,6.27
1997-03-21,6.87,6.29
1997-03-24,6.88,6.29
1997-03-25,6.86,6.33
1997-03-26,6.88,6.38
1997-03-27,6.91,6.45
1997-03-28,6.91,6.45
1997-03-31,6.91,6.45
1997-04-01,6.96,6.42
1997-04-02,6.92,6.42
1997-04-03,6.93,6.4
1997-04-04,6.92,6.44
1997-04-07,6.91,6.41
1997-04-08,6.87,6.44
1997-04-09,6.83,6.44
1997-04-10,6.82,6.46
1997-04-11,6.87,6.53
1997-04-14,6.84,6.54
1997-04-15,6.78,6.45
1997-04-16,6.8,6.49
1997-04-17,6.76,6.44
1997-04-18,6.81,6.42
1997-04-21,6.85,6.46
1997-04-22,6.86,6.43
1997-04-23,6.87,6.47
1997-04-24,6.9,6.52
1997-04-25,6.92,6.54
1997-04-28,6.91,6.51
1997-04-29,6.84,6.34
1997-04-30,6.76,6.29
1997-05-01,6.76,6.27
1997-05-02,6.76,6.26
1997-05-05,6.76,6.28
1997-05-06,6.67,6.29
1997-05-07,6.71,6.36
1997-05-08,6.7,6.33
1997-05-09,6.67,6.24
1997-05-12,6.62,6.23
1997-05-13,6.66,6.3
1997-05-14,6.64,6.26
1997-05-15,6.64,6.25
1997-05-16,6.67,6.28
1997-05-19,6.7,6.28
1997-05-20,6.71,6.25
1997-05-21,6.75,6.25
1997-05-22,6.81,6.27
1997-05-23,6.76,6.25
1997-05-26,6.76,6.25
1997-05-27,6.78,6.3
1997-05-28,6.82,6.34
1997-05-29,6.82,6.3
1997-05-30,6.8,6.22
1997-06-02,6.8,6.23
1997-06-03,6.75,6.2
1997-06-04,6.77,6.2
1997-06-05,6.77,6.2
1997-06-06,6.76,6.12
1997-06-09,6.83,6.15
1997-06-10,6.83,6.17
1997-06-11,6.82,6.19
1997-06-12,6.75,6.07
1997-06-13,6.73,6.03
1997-06-16,6.73,6.02
1997-06-17,6.74,6.05
1997-06-18,6.85,6.02
1997-06-19,6.88,6.04
1997-06-20,6.88,6.02
1997-06-23,6.96,6.04
1997-06-24,6.95,6.03
1997-06-25,6.9,6.05
1997-06-26,6.9,6.05
1997-06-27,6.88,6.03
1997-06-30,6.92,6.08
1997-07-01,6.87,6.02
1997-07-02,6.86,6.02
1997-07-03,7.01,5.93
1997-07-04,7.0,5.93
1997-07-07,7.0,5.92
1997-07-08,7.06,5.92
1997-07-09,7.11,5.9
1997-07-10,7.08,5.91
1997-07-11,7.0,5.89
1997-07-14,7.04,5.94
1997-07-15,7.03,5.92
1997-07-16,7.0,5.87
1997-07-17,7.01,5.87
1997-07-18,7.05,5.91
1997-07-21,7.05,5.94
1997-07-22,7.02,5.9
1997-07-23,6.98,5.85
1997-07-24,6.95,5.87
1997-07-25,6.92,5.87
1997-07-28,6.95,5.86
1997-07-29,6.95,5.79
1997-07-30,6.92,5.76
1997-07-31,6.95,5.74
1997-08-01,6.98,5.89
1997-08-04,7.03,5.91
1997-08-05,7.04,5.93
1997-08-06,6.98,5.91
1997-08-07,6.87,5.93
1997-08-08,6.94,6.02
1997-08-11,6.95,5.99
1997-08-12,6.95,6.0
1997-08-13,6.97,5.95
1997-08-14,6.94,5.92
1997-08-15,6.96,5.87
1997-08-18,6.95,5.82
1997-08-19,6.96,5.85
1997-08-20,6.95,5.88
1997-08-21,6.96,5.95
1997-08-22,7.02,5.98
1997-08-25,7.02,6.01
1997-08-26,7.01,5.99
1997-08-27,7.02,6.01
1997-08-28,7.01,5.94
1997-08-29,7.01,5.97
1997-09-01,6.97,5.97
1997-09-02,6.94,5.94
1997-09-03,6.91,5.96
1997-09-04,6.91,5.98
1997-09-05,6.9,5.98
1997-09-08,6.85,5.98
1997-09-09,6.88,5.98
1997-09-10,6.89,6.0
1997-09-11,6.88,6.0
1997-09-12,6.85,5.93
1997-09-15,6.82,5.93
1997-09-16,6.68,5.81
1997-09-17,6.73,5.79
1997-09-18,6.75,5.81
1997-09-19,6.79,5.81
1997-09-22,6.78,5.79
1997-09-23,6.81,5.8
1997-09-24,6.8,5.78
1997-09-25,6.79,5.85
1997-09-26,6.72,5.8
1997-09-29,6.8,5.8
1997-09-30,6.82,5.8
1997-10-01,6.79,5.75
1997-10-02,6.8,5.73
1997-10-03,6.72,5.72
1997-10-06,6.8,5.68
1997-10-07,6.82,5.67
1997-10-08,6.88,5.79
1997-10-09,6.92,5.8
1997-10-10,6.94,5.86
1997-10-13,6.88,5.86
1997-10-14,6.83,5.81
1997-10-15,6.78,5.84
1997-10-16,6.78,5.84
1997-10-17,6.78,5.91
1997-10-20,6.85,5.9
1997-10-21,6.85,5.92
1997-10-22,6.85,5.91
1997-10-23,6.82,5.79
1997-10-24,6.82,5.79
1997-10-27,6.84,5.62
1997-10-28,6.8,5.74
1997-10-29,6.83,5.67
1997-10-30,6.79,5.61
1997-10-31,6.77,5.63
1997-11-03,6.82,5.69
1997-11-04,6.83,5.73
1997-11-05,6.86,5.73
1997-11-06,6.98,5.7
1997-11-07,6.95,5.71
1997-11-10,7.0,5.73
1997-11-11,7.13,5.73
1997-11-12,7.14,5.7
1997-11-13,7.12,5.7
1997-11-14,7.04,5.7
1997-11-17,7.03,5.7
1997-11-18,7.06,5.71
1997-11-19,7.04,5.7
1997-11-20,6.98,5.73
1997-11-21,6.97,5.68
1997-11-24,6.92,5.71
1997-11-25,6.9,5.71
1997-11-26,6.99,5.74
1997-11-27,7.02,5.74
1997-11-28,7.0,5.76
1997-12-01,6.99,5.78
1997-12-02,7.0,5.78
1997-12-03,7.01,5.74
1997-12-04,6.93,5.71
1997-12-05,6.96,5.8
1997-12-08,6.94,5.85
1997-12-09,6.87,5.81
1997-12-10,6.87,5.75
1997-12-11,6.81,5.68
1997-12-12,6.76,5.63
1997-12-15,6.76,5.68
1997-12-16,6.72,5.68
1997-12-17,6.75,5.7
1997-12-18,6.74,5.68
1997-12-19,6.68,5.66
1997-12-22,6.68,5.69
1997-12-23,6.64,5.69
1997-12-24,6.61,5.67
1997-12-25,6.61,5.67
1997-12-26,6.61,5.69
1997-12-29,6.64,5.69
1997-12-30,6.73,5.71
1997-12-31,6.7,5.66
1998-01-01,6.7,5.66
1998-01-02,6.68,5.59
1998-01-05,6.55,5.47
1998-01-06,6.53,5.39
1998-01-07,6.54,5.42
1998-01-08,6.51,5.31
1998-01-09,6.47,5.17
1998-01-12,6.36,5.2
1998-01-13,6.43,5.25
1998-01-14,6.57,5.29
1998-01-15,6.6,5.29
1998-01-16,6.63,5.35
1998-01-19,6.66,5.35
1998-01-20,6.64,5.37
1998-01-21,6.62,5.33
1998-01-22,6.54,5.3
1998-01-23,6.49,5.42
1998-01-26,6.53,5.39
1998-01-27,6.5,5.46
1998-01-28,6.53,5.46
1998-01-29,6.47,5.36
1998-01-30,6.44,5.32
1998-02-02,6.49,5.36
1998-02-03,6.48,5.34
1998-02-04,6.5,5.32
1998-02-05,6.45,5.36
1998-02-06,6.44,5.38
1998-02-09,6.42,5.41
1998-02-10,6.38,5.41
1998-02-11,6.4,5.39
1998-02-12,6.44,5.39
1998-02-13,6.43,5.36
1998-02-16,6.44,5.36
1998-02-17,6.49,5.34
1998-02-18,6.53,5.37
1998-02-19,6.48,5.39
1998-02-20,6.47,5.41
1998-02-23,6.48,5.46
1998-02-24,6.52,5.57
1998-02-25,6.54,5.55
1998-02-26,6.55,5.58
1998-02-27,6.63,5.55
1998-03-02,6.58,5.6
1998-03-03,6.61,5.64
1998-03-04,6.63,5.63
1998-03-05,6.52,5.62
1998-03-06,6.52,5.58
1998-03-09,6.43,5.57
1998-03-10,6.46,5.55
1998-03-11,6.47,5.53
1998-03-12,6.5,5.5
1998-03-13,6.55,5.5
1998-03-16,6.5,5.47
1998-03-17,6.51,5.5
1998-03-18,6.51,5.52
1998-03-19,6.55,5.52
1998-03-20,6.52,5.52
1998-03-23,6.5,5.52
1998-03-24,6.48,5.5
1998-03-25,6.53,5.58
1998-03-26,6.55,5.62
1998-03-27,6.57,5.63
1998-03-30,6.58,5.65
1998-03-31,6.5,5.6
1998-04-01,6.5,5.55
1998-04-02,6.44,5.52
1998-04-03,6.42,5.42
1998-04-06,6.38,5.45
1998-04-07,6.39,5.45
1998-04-08,6.39,5.49
1998-04-09,6.38,5.5
1998-04-10,6.38,5.5
1998-04-13,6.38,5.59
1998-04-14,6.38,5.57
1998-04-15,6.39,5.55
1998-04-16,6.43,5.53
1998-04-17,6.45,5.54
1998-04-20,6.45,5.57
1998-04-21,6.44,5.6
1998-04-22,6.45,5.6
1998-04-23,6.39,5.61
1998-04-24,6.34,5.61
1998-04-27,6.4,5.71
1998-04-28,6.35,5.69
1998-04-29,6.35,5.71
1998-04-30,6.34,5.59
1998-05-01,6.28,5.59
1998-05-04,6.28,5.59
1998-05-05,6.36,5.61
1998-05-06,6.36,5.56
1998-05-07,6.4,5.56
1998-05-08,6.38,5.61
1998-05-11,6.39,5.66
1998-05-12,6.39,5.59
1998-05-13,6.41,5.59
1998-05-14,6.47,5.63
1998-05-15,6.5,5.63
1998-05-18,6.49,5.59
1998-05-19,6.51,5.59
1998-05-20,6.51,5.57
1998-05-21,6.44,5.63
1998-05-22,6.43,5.63
1998-05-25,6.43,5.63
1998-05-26,6.4,5.61
1998-05-27,6.4,5.53
1998-05-28,6.39,5.57
1998-05-29,6.34,5.53
1998-06-01,6.33,5.52
1998-06-02,6.35,5.53
1998-06-03,6.36,5.55
1998-06-04,6.56,5.58
1998-06-05,6.58,5.58
1998-06-08,6.6,5.58
1998-06-09,6.64,5.6
1998-06-10,6.61,5.55
1998-06-11,6.55,5.45
1998-06-12,6.58,5.43
1998-06-15,6.59,5.43
1998-06-16,6.82,5.5
1998-06-17,6.96,5.55
1998-06-18,6.97,5.53
1998-06-19,6.97,5.52
1998-06-22,6.91,5.52
1998-06-23,6.89,5.49
1998-06-24,6.83,5.49
1998-06-25,6.84,5.53
1998-06-26,6.87,5.51
1998-06-29,6.9,5.51
1998-06-30,6.88,5.49
1998-07-01,6.87,5.46
1998-07-02,6.87,5.44
1998-07-03,6.89,5.44
1998-07-06,6.85,5.43
1998-07-07,6.89,5.44
1998-07-08,6.91,5.44
1998-07-09,6.77,5.43
1998-07-10,6.79,5.41
1998-07-13,6.81,5.44
1998-07-14,6.75,5.46
1998-07-15,6.84,5.46
1998-07-16,6.82,5.46
1998-07-17,6.78,5.46
1998-07-20,6.82,5.46
1998-07-21,6.83,5.46
1998-07-22,6.89,5.48
1998-07-23,6.9,5.46
1998-07-24,6.92,5.48
1998-07-27,6.89,5.48
1998-07-28,6.75,5.46
1998-07-29,6.74,5.49
1998-07-30,6.78,5.49
1998-07-31,6.75,5.49
1998-08-03,6.69,5.46
1998-08-04,6.69,5.43
1998-08-05,6.67,5.39
1998-08-06,6.59,5.39
1998-08-07,6.56,5.34
1998-08-10,6.54,5.34
1998-08-11,6.52,5.31
1998-08-12,6.47,5.32
1998-08-13,6.55,5.37
1998-08-14,6.55,5.34
1998-08-17,6.54,5.34
1998-08-18,6.56,5.36
1998-08-19,6.6,5.34
1998-08-20,6.57,5.32
1998-08-21,6.49,5.25
1998-08-24,6.48,5.22
1998-08-25,6.42,5.18
1998-08-26,6.42,5.12
1998-08-27,6.32,4.98
1998-08-28,6.16,4.93
1998-08-31,6.16,4.91
1998-09-01,6.19,4.86
1998-09-02,6.24,4.96
1998-09-03,6.21,4.91
1998-09-04,6.2,4.91
1998-09-07,6.14,4.91
1998-09-08,6.21,4.91
1998-09-09,6.1,4.79
1998-09-10,5.96,4.57
1998-09-11,5.95,4.68
1998-09-14,5.97,4.72
1998-09-15,5.91,4.73
1998-09-16,5.94,4.75
1998-09-17,5.86,4.7
1998-09-18,5.86,4.61
1998-09-21,5.76,4.63
1998-09-22,5.82,4.66
1998-09-23,5.83,4.52
1998-09-24,5.8,4.43
1998-09-25,5.73,4.43
1998-09-28,5.69,4.45
1998-09-29,5.71,4.47
1998-09-30,5.65,4.3
1998-10-01,5.46,4.17
1998-10-02,5.36,4.17
1998-10-05,5.31,4.04
1998-10-06,5.41,4.1
1998-10-07,5.46,4.12
1998-10-08,5.35,4.1
1998-10-09,5.44,4.19
1998-10-12,5.52,4.19
1998-10-13,5.48,4.13
1998-10-14,5.47,4.08
1998-10-15,5.45,4.13
1998-10-16,5.29,3.86
1998-10-19,5.25,3.9
1998-10-20,5.35,3.98
1998-10-21,5.33,4.12
1998-10-22,5.38,4.16
1998-10-23,5.46,4.2
1998-10-26,5.47,4.23
1998-10-27,5.41,4.12
1998-10-28,5.4,4.01
1998-10-29,5.34,4.0
1998-10-30,5.34,4.12
1998-11-02,5.38,4.26
1998-11-03,5.29,4.25
1998-11-04,5.33,4.43
1998-11-05,5.32,4.47
1998-11-06,5.44,4.59
1998-11-09,5.44,4.57
1998-11-10,5.36,4.5
1998-11-11,5.49,4.5
1998-11-12,5.47,4.47
1998-11-13,5.46,4.54
1998-11-16,5.46,4.56
1998-11-17,5.43,4.58
1998-11-18,5.34,4.63
1998-11-19,5.35,4.66
1998-11-20,5.37,4.66
1998-11-23,5.34,4.63
1998-11-24,5.36,4.64
1998-11-25,5.34,4.66
1998-11-26,5.27,4.66
1998-11-27,5.28,4.62
1998-11-30,5.25,4.54
1998-12-01,5.2,4.44
1998-12-02,5.17,4.36
1998-12-03,5.06,4.36
1998-12-04,5.02,4.46
1998-12-07,5.03,4.54
1998-12-08,5.02,4.46
1998-12-09,5.0,4.42
1998-12-10,4.96,4.39
1998-12-11,4.92,4.46
1998-12-14,4.86,4.42
1998-12-15,4.87,4.47
1998-12-16,4.9,4.4
1998-12-17,4.95,4.42
1998-12-18,4.97,4.45
1998-12-21,5.0,4.56
1998-12-22,4.98,4.59
1998-12-23,4.89,4.73
1998-12-24,4.89,4.78
1998-12-25,4.89,4.78
1998-12-28,4.89,4.73
1998-12-29,4.88,4.6
1998-12-30,4.85,4.56
1998-12-31,4.82,4.54
1999-01-01,4.82,4.54
1999-01-04,4.84,4.58
1999-01-05,4.84,4.64
1999-01-06,4.83,4.62
1999-01-07,4.72,4.63
1999-01-08,4.68,4.71
1999-01-11,4.67,4.74
1999-01-12,4.7,4.68
1999-01-13,4.65,4.61
1999-01-14,4.65,4.47
1999-01-15,4.63,4.56
1999-01-18,4.64,4.56
1999-01-19,4.69,4.62
1999-01-20,4.68,4.66
1999-01-21,4.64,4.63
1999-01-22,4.59,4.59
1999-01-25,4.66,4.59
1999-01-26,4.7,4.63
1999-01-27,4.68,4.57
1999-01-28,4.68,4.58
1999-01-29,4.66,4.58
1999-02-01,4.66,4.65
1999-02-02,4.68,4.7
1999-02-03,4.74,4.72
1999-02-04,4.7,4.77
1999-02-05,4.64,4.8
1999-02-08,4.67,4.8
1999-02-09,4.69,4.79
1999-02-10,4.65,4.77
1999-02-11,4.65,4.8
1999-02-12,4.68,4.91
1999-02-15,4.73,4.91
1999-02-16,4.74,4.93
1999-02-17,4.77,4.89
1999-02-18,4.73,4.93
1999-02-19,4.7,4.95
1999-02-22,4.69,4.91
1999-02-23,4.66,5.0
1999-02-24,4.67,5.05
1999-02-25,4.79,5.15
1999-02-26,4.82,5.13
1999-03-01,4.92,5.2
1999-03-02,4.87,5.18
1999-03-03,5.0,5.19
1999-03-04,4.97,5.2
1999-03-05,4.87,5.14
1999-03-08,4.86,5.12
1999-03-09,4.92,5.02
1999-03-10,4.88,5.04
1999-03-11,4.84,5.05
1999-03-12,4.82,5.0
1999-03-15,4.82,4.99
1999-03-16,4.8,4.97
1999-03-17,4.75,5.01
1999-03-18,4.71,4.99
1999-03-19,4.72,5.04
1999-03-22,4.74,5.08
1999-03-23,4.71,5.03
1999-03-24,4.71,4.98
1999-03-25,4.7,5.02
1999-03-26,4.7,4.99
1999-03-29,4.67,5.02
1999-03-30,4.69,4.97
1999-03-31,4.66,4.99
1999-04-01,4.71,5.01
1999-04-02,4.71,4.96
1999-04-05,4.71,4.96
1999-04-06,4.65,4.93
1999-04-07,4.68,4.93
1999-04-08,4.75,4.86
1999-04-09,4.71,4.88
1999-04-12,4.74,4.93
1999-04-13,4.79,4.94
1999-04-14,4.77,4.95
1999-04-15,4.85,4.97
1999-04-16,4.84,5.02
1999-04-19,4.85,4.99
1999-04-20,4.8,4.95
1999-04-21,4.82,4.99
1999-04-22,4.87,5.05
1999-04-23,4.9,5.04
1999-04-26,4.92,5.04
1999-04-27,4.95,5.04
1999-04-28,4.96,5.02
1999-04-29,4.92,4.95
1999-04-30,4.95,5.08
1999-05-03,4.95,5.08
1999-05-04,5.03,5.12
1999-05-05,5.01,5.09
1999-05-06,5.03,5.19
1999-05-07,5.0,5.19
1999-05-10,4.96,5.15
1999-05-11,4.91,5.19
1999-05-12,4.87,5.19
1999-05-13,4.81,5.12
1999-05-14,4.95,5.3
1999-05-17,4.98,5.31
1999-05-18,5.02,5.38
1999-05-19,5.0,5.37
1999-05-20,4.96,5.35
1999-05-21,4.91,5.3
1999-05-24,4.87,5.28
1999-05-25,4.86,5.3
1999-05-26,4.92,5.33
1999-05-27,4.98,5.43
1999-05-28,5.02,5.42
1999-05-31,5.02,5.42
1999-06-01,5.08,5.54
1999-06-02,5.13,5.55
1999-06-03,5.1,5.54
1999-06-04,5.08,5.56
1999-06-07,5.04,5.56
1999-06-08,5.1,5.57
1999-06-09,5.09,5.61
1999-06-10,5.15,5.66
1999-06-11,5.15,5.7
1999-06-14,5.1,5.66
1999-06-15,5.02,5.66
1999-06-16,5.0,5.61
1999-06-17,5.0,5.49
1999-06-18,5.0,5.56
1999-06-21,5.08,5.62
1999-06-22,5.16,5.65
1999-06-23,5.17,5.7
1999-06-24,5.29,5.75
1999-06-25,5.25,5.73
1999-06-28,5.25,5.68
1999-06-29,5.22,5.68
1999-06-30,5.18,5.53
1999-07-01,5.22,5.58
1999-07-02,5.18,5.58
1999-07-05,5.2,5.58
1999-07-06,5.23,5.64
1999-07-07,5.23,5.64
1999-07-08,5.24,5.59
1999-07-09,5.19,5.61
1999-07-12,5.17,5.53
1999-07-13,5.13,5.5
1999-07-14,5.07,5.55
1999-07-15,5.16,5.53
1999-07-16,5.15,5.5
1999-07-19,5.17,5.46
1999-07-20,5.23,5.43
1999-07-21,5.27,5.45
1999-07-22,5.3,5.52
1999-07-23,5.34,5.58
1999-07-26,5.39,5.61
1999-07-27,5.41,5.56
1999-07-28,5.44,5.54
1999-07-29,5.57,5.62
1999-07-30,5.6,5.63
1999-08-02,5.66,5.65
1999-08-03,5.8,5.65
1999-08-04,5.83,5.64
1999-08-05,5.84,5.55
1999-08-06,5.87,5.69
1999-08-09,5.79,5.79
1999-08-10,5.74,5.79
1999-08-11,5.68,5.76
1999-08-12,5.66,5.78
1999-08-13,5.66,5.71
1999-08-16,5.65,5.75
1999-08-17,5.63,5.68
1999-08-18,5.57,5.66
1999-08-19,5.52,5.66
1999-08-20,5.56,5.65
1999-08-23,5.59,5.66
1999-08-24,5.63,5.65
1999-08-25,5.55,5.53
1999-08-26,5.58,5.56
1999-08-27,5.65,5.65
1999-08-30,5.65,5.73
1999-08-31,5.7,5.73
1999-09-01,5.77,5.74
1999-09-02,5.83,5.74
1999-09-03,5.69,5.64
1999-09-06,5.66,5.64
1999-09-07,5.71,5.69
1999-09-08,5.93,5.67
1999-09-09,5.93,5.71
1999-09-10,6.01,5.64
1999-09-13,6.06,5.66
1999-09-14,6.04,5.71
1999-09-15,6.05,5.67
1999-09-16,5.98,5.63
1999-09-17,5.96,5.63
1999-09-20,5.96,5.67
1999-09-21,5.98,5.67
1999-09-22,5.98,5.67
1999-09-23,5.96,5.63
1999-09-24,5.91,5.55
1999-09-27,5.96,5.62
1999-09-28,6.03,5.65
1999-09-29,6.07,5.68
1999-09-30,6.06,5.63
1999-10-01,6.2,5.73
1999-10-04,6.2,5.7
1999-10-05,6.19,5.78
1999-10-06,6.2,5.81
1999-10-07,6.17,5.82
1999-10-08,6.13,5.8
1999-10-11,6.13,5.8
1999-10-12,6.17,5.82
1999-10-13,6.16,5.87
1999-10-14,6.25,5.9
1999-10-15,6.21,5.82
1999-10-18,6.18,5.85
1999-10-19,6.19,5.92
1999-10-20,6.24,5.94
1999-10-21,6.2,5.93
1999-10-22,6.23,5.96
1999-10-25,6.29,5.98
1999-10-26,6.29,6.02
1999-10-27,6.23,5.94
1999-10-28,6.17,5.87
1999-10-29,6.08,5.79
1999-11-01,6.06,5.83
1999-11-02,6.05,5.81
1999-11-03,6.08,5.79
1999-11-04,5.99,5.74
1999-11-05,5.97,5.72
1999-11-08,5.92,5.74
1999-11-09,5.94,5.77
1999-11-10,5.95,5.81
1999-11-11,5.92,5.81
1999-11-12,5.87,5.78
1999-11-15,5.89,5.79
1999-11-16,5.88,5.85
1999-11-17,5.97,5.9
1999-11-18,6.06,5.9
1999-11-19,6.11,5.92
1999-11-22,6.15,5.95
1999-11-23,6.12,5.93
1999-11-24,6.19,5.97
1999-11-25,6.23,5.97
1999-11-26,6.27,5.99
1999-11-29,6.25,6.04
1999-11-30,6.24,6.01
1999-12-01,6.2,6.04
1999-12-02,6.21,6.06
1999-12-03,6.23,5.99
1999-12-06,6.2,5.98
1999-12-07,6.16,5.95
1999-12-08,6.19,5.98
1999-12-09,6.12,5.96
1999-12-10,6.09,5.93
1999-12-13,6.12,5.96
1999-12-14,6.16,6.07
1999-12-15,6.16,6.1
1999-12-16,6.25,6.15
1999-12-17,6.27,6.15
1999-12-20,6.25,6.21
1999-12-21,6.24,6.21
1999-12-22,6.3,6.24
1999-12-23,6.3,6.24
1999-12-24,6.3,6.24
1999-12-27,6.3,6.21
1999-12-28,6.3,6.23
1999-12-29,6.3,6.21
1999-12-30,6.34,6.19
1999-12-31,6.34,6.24
2000-01-03,6.34,6.38
2000-01-04,6.48,6.3
2000-01-05,6.5,6.38
2000-01-06,6.5,6.35
2000-01-07,6.45,6.31
2000-01-10,6.41,6.38
2000-01-11,6.47,6.45
2000-01-12,6.49,6.49
2000-01-13,6.45,6.4
2000-01-14,6.45,6.44
2000-01-17,6.5,6.44
2000-01-18,6.55,6.47
2000-01-19,6.51,6.46
2000-01-20,6.53,6.49
2000-01-21,6.51,6.48
2000-01-24,6.51,6.43
2000-01-25,6.47,6.44
2000-01-26,6.42,6.45
2000-01-27,6.5,6.51
2000-01-28,6.52,6.58
2000-01-31,6.47,6.61
2000-02-01,6.41,6.6
2000-02-02,6.39,6.63
2000-02-03,6.38,6.56
2000-02-04,6.42,6.63
2000-02-07,6.44,6.68
2000-02-08,6.41,6.69
2000-02-09,6.42,6.69
2000-02-10,6.42,6.67
2000-02-11,6.35,6.65
2000-02-14,6.28,6.62
2000-02-15,6.32,6.66
2000-02-16,6.44,6.63
2000-02-17,6.38,6.69
2000-02-18,6.36,6.66
2000-02-21,6.31,6.66
2000-02-22,6.27,6.57
2000-02-23,6.29,6.61
2000-02-24,6.25,6.52
2000-02-25,6.26,6.45
2000-02-28,6.28,6.47
2000-02-29,6.3,6.53
2000-03-01,6.26,6.52
2000-03-02,6.27,6.52
2000-03-03,6.24,6.5
2000-03-06,6.21,6.55
2000-03-07,6.2,6.48
2000-03-08,6.21,6.5
2000-03-09,6.2,6.48
2000-03-10,6.22,6.55
2000-03-13,6.2,6.52
2000-03-14,6.23,6.48
2000-03-15,6.24,6.5
2000-03-16,6.2,6.5
2000-03-17,6.19,6.5
2000-03-20,6.17,6.52
2000-03-21,6.18,6.5
2000-03-22,6.2,6.5
2000-03-23,6.22,6.52
2000-03-24,6.22,6.64
2000-03-27,6.36,6.66
2000-03-28,6.32,6.6
2000-03-29,6.32,6.59
2000-03-30,6.28,6.52
2000-03-31,6.27,6.5
2000-04-03,6.24,6.45
2000-04-04,6.26,6.35
2000-04-05,6.21,6.35
2000-04-06,6.24,6.38
2000-04-07,6.19,6.38
2000-04-10,6.21,6.31
2000-04-11,6.16,6.36
2000-04-12,6.19,6.4
2000-04-13,6.17,6.4
2000-04-14,6.18,6.27
2000-04-17,6.16,6.33
2000-04-18,6.17,6.33
2000-04-19,6.19,6.33
2000-04-20,6.21,6.38
2000-04-21,6.21,6.38
2000-04-24,6.21,6.36
2000-04-25,6.23,6.48
2000-04-26,6.18,6.5
2000-04-27,6.14,6.63
2000-04-28,6.07,6.68
2000-05-01,6.07,6.73
2000-05-02,6.07,6.72
2000-05-03,6.07,6.73
2000-05-04,6.13,6.77
2000-05-05,6.16,6.84
2000-05-08,6.16,6.87
2000-05-09,6.14,6.86
2000-05-10,6.13,6.84
2000-05-11,6.23,6.82
2000-05-12,6.26,6.91
2000-05-15,6.25,6.88
2000-05-16,6.26,6.89
2000-05-17,6.27,6.9
2000-05-18,6.22,6.93
2000-05-19,6.2,6.86
2000-05-22,6.15,6.81
2000-05-23,6.2,6.83
2000-05-24,6.2,6.79
2000-05-25,6.16,6.71
2000-05-26,6.14,6.69
2000-05-29,6.14,6.69
2000-05-30,6.17,6.74
2000-05-31,6.14,6.69
2000-06-01,6.1,6.61
2000-06-02,6.02,6.52
2000-06-05,6.05,6.49
2000-06-06,6.06,6.51
2000-06-07,6.05,6.52
2000-06-08,6.1,6.56
2000-06-09,6.08,6.56
2000-06-12,6.08,6.52
2000-06-13,6.07,6.49
2000-06-14,6.01,6.44
2000-06-15,5.98,6.44
2000-06-16,5.94,6.38
2000-06-19,5.91,6.4
2000-06-20,5.93,6.43
2000-06-21,5.99,6.5
2000-06-22,5.98,6.5
2000-06-23,6.01,6.55
2000-06-26,6.01,6.5
2000-06-27,6.0,6.5
2000-06-28,6.0,6.43
2000-06-29,5.95,6.37
2000-06-30,5.94,6.38
2000-07-03,5.95,6.31
2000-07-04,5.91,6.31
2000-07-05,5.86,6.29
2000-07-06,5.9,6.34
2000-07-07,5.84,6.29
2000-07-10,5.87,6.31
2000-07-11,5.89,6.32
2000-07-12,5.86,6.34
2000-07-13,5.86,6.31
2000-07-14,5.88,6.41
2000-07-17,5.89,6.46
2000-07-18,5.91,6.44
2000-07-19,5.92,6.46
2000-07-20,5.96,6.32
2000-07-21,5.95,6.32
2000-07-24,5.98,6.35
2000-07-25,5.95,6.35
2000-07-26,5.91,6.29
2000-07-27,5.91,6.27
2000-07-28,5.97,6.3
2000-07-31,5.97,6.3
2000-08-01,5.98,6.27
2000-08-02,5.99,6.23
2000-08-03,5.95,6.22
2000-08-04,5.94,6.15
2000-08-07,5.92,6.2
2000-08-08,5.92,6.16
2000-08-09,5.91,6.18
2000-08-10,5.91,6.16
2000-08-11,5.92,6.25
2000-08-14,5.96,6.25
2000-08-15,5.96,6.28
2000-08-16,5.99,6.3
2000-08-17,6.01,6.3
2000-08-18,5.98,6.27
2000-08-21,5.99,6.28
2000-08-22,6.0,6.27
2000-08-23,5.97,6.2
2000-08-24,5.95,6.19
2000-08-25,5.95,6.19
2000-08-28,5.95,6.23
2000-08-29,6.0,6.26
2000-08-30,5.99,6.24
2000-08-31,5.99,6.18
2000-09-01,5.94,6.09
2000-09-04,5.94,6.09
2000-09-05,5.95,6.09
2000-09-06,5.93,6.11
2000-09-07,5.89,6.14
2000-09-08,5.91,6.11
2000-09-11,5.91,6.12
2000-09-12,5.94,6.12
2000-09-13,5.93,6.09
2000-09-14,5.92,6.11
2000-09-15,5.92,6.07
2000-09-18,5.9,6.04
2000-09-19,5.87,6.05
2000-09-20,5.88,6.11
2000-09-21,5.86,6.11
2000-09-22,5.83,6.09
2000-09-25,5.87,6.11
2000-09-26,5.86,6.07
2000-09-27,5.86,6.0
2000-09-28,5.85,6.02
2000-09-29,5.79,5.98
2000-10-02,5.78,5.98
2000-10-03,5.79,6.0
2000-10-04,5.8,6.03
2000-10-05,5.8,6.02
2000-10-06,5.8,5.98
2000-10-09,5.76,5.98
2000-10-10,5.8,5.98
2000-10-11,5.77,5.93
2000-10-12,5.73,5.86
2000-10-13,5.71,5.84
2000-10-16,5.72,5.89
2000-10-17,5.72,5.83
2000-10-18,5.68,5.82
2000-10-19,5.69,5.86
2000-10-20,5.69,5.84
2000-10-23,5.69,5.82
2000-10-24,5.68,5.86
2000-10-25,5.69,5.87
2000-10-26,5.68,5.9
2000-10-27,5.71,5.94
2000-10-30,5.7,5.97
2000-10-31,5.7,5.94
2000-11-01,5.66,5.88
2000-11-02,5.63,5.87
2000-11-03,5.63,5.94
2000-11-06,5.62,5.99
2000-11-07,5.62,5.99
2000-11-08,5.62,5.99
2000-11-09,5.61,5.94
2000-11-10,5.6,5.92
2000-11-13,5.57,5.9
2000-11-14,5.55,5.92
2000-11-15,5.51,5.9
2000-11-16,5.48,5.87
2000-11-17,5.48,5.88
2000-11-20,5.48,5.87
2000-11-21,5.5,5.86
2000-11-22,5.44,5.85
2000-11-23,5.43,5.85
2000-11-24,5.44,5.86
2000-11-27,5.44,5.86
2000-11-28,5.42,5.79
2000-11-29,5.39,5.69
2000-11-30,5.37,5.61
2000-12-01,5.37,5.62
2000-12-04,5.35,5.59
2000-12-05,5.35,5.49
2000-12-06,5.3,5.42
2000-12-07,5.29,5.45
2000-12-08,5.31,5.5
2000-12-11,5.31,5.52
2000-12-12,5.3,5.54
2000-12-13,5.29,5.45
2000-12-14,5.33,5.43
2000-12-15,5.34,5.38
2000-12-18,5.34,5.33
2000-12-19,5.35,5.35
2000-12-20,5.25,5.24
2000-12-21,5.21,5.14
2000-12-22,5.2,5.1
2000-12-25,5.2,5.1
2000-12-26,5.2,5.1
2000-12-27,5.18,5.1
2000-12-28,5.2,5.18
2000-12-29,5.17,5.11
2001-01-01,5.17,5.11
2001-01-02,5.11,4.87
2001-01-03,5.09,4.92
2001-01-04,5.11,4.77
2001-01-05,5.1,4.56
2001-01-08,5.09,4.54
2001-01-09,5.13,4.64
2001-01-10,5.14,4.76
2001-01-11,5.14,4.77
2001-01-12,5.19,4.9
2001-01-15,5.16,4.9
2001-01-16,5.15,4.89
2001-01-17,5.18,4.84
2001-01-18,5.15,4.72
2001-01-19,5.15,4.75
2001-01-22,5.17,4.75
2001-01-23,5.19,4.82
2001-01-24,5.22,4.81
2001-01-25,5.23,4.78
2001-01-26,5.18,4.78
2001-01-29,5.17,4.77
2001-01-30,5.14,4.7
2001-01-31,5.09,4.62
2001-02-01,5.11,4.55
2001-02-02,5.14,4.65
2001-02-05,5.14,4.68
2001-02-06,5.13,4.72
2001-02-07,5.13,4.7
2001-02-08,5.15,4.73
2001-02-09,5.13,4.67
2001-02-12,5.11,4.67
2001-02-13,5.09,4.75
2001-02-14,5.14,4.84
2001-02-15,5.2,4.89
2001-02-16,5.16,4.75
2001-02-19,5.14,4.75
2001-02-20,5.11,4.73
2001-02-21,5.1,4.68
2001-02-22,5.09,4.63
2001-02-23,5.08,4.53
2001-02-26,5.06,4.46
2001-02-27,5.03,4.44
2001-02-28,5.03,4.41
2001-03-01,5.04,4.41
2001-03-02,5.06,4.48
2001-03-05,5.08,4.49
2001-03-06,5.09,4.49
2001-03-07,5.09,4.43
2001-03-08,5.05,4.43
2001-03-09,5.03,4.47
2001-03-12,4.99,4.46
2001-03-13,5.0,4.46
2001-03-14,4.92,4.32
2001-03-15,4.89,4.22
2001-03-16,4.83,4.26
2001-03-19,4.82,4.32
2001-03-20,4.86,4.24
2001-03-21,4.84,4.21
2001-03-22,4.75,4.17
2001-03-23,4.75,4.24
2001-03-26,4.78,4.27
2001-03-27,4.81,4.41
2001-03-28,4.86,4.3
2001-03-29,4.87,4.27
2001-03-30,4.86,4.18
2001-04-02,4.82,4.22
2001-04-03,4.81,4.15
2001-04-04,4.81,4.12
2001-04-05,4.82,4.19
2001-04-06,4.78,4.07
2001-04-09,4.77,4.1
2001-04-10,4.82,4.24
2001-04-11,4.94,4.29
2001-04-12,4.97,4.36
2001-04-13,4.97,4.36
2001-04-16,4.97,4.49
2001-04-17,4.98,4.41
2001-04-18,5.0,4.26
2001-04-19,4.98,4.29
2001-04-20,4.98,4.26
2001-04-23,4.92,4.15
2001-04-24,4.93,4.16
2001-04-25,4.93,4.2
2001-04-26,4.9,4.14
2001-04-27,4.93,4.28
2001-04-30,5.0,4.3
2001-05-01,4.98,4.23
2001-05-02,4.99,4.27
2001-05-03,4.97,4.22
2001-05-04,4.9,4.14
2001-05-07,4.9,4.12
2001-05-08,4.88,4.1
2001-05-09,4.87,4.07
2001-05-10,4.92,4.17
2001-05-11,4.97,4.36
2001-05-14,5.02,4.29
2001-05-15,5.04,4.28
2001-05-16,5.02,4.25
2001-05-17,5.08,4.33
2001-05-18,5.16,4.37
2001-05-21,5.18,4.37
2001-05-22,5.17,4.34
2001-05-23,5.15,4.29
2001-05-24,5.19,4.32
2001-05-25,5.21,4.31
2001-05-28,5.21,4.31
2001-05-29,5.21,4.33
2001-05-30,5.2,4.34
2001-05-31,5.19,4.22
2001-06-01,5.13,4.22
2001-06-04,5.12,4.19
2001-06-05,5.14,4.12
2001-06-06,5.15,4.12
2001-06-07,5.15,4.14
2001-06-08,5.16,4.17
2001-06-11,5.17,4.11
2001-06-12,5.38,4.09
2001-06-13,5.43,4.08
2001-06-14,5.39,4.04
2001-06-15,5.37,4.01
2001-06-18,5.35,3.98
2001-06-19,5.38,3.99
2001-06-20,5.41,3.98
2001-06-21,5.41,3.99
2001-06-22,5.34,3.93
2001-06-25,5.3,3.96
2001-06-26,5.29,4.03
2001-06-27,5.32,4.06
2001-06-28,5.41,4.22
2001-06-29,5.46,4.25
2001-07-02,5.44,4.21
2001-07-03,5.44,4.24
2001-07-04,5.43,4.24
2001-07-05,5.41,4.24
2001-07-06,5.3,4.16
2001-07-09,5.32,4.15
2001-07-10,5.29,4.08
2001-07-11,5.22,4.07
2001-07-12,5.26,4.07
2001-07-13,5.28,4.12
2001-07-16,5.27,4.07
2001-07-17,5.3,4.09
2001-07-18,5.29,3.96
2001-07-19,5.34,3.98
2001-07-20,5.3,3.98
2001-07-23,5.26,3.98
2001-07-24,5.25,3.97
2001-07-25,5.24,3.98
2001-07-26,5.22,3.94
2001-07-27,5.17,3.87
2001-07-30,5.15,3.86
2001-07-31,5.12,3.79
2001-08-01,5.17,3.83
2001-08-02,5.07,3.89
2001-08-03,5.0,3.91
2001-08-06,4.97,3.88
2001-08-07,4.97,3.9
2001-08-08,4.95,3.77
2001-08-09,4.88,3.77
2001-08-10,4.84,3.73
2001-08-13,4.81,3.7
2001-08-14,4.88,3.74
2001-08-15,5.02,3.8
2001-08-16,5.03,3.75
2001-08-17,4.95,3.67
2001-08-20,4.98,3.74
2001-08-21,5.01,3.69
2001-08-22,5.02,3.76
2001-08-23,4.98,3.72
2001-08-24,4.99,3.76
2001-08-27,4.99,3.78
2001-08-28,4.95,3.71
2001-08-29,4.93,3.67
2001-08-30,4.86,3.61
2001-08-31,4.86,3.64
2001-09-03,4.81,3.64
2001-09-04,4.95,3.83
2001-09-05,4.96,3.79
2001-09-06,4.88,3.65
2001-09-07,4.79,3.53
2001-09-10,4.78,3.53
2001-09-11,4.68,3.53
2001-09-12,4.53,3.53
2001-09-13,4.59,2.99
2001-09-14,4.5,2.87
2001-09-17,4.55,2.96
2001-09-18,4.55,2.96
2001-09-19,4.56,2.81
2001-09-20,4.57,2.91
2001-09-21,4.51,2.91
2001-09-24,4.52,2.94
2001-09-25,4.51,2.88
2001-09-26,4.52,2.82
2001-09-27,4.5,2.78
2001-09-28,4.53,2.86
2001-10-01,4.57,2.82
2001-10-02,4.53,2.77
2001-10-03,4.45,2.77
2001-10-04,4.44,2.75
2001-10-05,4.44,2.71
2001-10-08,4.44,2.71
2001-10-09,4.54,2.74
2001-10-10,4.57,2.78
2001-10-11,4.61,2.88
2001-10-12,4.59,2.81
2001-10-15,4.53,2.78
2001-10-16,4.51,2.77
2001-10-17,4.48,2.8
2001-10-18,4.48,2.77
2001-10-19,4.45,2.77
2001-10-22,4.42,2.79
2001-10-23,4.43,2.81
2001-10-24,4.33,2.72
2001-10-25,4.25,2.63
2001-10-26,4.28,2.63
2001-10-29,4.25,2.55
2001-10-30,4.16,2.48
2001-10-31,4.16,2.44
2001-11-01,4.11,2.49
2001-11-02,4.13,2.48
2001-11-05,4.02,2.46
2001-11-06,4.04,2.37
2001-11-07,3.95,2.32
2001-11-08,3.92,2.42
2001-11-09,3.9,2.45
2001-11-12,3.86,2.45
2001-11-13,3.96,2.54
2001-11-14,4.1,2.7
2001-11-15,4.25,2.98
2001-11-16,4.26,3.09
2001-11-19,4.23,2.92
2001-11-20,4.2,2.96
2001-11-21,4.29,3.11
2001-11-22,4.3,3.11
2001-11-23,4.28,3.2
2001-11-26,4.26,3.22
2001-11-27,4.45,3.11
2001-11-28,4.38,3.12
2001-11-29,4.35,2.87
2001-11-30,4.29,2.84
2001-12-03,4.23,2.82
2001-12-04,4.22,2.81
2001-12-05,4.4,3.07
2001-12-06,4.51,3.19
2001-12-07,4.6,3.19
2001-12-10,4.57,3.1
2001-12-11,4.52,3.03
2001-12-12,4.43,2.97
2001-12-13,4.49,3.09
2001-12-14,4.57,3.2
2001-12-17,4.59,3.21
2001-12-18,4.58,3.13
2001-12-19,4.54,3.11
2001-12-20,4.54,3.15
2001-12-21,4.58,3.17
2001-12-24,4.56,3.22
2001-12-25,4.56,3.22
2001-12-26,4.56,3.26
2001-12-27,4.67,3.19
2001-12-28,4.7,3.16
2001-12-31,4.72,3.07
2002-01-01,4.72,3.07
2002-01-02,4.65,3.22
2002-01-03,4.54,3.19
2002-01-04,4.66,3.19
2002-01-07,4.67,3.08
2002-01-08,4.68,3.07
2002-01-09,4.77,3.03
2002-01-10,4.72,2.94
2002-01-11,4.75,2.76
2002-01-14,4.64,2.79
2002-01-15,4.65,2.79
2002-01-16,4.6,2.84
2002-01-17,4.56,2.96
2002-01-18,4.55,2.91
2002-01-21,4.48,2.91
2002-01-22,4.54,2.97
2002-01-23,4.49,3.07
2002-01-24,4.57,3.15
2002-01-25,4.71,3.17
2002-01-28,4.7,3.19
2002-01-29,4.68,3.05
2002-01-30,4.66,3.06
2002-01-31,4.68,3.16
2002-02-01,4.67,3.08
2002-02-04,4.6,2.99
2002-02-05,4.56,2.99
2002-02-06,4.55,2.98
2002-02-07,4.65,2.99
2002-02-08,4.62,2.95
2002-02-11,4.62,2.95
2002-02-12,4.78,3.04
2002-02-13,4.75,3.09
2002-02-14,4.71,3.07
2002-02-15,4.67,2.97
2002-02-18,4.68,2.97
2002-02-19,4.64,2.98
2002-02-20,4.63,3.0
2002-02-21,4.63,3.0
2002-02-22,4.59,2.97
2002-02-25,4.62,3.01
2002-02-26,4.64,3.08
2002-02-27,4.64,3.09
2002-02-28,4.63,3.06
2002-03-01,4.7,3.18
2002-03-04,4.75,3.24
2002-03-05,4.8,3.25
2002-03-06,4.79,3.26
2002-03-07,4.89,3.36
2002-03-08,4.91,3.6
2002-03-11,4.9,3.59
2002-03-12,4.89,3.56
2002-03-13,4.9,3.49
2002-03-14,4.91,3.63
2002-03-15,4.94,3.63
2002-03-18,4.93,3.67
2002-03-19,4.91,3.64
2002-03-20,4.93,3.71
2002-03-21,5.0,3.73
2002-03-22,5.02,3.77
2002-03-25,5.04,3.78
2002-03-26,5.01,3.68
2002-03-27,4.97,3.66
2002-03-28,5.01,3.72
2002-03-29,5.01,3.72
2002-04-01,5.01,3.74
2002-04-02,5.02,3.63
2002-04-03,4.96,3.55
2002-04-04,4.92,3.57
2002-04-05,4.9,3.49
2002-04-08,4.88,3.51
2002-04-09,4.9,3.48
2002-04-10,4.9,3.48
2002-04-11,4.86,3.47
2002-04-12,4.83,3.41
2002-04-15,4.8,3.38
2002-04-16,4.89,3.43
2002-04-17,4.89,3.41
2002-04-18,4.87,3.38
2002-04-19,4.87,3.36
2002-04-22,4.82,3.37
2002-04-23,4.85,3.39
2002-04-24,4.83,3.28
2002-04-25,4.78,3.25
2002-04-26,4.73,3.22
2002-04-29,4.76,3.26
2002-04-30,4.78,3.24
2002-05-01,4.76,3.21
2002-05-02,4.83,3.25
2002-05-03,4.8,3.17
2002-05-06,4.8,3.19
2002-05-07,4.77,3.14
2002-05-08,4.8,3.32
2002-05-09,4.83,3.27
2002-05-10,4.85,3.19
2002-05-13,4.83,3.28
2002-05-14,4.87,3.4
2002-05-15,4.93,3.37
2002-05-16,4.92,3.28
2002-05-17,4.96,3.41
2002-05-20,4.93,3.33
2002-05-21,4.91,3.28
2002-05-22,4.87,3.23
2002-05-23,4.89,3.28
2002-05-24,4.87,3.28
2002-05-27,4.88,3.28
2002-05-28,4.86,3.3
2002-05-29,4.85,3.24
2002-05-30,4.86,3.17
2002-05-31,4.89,3.22
2002-06-03,4.89,3.19
2002-06-04,4.89,3.13
2002-06-05,4.86,3.16
2002-06-06,4.83,3.13
2002-06-07,4.8,3.16
2002-06-10,4.81,3.15
2002-06-11,4.85,3.09
2002-06-12,4.84,3.05
2002-06-13,4.78,3.0
2002-06-14,4.74,2.92
2002-06-17,4.77,2.96
2002-06-18,4.75,2.93
2002-06-19,4.73,2.81
2002-06-20,4.73,2.93
2002-06-21,4.73,2.88
2002-06-24,4.69,2.93
2002-06-25,4.75,2.92
2002-06-26,4.66,2.77
2002-06-27,4.68,2.85
2002-06-28,4.71,2.9
2002-07-01,4.7,2.88
2002-07-02,4.68,2.78
2002-07-03,4.66,2.78
2002-07-04,4.68,2.78
2002-07-05,4.74,2.9
2002-07-08,4.74,2.84
2002-07-09,4.71,2.74
2002-07-10,4.66,2.61
2002-07-11,4.59,2.61
2002-07-12,4.57,2.56
2002-07-15,4.51,2.55
2002-07-16,4.41,2.66
2002-07-17,4.47,2.63
2002-07-18,4.49,2.55
2002-07-19,4.42,2.48
2002-07-22,4.36,2.4
2002-07-23,4.37,2.34
2002-07-24,4.22,2.38
2002-07-25,4.28,2.28
2002-07-26,4.24,2.2
2002-07-29,4.28,2.41
2002-07-30,4.26,2.44
2002-07-31,4.17,2.23
2002-08-01,4.08,2.15
2002-08-02,4.05,1.99
2002-08-05,3.96,1.93
2002-08-06,4.04,2.11
2002-08-07,3.98,1.98
2002-08-08,4.02,2.1
2002-08-09,4.03,2.1
2002-08-12,4.02,2.1
2002-08-13,4.02,2.0
2002-08-14,3.97,2.12
2002-08-15,4.14,2.22
2002-08-16,4.18,2.28
2002-08-19,4.18,2.25
2002-08-20,4.13,2.12
2002-08-21,4.17,2.12
2002-08-22,4.2,2.22
2002-08-23,4.16,2.19
2002-08-26,4.16,2.19
2002-08-27,4.14,2.26
2002-08-28,4.07,2.23
2002-08-29,4.02,2.14
2002-08-30,4.04,2.14
2002-09-02,3.97,2.14
2002-09-03,3.9,2.01
2002-09-04,3.88,2.02
2002-09-05,3.87,1.95
2002-09-06,3.88,2.08
2002-09-09,3.92,2.13
2002-09-10,4.0,2.12
2002-09-11,4.09,2.18
2002-09-12,4.02,2.12
2002-09-13,3.96,2.07
2002-09-16,3.92,2.07
2002-09-17,3.96,2.06
2002-09-18,3.88,2.04
2002-09-19,3.79,1.93
2002-09-20,3.78,1.94
2002-09-23,3.74,1.93
2002-09-24,3.73,1.93
2002-09-25,3.76,2.0
2002-09-26,3.79,1.97
2002-09-27,3.79,1.82
2002-09-30,3.69,1.72
2002-10-01,3.69,1.8
2002-10-02,3.77,1.75
2002-10-03,3.8,1.75
2002-10-04,3.84,1.78
2002-10-07,3.77,1.77
2002-10-08,3.76,1.8
2002-10-09,3.77,1.72
2002-10-10,3.85,1.75
2002-10-11,3.91,1.85
2002-10-14,3.91,1.85
2002-10-15,4.02,2.08
2002-10-16,4.03,2.02
2002-10-17,4.02,2.1
2002-10-18,4.02,2.09
2002-10-21,4.01,2.23
2002-10-22,4.05,2.21
2002-10-23,3.96,2.2
2002-10-24,3.98,2.09
2002-10-25,3.92,1.98
2002-10-28,3.85,1.88
2002-10-29,3.81,1.79
2002-10-30,3.84,1.74
2002-10-31,3.82,1.68
2002-11-01,3.87,1.76
2002-11-04,3.87,1.79
2002-11-05,3.9,1.82
2002-11-06,3.91,1.87
2002-11-07,3.92,1.86
2002-11-08,3.91,1.87
2002-11-11,3.88,1.87
2002-11-12,3.86,1.79
2002-11-13,3.89,1.76
2002-11-14,3.94,1.89
2002-11-15,3.93,1.91
2002-11-18,3.95,1.91
2002-11-19,3.94,1.91
2002-11-20,3.92,1.98
2002-11-21,4.02,2.05
2002-11-22,4.02,2.1
2002-11-25,4.04,2.09
2002-11-26,4.01,1.97
2002-11-27,4.09,2.13
2002-11-28,4.13,2.13
2002-11-29,4.12,2.08
2002-12-02,4.16,2.07
2002-12-03,4.13,2.08
2002-12-04,4.11,2.02
2002-12-05,4.08,1.97
2002-12-06,4.03,1.89
2002-12-09,3.96,1.88
2002-12-10,3.95,1.9
2002-12-11,3.95,1.85
2002-12-12,3.9,1.85
2002-12-13,3.9,1.87
2002-12-16,3.91,1.94
2002-12-17,3.94,1.89
2002-12-18,3.89,1.81
2002-12-19,3.87,1.74
2002-12-20,3.88,1.76
2002-12-23,3.87,1.79
2002-12-24,3.88,1.73
2002-12-25,3.88,1.73
2002-12-26,3.88,1.7
2002-12-27,3.79,1.6
2002-12-30,3.79,1.61
2002-12-31,3.77,1.61
2003-01-01,3.77,1.61
2003-01-02,3.81,1.8
2003-01-03,3.82,1.79
2003-01-06,3.82,1.84
2003-01-07,3.82,1.77
2003-01-08,3.78,1.71
2003-01-09,3.78,1.87
2003-01-10,3.78,1.79
2003-01-13,3.81,1.81
2003-01-14,3.81,1.76
2003-01-15,3.83,1.75
2003-01-16,3.82,1.75
2003-01-17,3.75,1.7
2003-01-20,3.74,1.7
2003-01-21,3.74,1.67
2003-01-22,3.73,1.66
2003-01-23,3.73,1.69
2003-01-24,3.67,1.66
2003-01-27,3.64,1.7
2003-01-28,3.64,1.7
2003-01-29,3.63,1.77
2003-01-30,3.66,1.7
2003-01-31,3.65,1.72
2003-02-03,3.67,1.72
2003-02-04,3.61,1.68
2003-02-05,3.61,1.73
2003-02-06,3.44,1.68
2003-02-07,3.39,1.63
2003-02-10,3.4,1.68
2003-02-11,3.4,1.65
2003-02-12,3.36,1.62
2003-02-13,3.35,1.57
2003-02-14,3.4,1.62
2003-02-17,3.41,1.62
2003-02-18,3.42,1.66
2003-02-19,3.4,1.61
2003-02-20,3.38,1.59
2003-02-21,3.39,1.63
2003-02-24,3.33,1.6
2003-02-25,3.32,1.58
2003-02-26,3.34,1.57
2003-02-27,3.35,1.58
2003-02-28,3.32,1.53
2003-03-03,3.27,1.52
2003-03-04,3.26,1.49
2003-03-05,3.24,1.46
2003-03-06,3.25,1.47
2003-03-07,3.21,1.39
2003-03-10,3.18,1.35
2003-03-11,3.18,1.38
2003-03-12,3.19,1.45
2003-03-13,3.37,1.59
2003-03-14,3.42,1.56
2003-03-17,3.5,1.63
2003-03-18,3.54,1.72
2003-03-19,3.7,1.72
2003-03-20,3.69,1.75
2003-03-21,3.75,1.8
2003-03-24,3.69,1.71
2003-03-25,3.65,1.69
2003-03-26,3.66,1.68
2003-03-27,3.6,1.62
2003-03-28,3.56,1.56
2003-03-31,3.47,1.51
2003-04-01,3.46,1.5
2003-04-02,3.52,1.6
2003-04-03,3.56,1.55
2003-04-04,3.55,1.55
2003-04-07,3.64,1.65
2003-04-08,3.61,1.59
2003-04-09,3.59,1.55
2003-04-10,3.54,1.6
2003-04-11,3.64,1.65
2003-04-14,3.68,1.74
2003-04-15,3.67,1.69
2003-04-16,3.63,1.67
2003-04-17,3.59,1.71
2003-04-18,3.59,1.71
2003-04-21,3.59,1.71
2003-04-22,3.55,1.7
2003-04-23,3.58,1.7
2003-04-24,3.52,1.62
2003-04-25,3.49,1.57
2003-04-28,3.49,1.59
2003-04-29,3.51,1.62
2003-04-30,3.49,1.51
2003-05-01,3.42,1.5
2003-05-02,3.48,1.56
2003-05-05,3.48,1.55
2003-05-06,3.49,1.45
2003-05-07,3.44,1.45
2003-05-08,3.5,1.49
2003-05-09,3.54,1.45
2003-05-12,3.52,1.46
2003-05-13,3.49,1.47
2003-05-14,3.53,1.41
2003-05-15,3.48,1.46
2003-05-16,3.44,1.38
2003-05-19,3.37,1.35
2003-05-20,3.38,1.31
2003-05-21,3.31,1.38
2003-05-22,3.32,1.36
2003-05-23,3.3,1.38
2003-05-26,3.3,1.38
2003-05-27,3.33,1.33
2003-05-28,3.4,1.35
2003-05-29,3.35,1.3
2003-05-30,3.36,1.33
2003-06-02,3.4,1.33
2003-06-03,3.33,1.2
2003-06-04,3.41,1.2
2003-06-05,3.37,1.25
2003-06-06,3.39,1.27
2003-06-09,3.29,1.19
2003-06-10,3.26,1.13
2003-06-11,3.23,1.16
2003-06-12,3.25,1.13
2003-06-13,3.22,1.1
2003-06-16,3.27,1.18
2003-06-17,3.34,1.25
2003-06-18,3.38,1.27
2003-06-19,3.34,1.17
2003-06-20,3.33,1.22
2003-06-23,3.31,1.17
2003-06-24,3.34,1.14
2003-06-25,3.33,1.3
2003-06-26,3.47,1.41
2003-06-27,3.48,1.38
2003-06-30,3.4,1.32
2003-07-01,3.36,1.3
2003-07-02,3.39,1.3
2003-07-03,3.48,1.32
2003-07-04,3.45,1.32
2003-07-07,3.47,1.36
2003-07-08,3.47,1.39
2003-07-09,3.44,1.37
2003-07-10,3.37,1.33
2003-07-11,3.34,1.29
2003-07-14,3.33,1.35
2003-07-15,3.36,1.45
2003-07-16,3.4,1.49
2003-07-17,3.43,1.47
2003-07-18,3.41,1.51
2003-07-21,3.46,1.61
2003-07-22,3.46,1.57
2003-07-23,3.44,1.54
2003-07-24,3.56,1.54
2003-07-25,3.53,1.52
2003-07-28,3.61,1.61
2003-07-29,3.59,1.67
2003-07-30,3.61,1.64
2003-07-31,3.7,1.8
2003-08-01,3.89,1.85
2003-08-04,3.88,1.71
2003-08-05,3.9,1.88
2003-08-06,3.88,1.78
2003-08-07,3.84,1.74
2003-08-08,3.76,1.72
2003-08-11,3.85,1.81
2003-08-12,3.9,1.71
2003-08-13,3.92,1.86
2003-08-14,3.98,1.86
2003-08-15,3.93,1.85
2003-08-18,3.94,1.87
2003-08-19,3.96,1.81
2003-08-20,3.97,1.84
2003-08-21,4.01,1.98
2003-08-22,4.05,1.97
2003-08-25,4.05,2.02
2003-08-26,4.05,1.96
2003-08-27,4.05,2.05
2003-08-28,4.05,1.93
2003-08-29,4.07,1.95
2003-09-01,4.09,1.95
2003-09-02,4.17,2.04
2003-09-03,4.2,2.02
2003-09-04,4.17,1.91
2003-09-05,4.09,1.72
2003-09-08,4.02,1.75
2003-09-09,4.07,1.71
2003-09-10,4.04,1.64
2003-09-11,4.05,1.71
2003-09-12,3.98,1.66
2003-09-15,3.99,1.63
2003-09-16,4.06,1.63
2003-09-17,4.15,1.63
2003-09-18,4.14,1.68
2003-09-19,4.13,1.7
2003-09-22,4.11,1.7
2003-09-23,4.1,1.68
2003-09-24,4.07,1.66
2003-09-25,4.03,1.65
2003-09-26,4.01,1.6
2003-09-29,4.01,1.61
2003-09-30,3.97,1.5
2003-10-01,3.96,1.47
2003-10-02,4.06,1.48
2003-10-03,4.19,1.65
2003-10-06,4.2,1.6
2003-10-07,4.19,1.67
2003-10-08,4.2,1.65
2003-10-09,4.22,1.69
2003-10-10,4.19,1.65
2003-10-13,4.24,1.65
2003-10-14,4.31,1.73
2003-10-15,4.35,1.79
2003-10-16,4.35,1.96
2003-10-17,4.41,1.9
2003-10-20,4.42,1.88
2003-10-21,4.37,1.89
2003-10-22,4.48,1.8
2003-10-23,4.5,1.84
2003-10-24,4.54,1.76
2003-10-27,4.58,1.83
2003-10-28,4.6,1.71
2003-10-29,4.61,1.79
2003-10-30,4.59,1.86
2003-10-31,4.55,1.85
2003-11-03,4.64,1.9
2003-11-04,4.61,1.86
2003-11-05,4.57,1.94
2003-11-06,4.61,2.01
2003-11-07,4.61,2.04
2003-11-10,4.55,2.06
2003-11-11,4.51,2.06
2003-11-12,4.51,2.05
2003-11-13,4.47,1.92
2003-11-14,4.46,1.84
2003-11-17,4.41,1.8
2003-11-18,4.42,1.83
2003-11-19,4.45,1.9
2003-11-20,4.47,1.83
2003-11-21,4.45,1.84
2003-11-24,4.5,1.94
2003-11-25,4.54,1.89
2003-11-26,4.51,1.97
2003-11-27,4.55,1.97
2003-11-28,4.55,2.06
2003-12-01,4.57,2.12
2003-12-02,4.57,2.07
2003-12-03,4.53,2.09
2003-12-04,4.51,2.06
2003-12-05,4.41,1.88
2003-12-08,4.41,1.94
2003-12-09,4.43,1.97
2003-12-10,4.41,1.94
2003-12-11,4.44,1.83
2003-12-12,4.34,1.84
2003-12-15,4.33,1.88
2003-12-16,4.25,1.83
2003-12-17,4.26,1.83
2003-12-18,4.23,1.85
2003-12-19,4.28,1.82
2003-12-22,4.26,1.84
2003-12-23,4.25,1.96
2003-12-24,4.25,1.83
2003-12-25,4.25,1.83
2003-12-26,4.25,1.82
2003-12-29,4.26,1.86
2003-12-30,4.31,1.86
2003-12-31,4.29,1.84
2004-01-01,4.29,1.84
2004-01-02,4.36,1.94
2004-01-05,4.4,1.95
2004-01-06,4.39,1.84
2004-01-07,4.38,1.84
2004-01-08,4.36,1.85
2004-01-09,4.22,1.68
2004-01-12,4.18,1.68
2004-01-13,4.16,1.63
2004-01-14,4.2,1.65
2004-01-15,4.24,1.67
2004-01-16,4.23,1.7
2004-01-19,4.24,1.7
2004-01-20,4.26,1.69
2004-01-21,4.27,1.69
2004-01-22,4.29,1.66
2004-01-23,4.32,1.71
2004-01-26,4.38,1.75
2004-01-27,4.37,1.7
2004-01-28,4.37,1.87
2004-01-29,4.46,1.88
2004-01-30,4.43,1.84
2004-02-02,4.42,1.83
2004-02-03,4.4,1.78
2004-02-04,4.39,1.8
2004-02-05,4.39,1.85
2004-02-06,4.36,1.77
2004-02-09,4.32,1.76
2004-02-10,4.31,1.82
2004-02-11,4.29,1.73
2004-02-12,4.3,1.75
2004-02-13,4.28,1.7
2004-02-16,4.28,1.7
2004-02-17,4.25,1.7
2004-02-18,4.28,1.72
2004-02-19,4.34,1.7
2004-02-20,4.34,1.75
2004-02-23,4.36,1.69
2004-02-24,4.31,1.69
2004-02-25,4.3,1.67
2004-02-26,4.33,1.69
2004-02-27,4.32,1.66
2004-03-01,4.39,1.67
2004-03-02,4.4,1.74
2004-03-03,4.45,1.74
2004-03-04,4.43,1.73
2004-03-05,4.34,1.57
2004-03-08,4.29,1.52
2004-03-09,4.28,1.51
2004-03-10,4.31,1.54
2004-03-11,4.27,1.52
2004-03-12,4.25,1.54
2004-03-15,4.25,1.56
2004-03-16,4.29,1.51
2004-03-17,4.31,1.53
2004-03-18,4.34,1.55
2004-03-19,4.38,1.56
2004-03-22,4.38,1.52
2004-03-23,4.39,1.52
2004-03-24,4.38,1.5
2004-03-25,4.37,1.51
2004-03-26,4.38,1.59
2004-03-29,4.45,1.63
2004-03-30,4.45,1.63
2004-03-31,4.44,1.6
2004-04-01,4.46,1.65
2004-04-02,4.57,1.86
2004-04-05,4.59,1.91
2004-04-06,4.57,1.86
2004-04-07,4.55,1.87
2004-04-08,4.52,1.88
2004-04-09,4.52,1.88
2004-04-12,4.52,1.91
2004-04-13,4.58,2.01
2004-04-14,4.59,2.13
2004-04-15,4.58,2.1
2004-04-16,4.57,2.03
2004-04-19,4.58,2.07
2004-04-20,4.57,2.11
2004-04-21,4.57,2.22
2004-04-22,4.55,2.15
2004-04-23,4.55,2.29
2004-04-26,4.61,2.28
2004-04-27,4.62,2.21
2004-04-28,4.63,2.3
2004-04-29,4.63,2.34
2004-04-30,4.62,2.31
2004-05-03,4.62,2.34
2004-05-04,4.59,2.32
2004-05-05,4.59,2.34
2004-05-06,4.65,2.39
2004-05-07,4.76,2.64
2004-05-10,4.77,2.61
2004-05-11,4.74,2.61
2004-05-12,4.79,2.62
2004-05-13,4.84,2.67
2004-05-14,4.82,2.59
2004-05-17,4.78,2.51
2004-05-18,4.81,2.58
2004-05-19,4.9,2.61
2004-05-20,4.92,2.55
2004-05-21,4.93,2.6
2004-05-24,4.96,2.59
2004-05-25,4.95,2.58
2004-05-26,4.92,2.52
2004-05-27,4.93,2.46
2004-05-28,4.98,2.54
2004-05-31,4.98,2.54
2004-06-01,5.02,2.6
2004-06-02,5.05,2.65
2004-06-03,5.04,2.63
2004-06-04,5.05,2.7
2004-06-07,5.05,2.67
2004-06-08,5.03,2.73
2004-06-09,5.07,2.79
2004-06-10,5.05,2.81
2004-06-11,5.05,2.81
2004-06-14,5.09,2.97
2004-06-15,5.03,2.77
2004-06-16,5.04,2.84
2004-06-17,5.09,2.81
2004-06-18,5.04,2.81
2004-06-21,5.02,2.8
2004-06-22,5.03,2.8
2004-06-23,4.97,2.78
2004-06-24,4.93,2.74
2004-06-25,4.95,2.74
2004-06-28,4.95,2.86
2004-06-29,4.95,2.83
2004-06-30,4.89,2.7
2004-07-01,4.89,2.64
2004-07-02,4.86,2.54
2004-07-05,4.88,2.54
2004-07-06,4.9,2.56
2004-07-07,4.9,2.56
2004-07-08,4.89,2.55
2004-07-09,4.9,2.55
2004-07-12,4.9,2.53
2004-07-13,4.95,2.58
2004-07-14,4.93,2.62
2004-07-15,4.92,2.64
2004-07-16,4.84,2.54
2004-07-19,4.84,2.56
2004-07-20,4.84,2.67
2004-07-21,4.93,2.71
2004-07-22,4.95,2.69
2004-07-23,4.98,2.69
2004-07-26,5.0,2.75
2004-07-27,5.01,2.82
2004-07-28,5.02,2.78
2004-07-29,5.02,2.75
2004-07-30,4.98,2.68
2004-08-02,4.98,2.66
2004-08-03,4.99,2.66
2004-08-04,4.98,2.66
2004-08-05,4.9,2.64
2004-08-06,4.81,2.4
2004-08-09,4.84,2.45
2004-08-10,4.83,2.55
2004-08-11,4.86,2.54
2004-08-12,4.82,2.52
2004-08-13,4.81,2.47
2004-08-16,4.84,2.51
2004-08-17,4.83,2.44
2004-08-18,4.81,2.44
2004-08-19,4.8,2.43
2004-08-20,4.79,2.46
2004-08-23,4.85,2.5
2004-08-24,4.86,2.5
2004-08-25,4.82,2.51
2004-08-26,4.81,2.48
2004-08-27,4.78,2.48
2004-08-30,4.78,2.47
2004-08-31,4.73,2.41
2004-09-01,4.71,2.41
2004-09-02,4.74,2.46
2004-09-03,4.79,2.61
2004-09-06,4.74,2.61
2004-09-07,4.76,2.58
2004-09-08,4.76,2.5
2004-09-09,4.73,2.5
2004-09-10,4.71,2.5
2004-09-13,4.72,2.5
2004-09-14,4.69,2.47
2004-09-15,4.72,2.51
2004-09-16,4.77,2.44
2004-09-17,4.75,2.53
2004-09-20,4.74,2.46
2004-09-21,4.71,2.49
2004-09-22,4.66,2.5
2004-09-23,4.67,2.57
2004-09-24,4.69,2.62
2004-09-27,4.66,2.59
2004-09-28,4.65,2.55
2004-09-29,4.62,2.61
2004-09-30,4.61,2.63
2004-10-01,4.62,2.63
2004-10-04,4.64,2.65
2004-10-05,4.61,2.65
2004-10-06,4.6,2.7
2004-10-07,4.6,2.72
2004-10-08,4.56,2.61
2004-10-11,4.55,2.61
2004-10-12,4.5,2.56
2004-10-13,4.52,2.53
2004-10-14,4.51,2.48
2004-10-15,4.53,2.53
2004-10-18,4.51,2.55
2004-10-19,4.52,2.57
2004-10-20,4.45,2.53
2004-10-21,4.48,2.57
2004-10-22,4.46,2.55
2004-10-25,4.43,2.54
2004-10-26,4.45,2.54
2004-10-27,4.48,2.63
2004-10-28,4.52,2.59
2004-10-29,4.51,2.56
2004-11-01,4.5,2.61
2004-11-02,4.57,2.6
2004-11-03,4.57,2.6
2004-11-04,4.54,2.63
2004-11-05,4.59,2.8
2004-11-08,4.59,2.8
2004-11-09,4.57,2.8
2004-11-10,4.52,2.82
2004-11-11,4.48,2.82
2004-11-12,4.45,2.86
2004-11-15,4.43,2.89
2004-11-16,4.44,2.91
2004-11-17,4.47,2.85
2004-11-18,4.52,2.86
2004-11-19,4.52,2.95
2004-11-22,4.49,2.95
2004-11-23,4.45,2.98
2004-11-24,4.43,3.01
2004-11-25,4.38,3.01
2004-11-26,4.35,3.03
2004-11-29,4.34,3.07
2004-11-30,4.36,3.02
2004-12-01,4.42,3.01
2004-12-02,4.46,3.04
2004-12-03,4.43,2.94
2004-12-06,4.39,2.93
2004-12-07,4.36,2.95
2004-12-08,4.35,2.91
2004-12-09,4.33,2.93
2004-12-10,4.34,2.95
2004-12-13,4.33,2.98
2004-12-14,4.35,2.99
2004-12-15,4.32,2.97
2004-12-16,4.37,3.01
2004-12-17,4.42,3.03
2004-12-20,4.42,3.06
2004-12-21,4.42,3.05
2004-12-22,4.37,3.04
2004-12-23,4.34,3.02
2004-12-24,4.33,3.02
2004-12-27,4.33,3.07
2004-12-28,4.33,3.08
2004-12-29,4.41,3.12
2004-12-30,4.41,3.1
2004-12-31,4.38,3.08
2005-01-03,4.38,3.1
2005-01-04,4.37,3.2
2005-01-05,4.38,3.22
2005-01-06,4.34,3.18
2005-01-07,4.35,3.2
2005-01-10,4.34,3.23
2005-01-11,4.34,3.24
2005-01-12,4.34,3.22
2005-01-13,4.3,3.21
2005-01-14,4.31,3.24
2005-01-17,4.29,3.24
2005-01-18,4.39,3.26
2005-01-19,4.41,3.26
2005-01-20,4.43,3.21
2005-01-21,4.39,3.16
2005-01-24,4.39,3.2
2005-01-25,4.39,3.23
2005-01-26,4.42,3.27
2005-01-27,4.44,3.28
2005-01-28,4.43,3.25
2005-01-31,4.43,3.29
2005-02-01,4.43,3.29
2005-02-02,4.43,3.32
2005-02-03,4.45,3.34
2005-02-04,4.43,3.29
2005-02-07,4.44,3.31
2005-02-08,4.46,3.33
2005-02-09,4.48,3.24
2005-02-10,4.47,3.29
2005-02-11,4.49,3.34
2005-02-14,4.54,3.38
2005-02-15,4.53,3.37
2005-02-16,4.51,3.41
2005-02-17,4.53,3.38
2005-02-18,4.55,3.45
2005-02-21,4.59,3.45
2005-02-22,4.61,3.46
2005-02-23,4.66,3.46
2005-02-24,4.72,3.52
2005-02-25,4.71,3.54
2005-02-28,4.7,3.59
2005-03-01,4.73,3.59
2005-03-02,4.77,3.57
2005-03-03,4.76,3.59
2005-03-04,4.73,3.57
2005-03-07,4.73,3.61
2005-03-08,4.78,3.62
2005-03-09,4.78,3.66
2005-03-10,4.78,3.68
2005-03-11,4.77,3.73
2005-03-14,4.76,3.75
2005-03-15,4.72,3.75
2005-03-16,4.7,3.72
2005-03-17,4.7,3.7
2005-03-18,4.71,3.72
2005-03-21,4.71,3.72
2005-03-22,4.67,3.86
2005-03-23,4.72,3.84
2005-03-24,4.71,3.88
2005-03-25,4.71,3.88
2005-03-28,4.71,3.9
2005-03-29,4.7,3.87
2005-03-30,4.66,3.86
2005-03-31,4.62,3.8
2005-04-01,4.63,3.75
2005-04-04,4.6,3.74
2005-04-05,4.61,3.75
2005-04-06,4.6,3.7
2005-04-07,4.55,3.72
2005-04-08,4.57,3.77
2005-04-11,4.57,3.75
2005-04-12,4.58,3.71
2005-04-13,4.55,3.66
2005-04-14,4.55,3.6
2005-04-15,4.51,3.54
2005-04-18,4.49,3.55
2005-04-19,4.52,3.5
2005-04-20,4.55,3.52
2005-04-21,4.53,3.65
2005-04-22,4.54,3.62
2005-04-25,4.53,3.64
2005-04-26,4.52,3.67
2005-04-27,4.5,3.64
2005-04-28,4.48,3.59
2005-04-29,4.48,3.66
2005-05-02,4.48,3.64
2005-05-03,4.46,3.68
2005-05-04,4.47,3.63
2005-05-05,4.44,3.58
2005-05-06,4.48,3.73
2005-05-09,4.45,3.76
2005-05-10,4.43,3.69
2005-05-11,4.34,3.68
2005-05-12,4.31,3.66
2005-05-13,4.27,3.61
2005-05-16,4.27,3.61
2005-05-17,4.26,3.61
2005-05-18,4.25,3.56
2005-05-19,4.28,3.64
2005-05-20,4.29,3.69
2005-05-23,4.26,3.65
2005-05-24,4.24,3.61
2005-05-25,4.22,3.61
2005-05-26,4.27,3.64
2005-05-27,4.28,3.64
2005-05-30,4.28,3.64
2005-05-31,4.22,3.6
2005-06-01,4.17,3.5
2005-06-02,4.17,3.52
2005-06-03,4.18,3.57
2005-06-06,4.2,3.59
2005-06-07,4.18,3.57
2005-06-08,4.16,3.6
2005-06-09,4.19,3.64
2005-06-10,4.21,3.71
2005-06-13,4.22,3.71
2005-06-14,4.27,3.71
2005-06-15,4.3,3.72
2005-06-16,4.3,3.7
2005-06-17,4.29,3.72
2005-06-20,4.31,3.72
2005-06-21,4.26,3.71
2005-06-22,4.14,3.62
2005-06-23,4.11,3.63
2005-06-24,4.1,3.59
2005-06-27,4.06,3.6
2005-06-28,4.1,3.65
2005-06-29,4.09,3.65
2005-06-30,4.02,3.66
2005-07-01,4.05,3.76
2005-07-04,4.06,3.76
2005-07-05,4.11,3.79
2005-07-06,4.11,3.77
2005-07-07,4.0,3.71
2005-07-08,4.03,3.78
2005-07-11,4.09,3.81
2005-07-12,4.11,3.82
2005-07-13,4.09,3.84
2005-07-14,4.1,3.86
2005-07-15,4.09,3.86
2005-07-18,4.06,3.89
2005-07-19,4.09,3.88
2005-07-20,4.09,3.9
2005-07-21,4.15,3.96
2005-07-22,4.09,3.92
2005-07-25,4.08,3.95
2005-07-26,4.11,3.95
2005-07-27,4.12,3.99
2005-07-28,4.13,3.96
2005-07-29,4.15,4.02
2005-08-01,4.21,4.04
2005-08-02,4.22,4.06
2005-08-03,4.23,4.02
2005-08-04,4.19,4.04
2005-08-05,4.23,4.11
2005-08-08,4.23,4.16
2005-08-09,4.23,4.13
2005-08-10,4.26,4.13
2005-08-11,4.27,4.1
2005-08-12,4.23,4.05
2005-08-15,4.22,4.08
2005-08-16,4.21,4.03
2005-08-17,4.21,4.07
2005-08-18,4.2,4.01
2005-08-19,4.19,4.03
2005-08-22,4.18,4.03
2005-08-23,4.17,4.01
2005-08-24,4.15,3.99
2005-08-25,4.13,4.0
2005-08-26,4.13,4.06
2005-08-29,4.13,4.06
2005-08-30,4.09,3.97
2005-08-31,4.06,3.84
2005-09-01,4.04,3.72
2005-09-02,4.05,3.75
2005-09-05,4.06,3.75
2005-09-06,4.08,3.8
2005-09-07,4.11,3.87
2005-09-08,4.1,3.87
2005-09-09,4.08,3.88
2005-09-12,4.15,3.92
2005-09-13,4.13,3.88
2005-09-14,4.13,3.9
2005-09-15,4.12,3.9
2005-09-16,4.16,3.97
2005-09-19,4.13,3.93
2005-09-20,4.13,4.0
2005-09-21,4.09,3.96
2005-09-22,4.09,3.95
2005-09-23,4.12,4.02
2005-09-26,4.16,4.07
2005-09-27,4.2,4.08
2005-09-28,4.18,4.09
2005-09-29,4.14,4.13
2005-09-30,4.15,4.18
2005-10-03,4.16,4.21
2005-10-04,4.14,4.22
2005-10-05,4.13,4.21
2005-10-06,4.1,4.2
2005-10-07,4.1,4.18
2005-10-10,4.08,4.18
2005-10-11,4.11,4.22
2005-10-12,4.15,4.24
2005-10-13,4.2,4.24
2005-10-14,4.23,4.27
2005-10-17,4.24,4.29
2005-10-18,4.21,4.27
2005-10-19,4.22,4.25
2005-10-20,4.28,4.27
2005-10-21,4.25,4.22
2005-10-24,4.25,4.25
2005-10-25,4.29,4.34
2005-10-26,4.3,4.38
2005-10-27,4.28,4.36
2005-10-28,4.28,4.4
2005-10-31,4.27,4.4
2005-11-01,4.3,4.42
2005-11-02,4.34,4.43
2005-11-03,4.37,4.47
2005-11-04,4.37,4.47
2005-11-07,4.35,4.47
2005-11-08,4.33,4.43
2005-11-09,4.36,4.49
2005-11-10,4.36,4.44
2005-11-11,4.38,4.44
2005-11-14,4.36,4.5
2005-11-15,4.32,4.47
2005-11-16,4.23,4.42
2005-11-17,4.22,4.37
2005-11-18,4.24,4.4
2005-11-21,4.21,4.39
2005-11-22,4.21,4.32
2005-11-23,4.22,4.36
2005-11-24,4.19,4.36
2005-11-25,4.19,4.33
2005-11-28,4.19,4.33
2005-11-29,4.23,4.4
2005-11-30,4.23,4.42
2005-12-01,4.2,4.45
2005-12-02,4.22,4.43
2005-12-05,4.25,4.47
2005-12-06,4.24,4.42
2005-12-07,4.3,4.42
2005-12-08,4.28,4.37
2005-12-09,4.36,4.43
2005-12-12,4.34,4.45
2005-12-13,4.32,4.43
2005-12-14,4.3,4.37
2005-12-15,4.32,4.37
2005-12-16,4.3,4.37
2005-12-19,4.22,4.38
2005-12-20,4.2,4.42
2005-12-21,4.2,4.43
2005-12-22,4.17,4.4
2005-12-23,4.16,4.37
2005-12-26,4.16,4.37
2005-12-27,4.16,4.35
2005-12-28,4.12,4.37
2005-12-29,4.13,4.38
2005-12-30,4.13,4.41
2006-01-02,4.13,4.41
2006-01-03,4.13,4.34
2006-01-04,4.11,4.31
2006-01-05,4.12,4.32
2006-01-06,4.15,4.36
2006-01-09,4.19,4.36
2006-01-10,4.22,4.41
2006-01-11,4.2,4.44
2006-01-12,4.18,4.39
2006-01-13,4.15,4.34
2006-01-16,4.14,4.34
2006-01-17,4.11,4.33
2006-01-18,4.13,4.33
2006-01-19,4.17,4.37
2006-01-20,4.19,4.37
2006-01-23,4.18,4.35
2006-01-24,4.2,4.37
2006-01-25,4.25,4.46
2006-01-26,4.27,4.49
2006-01-27,4.26,4.51
2006-01-30,4.24,4.52
2006-01-31,4.25,4.54
2006-02-01,4.29,4.59
2006-02-02,4.3,4.59
2006-02-03,4.26,4.59
2006-02-06,4.26,4.62
2006-02-07,4.25,4.61
2006-02-08,4.23,4.64
2006-02-09,4.2,4.66
2006-02-10,4.2,4.69
2006-02-13,4.21,4.68
2006-02-14,4.14,4.69
2006-02-15,4.18,4.71
2006-02-16,4.16,4.69
2006-02-17,4.15,4.66
2006-02-20,4.15,4.66
2006-02-21,4.16,4.71
2006-02-22,4.19,4.68
2006-02-23,4.21,4.72
2006-02-24,4.26,4.74
2006-02-27,4.3,4.74
2006-02-28,4.28,4.69
2006-03-01,4.28,4.71
2006-03-02,4.32,4.72
2006-03-03,4.35,4.76
2006-03-06,4.34,4.77
2006-03-07,4.35,4.77
2006-03-08,4.34,4.72
2006-03-09,4.35,4.72
2006-03-10,4.37,4.74
2006-03-13,4.39,4.74
2006-03-14,4.35,4.66
2006-03-15,4.35,4.69
2006-03-16,4.34,4.62
2006-03-17,4.37,4.65
2006-03-20,4.36,4.65
2006-03-21,4.39,4.72
2006-03-22,4.38,4.74
2006-03-23,4.39,4.77
2006-03-24,4.38,4.72
2006-03-27,4.38,4.72
2006-03-28,4.41,4.81
2006-03-29,4.42,4.82
2006-03-30,4.42,4.84
2006-03-31,4.42,4.82
2006-04-03,4.42,4.86
2006-04-04,4.43,4.84
2006-04-05,4.38,4.81
2006-04-06,4.4,4.84
2006-04-07,4.4,4.89
2006-04-10,4.42,4.89
2006-04-11,4.43,4.88
2006-04-12,4.43,4.91
2006-04-13,4.5,4.96
2006-04-14,4.5,4.96
2006-04-17,4.5,4.91
2006-04-18,4.49,4.84
2006-04-19,4.49,4.86
2006-04-20,4.47,4.89
2006-04-21,4.48,4.9
2006-04-24,4.51,4.89
2006-04-25,4.56,4.95
2006-04-26,4.61,4.99
2006-04-27,4.6,4.91
2006-04-28,4.58,4.87
2006-05-01,4.58,4.94
2006-05-02,4.62,4.92
2006-05-03,4.66,4.94
2006-05-04,4.71,4.97
2006-05-05,4.7,4.94
2006-05-08,4.73,4.97
2006-05-09,4.74,4.97
2006-05-10,4.7,5.01
2006-05-11,4.75,4.99
2006-05-12,4.78,5.01
2006-05-15,4.74,4.99
2006-05-16,4.71,4.96
2006-05-17,4.77,4.97
2006-05-18,4.7,4.94
2006-05-19,4.71,4.96
2006-05-22,4.67,4.94
2006-05-23,4.69,4.97
2006-05-24,4.66,4.94
2006-05-25,4.63,4.98
2006-05-26,4.64,4.96
2006-05-29,4.64,4.96
2006-05-30,4.66,4.99
2006-05-31,4.67,5.04
2006-06-01,4.7,5.04
2006-06-02,4.66,4.92
2006-06-05,4.67,4.99
2006-06-06,4.7,4.99
2006-06-07,4.7,5.02
2006-06-08,4.67,5.01
2006-06-09,4.64,5.01
2006-06-12,4.63,5.02
2006-06-13,4.63,5.02
2006-06-14,4.65,5.11
2006-06-15,4.73,5.14
2006-06-16,4.73,5.16
2006-06-19,4.78,5.19
2006-06-20,4.81,5.19
2006-06-21,4.8,5.2
2006-06-22,4.8,5.23
2006-06-23,4.82,5.27
2006-06-26,4.82,5.27
2006-06-27,4.82,5.24
2006-06-28,4.83,5.29
2006-06-29,4.79,5.21
2006-06-30,4.75,5.16
2006-07-03,4.78,5.17
2006-07-04,4.75,5.17
2006-07-05,4.77,5.24
2006-07-06,4.75,5.22
2006-07-07,4.71,5.17
2006-07-10,4.73,5.17
2006-07-11,4.72,5.17
2006-07-12,4.74,5.17
2006-07-13,4.71,5.12
2006-07-14,4.67,5.08
2006-07-17,4.69,5.12
2006-07-18,4.77,5.19
2006-07-19,4.76,5.12
2006-07-20,4.76,5.06
2006-07-21,4.73,5.08
2006-07-24,4.72,5.1
2006-07-25,4.74,5.11
2006-07-26,4.75,5.06
2006-07-27,4.71,5.07
2006-07-28,4.69,4.98
2006-07-31,4.71,4.97
2006-08-01,4.73,4.97
2006-08-02,4.75,4.97
2006-08-03,4.86,4.98
2006-08-04,4.89,4.91
2006-08-07,4.89,4.96
2006-08-08,4.91,4.91
2006-08-09,4.9,4.91
2006-08-10,4.91,4.93
2006-08-11,4.95,4.96
2006-08-14,4.98,5.01
2006-08-15,4.95,4.94
2006-08-16,4.91,4.87
2006-08-17,4.87,4.89
2006-08-18,4.85,4.87
2006-08-21,4.82,4.85
2006-08-22,4.79,4.87
2006-08-23,4.81,4.87
2006-08-24,4.82,4.88
2006-08-25,4.82,4.86
2006-08-28,4.82,4.88
2006-08-29,4.82,4.87
2006-08-30,4.82,4.83
2006-08-31,4.81,4.79
2006-09-01,4.78,4.77
2006-09-04,4.79,4.77
2006-09-05,4.79,4.8
2006-09-06,4.81,4.82
2006-09-07,4.81,4.82
2006-09-08,4.79,4.8
2006-09-11,4.83,4.83
2006-09-12,4.87,4.82
2006-09-13,4.86,4.8
2006-09-14,4.87,4.83
2006-09-15,4.89,4.87
2006-09-18,4.94,4.88
2006-09-19,4.92,4.79
2006-09-20,4.91,4.81
2006-09-21,4.91,4.71
2006-09-22,4.84,4.67
2006-09-25,4.82,4.63
2006-09-26,4.82,4.68
2006-09-27,4.8,4.66
2006-09-28,4.79,4.68
2006-09-29,4.82,4.71
2006-10-02,4.85,4.66
2006-10-03,4.88,4.67
2006-10-04,4.86,4.6
2006-10-05,4.84,4.65
2006-10-06,4.87,4.74
2006-10-09,4.88,4.74
2006-10-10,4.92,4.82
2006-10-11,4.92,4.85
2006-10-12,4.92,4.85
2006-10-13,4.95,4.87
2006-10-16,4.94,4.85
2006-10-17,4.94,4.83
2006-10-18,4.94,4.85
2006-10-19,4.94,4.85
2006-10-20,4.98,4.87
2006-10-23,5.0,4.9
2006-10-24,5.01,4.91
2006-10-25,5.01,4.88
2006-10-26,4.99,4.81
2006-10-27,4.96,4.76
2006-10-30,4.96,4.78
2006-10-31,4.92,4.71
2006-11-01,4.9,4.66
2006-11-02,4.92,4.67
2006-11-03,4.96,4.82
2006-11-06,4.99,4.82
2006-11-07,4.96,4.77
2006-11-08,4.99,4.75
2006-11-09,4.96,4.75
2006-11-10,4.94,4.73
2006-11-13,4.96,4.76
2006-11-14,4.93,4.74
2006-11-15,4.91,4.8
2006-11-16,4.94,4.85
2006-11-17,4.93,4.76
2006-11-20,4.91,4.76
2006-11-21,4.93,4.75
2006-11-22,4.93,4.74
2006-11-23,4.95,4.74
2006-11-24,4.92,4.73
2006-11-27,4.94,4.71
2006-11-28,4.92,4.67
2006-11-29,4.93,4.69
2006-11-30,4.92,4.62
2006-12-01,4.88,4.52
2006-12-04,4.85,4.52
2006-12-05,4.85,4.52
2006-12-06,4.85,4.59
2006-12-07,4.87,4.58
2006-12-08,4.9,4.68
2006-12-11,4.94,4.67
2006-12-12,4.97,4.61
2006-12-13,5.0,4.7
2006-12-14,5.04,4.73
2006-12-15,5.04,4.73
2006-12-18,5.06,4.71
2006-12-19,5.08,4.71
2006-12-20,5.08,4.71
2006-12-21,5.09,4.66
2006-12-22,5.1,4.71
2006-12-25,5.1,4.71
2006-12-26,5.1,4.71
2006-12-27,5.13,4.77
2006-12-28,5.13,4.82
2006-12-29,5.1,4.82
2007-01-01,5.1,4.82
2007-01-02,5.11,4.8
2007-01-03,5.12,4.76
2007-01-04,5.11,4.71
2007-01-05,5.13,4.76
2007-01-08,5.14,4.78
2007-01-09,5.15,4.79
2007-01-10,5.15,4.81
2007-01-11,5.27,4.86
2007-01-12,5.32,4.88
2007-01-15,5.31,4.88
2007-01-16,5.31,4.86
2007-01-17,5.35,4.91
2007-01-18,5.37,4.89
2007-01-19,5.38,4.93
2007-01-22,5.39,4.91
2007-01-23,5.4,4.94
2007-01-24,5.36,4.93
2007-01-25,5.39,4.98
2007-01-26,5.4,4.99
2007-01-29,5.4,4.99
2007-01-30,5.37,4.98
2007-01-31,5.37,4.94
2007-02-01,5.4,4.96
2007-02-02,5.42,4.94
2007-02-05,5.42,4.92
2007-02-06,5.43,4.9
2007-02-07,5.4,4.87
2007-02-08,5.33,4.87
2007-02-09,5.35,4.92
2007-02-12,5.36,4.94
2007-02-13,5.3,4.95
2007-02-14,5.31,4.87
2007-02-15,5.24,4.83
2007-02-16,5.25,4.83
2007-02-19,5.27,4.83
2007-02-20,5.28,4.81
2007-02-21,5.27,4.82
2007-02-22,5.29,4.87
2007-02-23,5.28,4.82
2007-02-26,5.28,4.77
2007-02-27,5.24,4.59
2007-02-28,5.23,4.65
2007-03-01,5.24,4.63
2007-03-02,5.21,4.56
2007-03-05,5.18,4.53
2007-03-06,5.19,4.58
2007-03-07,5.19,4.54
2007-03-08,5.18,4.56
2007-03-09,5.2,4.66
2007-03-12,5.2,4.62
2007-03-13,5.17,4.52
2007-03-14,5.14,4.54
2007-03-15,5.18,4.57
2007-03-16,5.18,4.58
2007-03-19,5.22,4.61
2007-03-20,5.27,4.6
2007-03-21,5.27,4.51
2007-03-22,5.29,4.58
2007-03-23,5.31,4.6
2007-03-26,5.31,4.56
2007-03-27,5.33,4.58
2007-03-28,5.32,4.53
2007-03-29,5.34,4.58
2007-03-30,5.36,4.58
2007-04-02,5.39,4.6
2007-04-03,5.41,4.63
2007-04-04,5.38,4.61
2007-04-05,5.36,4.63
2007-04-06,5.36,4.75
2007-04-09,5.36,4.73
2007-04-10,5.37,4.71
2007-04-11,5.37,4.73
2007-04-12,5.39,4.73
2007-04-13,5.41,4.76
2007-04-16,5.42,4.74
2007-04-17,5.46,4.68
2007-04-18,5.43,4.64
2007-04-19,5.44,4.64
2007-04-20,5.44,4.64
2007-04-23,5.43,4.62
2007-04-24,5.44,4.58
2007-04-25,5.45,4.63
2007-04-26,5.47,4.67
2007-04-27,5.47,4.67
2007-04-30,5.44,4.6
2007-05-01,5.48,4.63
2007-05-02,5.5,4.65
2007-05-03,5.52,4.71
2007-05-04,5.51,4.68
2007-05-07,5.51,4.68
2007-05-08,5.5,4.68
2007-05-09,5.5,4.73
2007-05-10,5.5,4.7
2007-05-11,5.49,4.71
2007-05-14,5.52,4.73
2007-05-15,5.51,4.75
2007-05-16,5.52,4.73
2007-05-17,5.55,4.78
2007-05-18,5.55,4.82
2007-05-21,5.57,4.81
2007-05-22,5.58,4.83
2007-05-23,5.64,4.85
2007-05-24,5.63,4.85
2007-05-25,5.65,4.85
2007-05-28,5.65,4.85
2007-05-29,5.66,4.88
2007-05-30,5.66,4.89
2007-05-31,5.68,4.92
2007-06-01,5.72,4.97
2007-06-04,5.73,4.97
2007-06-05,5.73,4.99
2007-06-06,5.67,4.97
2007-06-07,5.71,5.03
2007-06-08,5.73,5.01
2007-06-11,5.73,5.01
2007-06-12,5.78,5.08
2007-06-13,5.79,5.08
2007-06-14,5.73,5.1
2007-06-15,5.74,5.05
2007-06-18,5.74,5.01
2007-06-19,5.72,4.94
2007-06-20,5.76,4.97
2007-06-21,5.79,4.98
2007-06-22,5.79,4.92
2007-06-25,5.77,4.87
2007-06-26,5.75,4.9
2007-06-27,5.72,4.91
2007-06-28,5.73,4.96
2007-06-29,5.76,4.87
2007-07-02,5.72,4.86
2007-07-03,5.74,4.89
2007-07-04,5.77,4.89
2007-07-05,5.79,4.99
2007-07-06,5.81,4.99
2007-07-09,5.8,4.97
2007-07-10,5.73,4.85
2007-07-11,5.74,4.89
2007-07-12,5.76,4.94
2007-07-13,5.77,4.94
2007-07-16,5.75,4.89
2007-07-17,5.8,4.91
2007-07-18,5.77,4.84
2007-07-19,5.75,4.87
2007-07-20,5.69,4.79
2007-07-23,5.69,4.8
2007-07-24,5.69,4.77
2007-07-25,5.65,4.74
2007-07-26,5.56,4.56
2007-07-27,5.5,4.56
2007-07-30,5.48,4.59
2007-07-31,5.55,4.56
2007-08-01,5.54,4.56
2007-08-02,5.58,4.59
2007-08-03,5.58,4.46
2007-08-06,5.56,4.46
2007-08-07,5.57,4.56
2007-08-08,5.64,4.64
2007-08-09,5.6,4.49
2007-08-10,5.54,4.47
2007-08-13,5.55,4.46
2007-08-14,5.48,4.39
2007-08-15,5.42,4.27
2007-08-16,5.35,4.08
2007-08-17,5.32,4.18
2007-08-20,5.34,4.11
2007-08-21,5.26,4.05
2007-08-22,5.34,4.15
2007-08-23,5.35,4.2
2007-08-24,5.35,4.3
2007-08-27,5.35,4.28
2007-08-28,5.33,4.13
2007-08-29,5.29,4.14
2007-08-30,5.28,4.08
2007-08-31,5.3,4.15
2007-09-03,5.34,4.15
2007-09-04,5.35,4.13
2007-09-05,5.29,4.03
2007-09-06,5.24,4.08
2007-09-07,5.15,3.9
2007-09-10,5.07,3.87
2007-09-11,5.01,3.95
2007-09-12,4.99,3.95
2007-09-13,5.08,4.08
2007-09-14,5.01,4.05
2007-09-17,4.99,4.08
2007-09-18,5.11,4.0
2007-09-19,5.1,4.0
2007-09-20,5.14,4.1
2007-09-21,5.17,4.06
2007-09-24,5.16,4.05
2007-09-25,5.07,4.0
2007-09-26,5.07,3.97
2007-09-27,5.08,3.95
2007-09-28,5.01,3.97
2007-10-01,4.98,4.02
2007-10-02,4.98,3.98
2007-10-03,4.97,4.02
2007-10-04,4.99,4.0
2007-10-05,5.01,4.08
2007-10-08,5.03,4.08
2007-10-09,5.02,4.15
2007-10-10,5.17,4.15
2007-10-11,5.16,4.13
2007-10-12,5.2,4.23
2007-10-15,5.23,4.22
2007-10-16,5.18,4.12
2007-10-17,5.14,4.0
2007-10-18,5.08,3.93
2007-10-19,5.02,3.8
2007-10-22,4.99,3.85
2007-10-23,5.02,3.81
2007-10-24,4.97,3.74
2007-10-25,4.97,3.74
2007-10-26,4.96,3.77
2007-10-29,4.96,3.79
2007-10-30,5.0,3.82
2007-10-31,5.06,3.94
2007-11-01,5.05,3.77
2007-11-02,4.98,3.66
2007-11-05,4.95,3.69
2007-11-06,4.94,3.7
2007-11-07,4.9,3.61
2007-11-08,4.82,3.47
2007-11-09,4.74,3.42
2007-11-12,4.74,3.42
2007-11-13,4.73,3.54
2007-11-14,4.7,3.57
2007-11-15,4.61,3.35
2007-11-16,4.54,3.33
2007-11-19,4.52,3.18
2007-11-20,4.51,3.14
2007-11-21,4.44,2.99
2007-11-22,4.38,2.99
2007-11-23,4.38,3.07
2007-11-26,4.4,2.92
2007-11-27,4.47,3.05
2007-11-28,4.6,3.17
2007-11-29,4.48,3.06
2007-11-30,4.54,3.04
2007-12-03,4.51,2.9
2007-12-04,4.45,2.9
2007-12-05,4.39,2.9
2007-12-06,4.43,3.03
2007-12-07,4.5,3.12
2007-12-10,4.52,3.17
2007-12-11,4.48,2.94
2007-12-12,4.63,3.07
2007-12-13,4.61,3.21
2007-12-14,4.64,3.31
2007-12-17,4.61,3.24
2007-12-18,4.6,3.19
2007-12-19,4.53,3.12
2007-12-20,4.44,3.09
2007-12-21,4.49,3.19
2007-12-24,4.44,3.24
2007-12-25,4.44,3.24
2007-12-26,4.44,3.31
2007-12-27,4.45,3.24
2007-12-28,4.39,3.12
2007-12-31,4.34,3.05
2008-01-01,4.34,3.05
2008-01-02,4.29,2.88
2008-01-03,4.28,2.83
2008-01-04,4.24,2.74
2008-01-07,4.24,2.76
2008-01-08,4.28,2.76
2008-01-09,4.22,2.69
2008-01-10,4.23,2.71
2008-01-11,4.23,2.59
2008-01-14,4.17,2.58
2008-01-15,4.19,2.53
2008-01-16,4.21,2.51
2008-01-17,4.25,2.44
2008-01-18,4.26,2.36
2008-01-21,4.17,2.36
2008-01-22,4.23,2.08
2008-01-23,4.16,2.09
2008-01-24,4.3,2.25
2008-01-25,4.35,2.23
2008-01-28,4.3,2.2
2008-01-29,4.39,2.29
2008-01-30,4.36,2.3
2008-01-31,4.24,2.17
2008-02-01,4.21,2.09
2008-02-04,4.23,2.08
2008-02-05,4.13,1.93
2008-02-06,4.09,1.96
2008-02-07,4.03,1.99
2008-02-08,4.03,1.93
2008-02-11,4.09,1.93
2008-02-12,4.22,1.94
2008-02-13,4.23,1.91
2008-02-14,4.22,1.93
2008-02-15,4.14,1.91
2008-02-18,4.19,1.91
2008-02-19,4.18,2.06
2008-02-20,4.19,2.14
2008-02-21,4.24,1.98
2008-02-22,4.24,1.98
2008-02-25,4.27,2.13
2008-02-26,4.26,2.04
2008-02-27,4.27,2.01
2008-02-28,4.17,1.87
2008-02-29,4.03,1.65
2008-03-03,4.02,1.61
2008-03-04,3.98,1.65
2008-03-05,4.01,1.66
2008-03-06,3.87,1.53
2008-03-07,3.75,1.53
2008-03-10,3.67,1.47
2008-03-11,3.77,1.74
2008-03-12,3.97,1.63
2008-03-13,3.87,1.63
2008-03-14,3.83,1.47
2008-03-17,3.68,1.35
2008-03-18,3.76,1.58
2008-03-19,3.71,1.54
2008-03-20,3.77,1.59
2008-03-21,3.77,1.59
2008-03-24,3.77,1.84
2008-03-25,4.04,1.79
2008-03-26,4.05,1.71
2008-03-27,4.11,1.73
2008-03-28,4.01,1.67
2008-03-31,3.86,1.62
2008-04-01,4.0,1.8
2008-04-02,4.01,1.88
2008-04-03,3.98,1.91
2008-04-04,3.96,1.83
2008-04-07,4.01,1.95
2008-04-08,4.0,1.87
2008-04-09,3.99,1.77
2008-04-10,3.95,1.84
2008-04-11,3.91,1.76
2008-04-14,3.93,1.78
2008-04-15,3.91,1.84
2008-04-16,3.98,1.98
2008-04-17,4.12,2.13
2008-04-18,4.34,2.19
2008-04-21,4.3,2.2
2008-04-22,4.41,2.24
2008-04-23,4.41,2.22
2008-04-24,4.48,2.41
2008-04-25,4.5,2.44
2008-04-28,4.45,2.36
2008-04-29,4.39,2.35
2008-04-30,4.35,2.29
2008-05-01,4.33,2.37
2008-05-02,4.43,2.47
2008-05-05,4.43,2.42
2008-05-06,4.35,2.38
2008-05-07,4.38,2.31
2008-05-08,4.25,2.25
2008-05-09,4.24,2.25
2008-05-12,4.31,2.3
2008-05-13,4.47,2.47
2008-05-14,4.62,2.53
2008-05-15,4.69,2.45
2008-05-16,4.67,2.47
2008-05-19,4.75,2.42
2008-05-20,4.72,2.34
2008-05-21,4.78,2.41
2008-05-22,4.92,2.56
2008-05-23,4.92,2.46
2008-05-26,4.92,2.46
2008-05-27,4.93,2.55
2008-05-28,4.96,2.62
2008-05-29,5.04,2.67
2008-05-30,5.0,2.66
2008-06-02,4.9,2.51
2008-06-03,4.93,2.45
2008-06-04,4.84,2.47
2008-06-05,4.99,2.52
2008-06-06,5.02,2.4
2008-06-09,5.32,2.73
2008-06-10,5.31,2.91
2008-06-11,5.24,2.83
2008-06-12,5.34,3.03
2008-06-13,5.48,3.05
2008-06-16,5.47,3.02
2008-06-17,5.3,2.94
2008-06-18,5.31,2.89
2008-06-19,5.46,2.99
2008-06-20,5.34,2.88
2008-06-23,5.28,2.98
2008-06-24,5.25,2.87
2008-06-25,5.17,2.82
2008-06-26,5.06,2.68
2008-06-27,5.08,2.65
2008-06-30,5.16,2.63
2008-07-01,5.16,2.63
2008-07-02,5.1,2.6
2008-07-03,5.01,2.54
2008-07-04,4.95,2.54
2008-07-07,4.89,2.47
2008-07-08,4.86,2.47
2008-07-09,4.87,2.41
2008-07-10,4.84,2.44
2008-07-11,4.86,2.59
2008-07-14,4.88,2.47
2008-07-15,4.84,2.39
2008-07-16,4.89,2.44
2008-07-17,4.93,2.58
2008-07-18,5.07,2.66
2008-07-21,5.07,2.66
2008-07-22,5.01,2.74
2008-07-23,5.06,2.81
2008-07-24,4.93,2.61
2008-07-25,4.95,2.7
2008-07-28,4.9,2.59
2008-07-29,4.85,2.65
2008-07-30,4.82,2.64
2008-07-31,4.8,2.52
2008-08-01,4.84,2.51
2008-08-04,4.79,2.53
2008-08-05,4.74,2.54
2008-08-06,4.7,2.56
2008-08-07,4.64,2.43
2008-08-08,4.66,2.51
2008-08-11,4.75,2.56
2008-08-12,4.66,2.45
2008-08-13,4.5,2.5
2008-08-14,4.55,2.45
2008-08-15,4.53,2.4
2008-08-18,4.54,2.35
2008-08-19,4.55,2.32
2008-08-20,4.54,2.25
2008-08-21,4.57,2.33
2008-08-22,4.6,2.42
2008-08-25,4.6,2.33
2008-08-26,4.49,2.35
2008-08-27,4.51,2.31
2008-08-28,4.5,2.37
2008-08-29,4.48,2.36
2008-09-01,4.4,2.36
2008-09-02,4.43,2.26
2008-09-03,4.39,2.26
2008-09-04,4.37,2.2
2008-09-05,4.3,2.23
2008-09-08,4.43,2.3
2008-09-09,4.39,2.23
2008-09-10,4.39,2.22
2008-09-11,4.37,2.18
2008-09-12,4.49,2.23
2008-09-15,4.28,1.78
2008-09-16,4.2,1.89
2008-09-17,4.19,1.64
2008-09-18,4.1,1.78
2008-09-19,4.32,2.16
2008-09-22,4.42,2.13
2008-09-23,4.34,2.11
2008-09-24,4.24,2.03
2008-09-25,4.28,2.16
2008-09-26,4.2,2.11
2008-09-29,3.96,1.7
2008-09-30,3.97,2.0
2008-10-01,3.93,1.82
2008-10-02,3.9,1.62
2008-10-03,3.96,1.6
2008-10-06,3.63,1.43
2008-10-07,3.57,1.47
2008-10-08,3.51,1.65
2008-10-09,3.64,1.65
2008-10-10,3.57,1.62
2008-10-13,3.78,1.62
2008-10-14,3.96,1.82
2008-10-15,3.9,1.64
2008-10-16,3.85,1.61
2008-10-17,3.72,1.64
2008-10-20,3.61,1.71
2008-10-21,3.55,1.58
2008-10-22,3.3,1.53
2008-10-23,3.36,1.54
2008-10-24,3.19,1.57
2008-10-27,3.21,1.59
2008-10-28,3.23,1.65
2008-10-29,3.15,1.58
2008-10-30,3.07,1.59
2008-10-31,3.06,1.56
2008-11-03,3.01,1.45
2008-11-04,2.96,1.39
2008-11-05,2.88,1.36
2008-11-06,2.71,1.28
2008-11-07,2.66,1.33
2008-11-10,2.72,1.27
2008-11-11,2.73,1.27
2008-11-12,2.52,1.19
2008-11-13,2.47,1.24
2008-11-14,2.42,1.22
2008-11-17,2.37,1.22
2008-11-18,2.35,1.15
2008-11-19,2.4,1.09
2008-11-20,2.26,1.0
2008-11-21,2.24,1.09
2008-11-24,2.32,1.31
2008-11-25,2.43,1.15
2008-11-26,2.46,1.09
2008-11-27,2.6,1.09
2008-11-28,2.46,1.0
2008-12-01,2.28,0.9
2008-12-02,2.04,0.9
2008-12-03,1.95,0.87
2008-12-04,2.08,0.82
2008-12-05,2.13,0.93
2008-12-08,2.25,0.97
2008-12-09,2.23,0.84
2008-12-10,2.22,0.86
2008-12-11,2.2,0.79
2008-12-12,2.13,0.78
2008-12-15,2.09,0.75
2008-12-16,2.03,0.65
2008-12-17,1.85,0.73
2008-12-18,1.72,0.68
2008-12-19,1.73,0.74
2008-12-22,1.69,0.87
2008-12-23,1.68,0.9
2008-12-24,1.62,0.9
2008-12-25,1.62,0.9
2008-12-26,1.62,0.89
2008-12-29,1.66,0.78
2008-12-30,1.6,0.75
2008-12-31,1.51,0.76
2009-01-01,1.51,0.76
2009-01-02,1.49,0.88
2009-01-05,1.57,0.78
2009-01-06,1.57,0.8
2009-01-07,1.56,0.82
2009-01-08,1.47,0.83
2009-01-09,1.42,0.75
2009-01-12,1.41,0.74
2009-01-13,1.46,0.76
2009-01-14,1.44,0.73
2009-01-15,1.44,0.73
2009-01-16,1.51,0.73
2009-01-19,1.52,0.73
2009-01-20,1.47,0.73
2009-01-21,1.36,0.78
2009-01-22,1.38,0.75
2009-01-23,1.4,0.83
2009-01-26,1.39,0.85
2009-01-27,1.42,0.87
2009-01-28,1.41,0.89
2009-01-29,1.38,0.95
2009-01-30,1.43,0.94
2009-02-02,1.45,0.89
2009-02-03,1.54,0.96
2009-02-04,1.56,0.98
2009-02-05,1.52,0.98
2009-02-06,1.55,0.99
2009-02-09,1.53,1.05
2009-02-10,1.51,0.92
2009-02-11,1.21,0.93
2009-02-12,1.07,0.89
2009-02-13,1.19,0.97
2009-02-16,1.22,0.97
2009-02-17,1.22,0.87
2009-02-18,1.34,0.97
2009-02-19,1.36,1.01
2009-02-20,1.35,0.96
2009-02-23,1.39,0.96
2009-02-24,1.32,1.03
2009-02-25,1.29,1.09
2009-02-26,1.36,1.08
2009-02-27,1.32,1.0
2009-03-02,1.25,0.89
2009-03-03,1.17,0.91
2009-03-04,1.18,0.97
2009-03-05,1.16,0.9
2009-03-06,1.2,0.91
2009-03-09,1.32,0.96
2009-03-10,1.3,1.01
2009-03-11,1.37,1.03
2009-03-12,1.36,1.03
2009-03-13,1.39,0.98
2009-03-16,1.47,1.0
2009-03-17,1.48,1.05
2009-03-18,1.48,0.82
2009-03-19,1.41,0.87
2009-03-20,1.38,0.89
2009-03-23,1.39,0.93
2009-03-24,1.35,0.93
2009-03-25,1.32,0.96
2009-03-26,1.37,0.9
2009-03-27,1.38,0.9
2009-03-30,1.28,0.84
2009-03-31,1.28,0.81
2009-04-01,1.25,0.83
2009-04-02,1.47,0.88
2009-04-03,1.5,0.96
2009-04-06,1.61,0.94
2009-04-07,1.59,0.91
2009-04-08,1.52,0.93
2009-04-09,1.5,0.96
2009-04-10,1.5,0.96
2009-04-13,1.5,0.89
2009-04-14,1.46,0.86
2009-04-15,1.53,0.86
2009-04-16,1.47,0.91
2009-04-17,1.6,0.99
2009-04-20,1.5,0.93
2009-04-21,1.61,0.96
2009-04-22,1.61,1.0
2009-04-23,1.46,0.97
2009-04-24,1.42,0.99
2009-04-27,1.39,0.9
2009-04-28,1.31,0.95
2009-04-29,1.3,0.94
2009-04-30,1.3,0.91
2009-05-01,1.31,0.92
2009-05-04,1.31,0.94
2009-05-05,1.34,0.98
2009-05-06,1.41,0.96
2009-05-07,1.43,1.0
2009-05-08,1.47,1.0
2009-05-11,1.41,0.92
2009-05-12,1.44,0.9
2009-05-13,1.32,0.89
2009-05-14,1.3,0.87
2009-05-15,1.35,0.88
2009-05-18,1.3,0.93
2009-05-19,1.3,0.91
2009-05-20,1.34,0.87
2009-05-21,1.3,0.89
2009-05-22,1.35,0.92
2009-05-25,1.35,0.92
2009-05-26,1.28,0.96
2009-05-27,1.36,0.96
2009-05-28,1.36,0.97
2009-05-29,1.35,0.92
2009-06-01,1.45,0.97
2009-06-02,1.45,0.96
2009-06-03,1.4,0.91
2009-06-04,1.49,0.96
2009-06-05,1.62,1.32
2009-06-08,1.78,1.42
2009-06-09,1.76,1.33
2009-06-10,1.77,1.38
2009-06-11,1.86,1.35
2009-06-12,1.8,1.3
2009-06-15,1.72,1.26
2009-06-16,1.77,1.23
2009-06-17,1.68,1.19
2009-06-18,1.7,1.28
2009-06-19,1.65,1.25
2009-06-22,1.6,1.17
2009-06-23,1.57,1.14
2009-06-24,1.51,1.19
2009-06-25,1.49,1.12
2009-06-26,1.52,1.1
2009-06-29,1.61,1.11
2009-06-30,1.72,1.11
2009-07-01,1.76,1.05
2009-07-02,1.69,0.98
2009-07-03,1.66,0.98
2009-07-06,1.61,0.96
2009-07-07,1.59,0.98
2009-07-08,1.5,0.91
2009-07-09,1.59,0.94
2009-07-10,1.53,0.91
2009-07-13,1.47,0.92
2009-07-14,1.54,0.97
2009-07-15,1.6,1.03
2009-07-16,1.58,1.0
2009-07-17,1.6,1.02
2009-07-20,1.66,0.99
2009-07-21,1.66,0.96
2009-07-22,1.68,0.98
2009-07-23,1.81,1.08
2009-07-24,1.78,1.05
2009-07-27,1.82,1.08
2009-07-28,1.8,1.12
2009-07-29,1.81,1.17
2009-07-30,1.81,1.19
2009-07-31,1.7,1.13
2009-08-03,1.78,1.18
2009-08-04,1.8,1.2
2009-08-05,1.8,1.23
2009-08-06,1.77,1.22
2009-08-07,1.8,1.32
2009-08-10,1.68,1.24
2009-08-11,1.65,1.21
2009-08-12,1.56,1.18
2009-08-13,1.51,1.12
2009-08-14,1.43,1.07
2009-08-17,1.41,1.04
2009-08-18,1.5,1.06
2009-08-19,1.4,1.01
2009-08-20,1.39,1.03
2009-08-21,1.38,1.13
2009-08-24,1.36,1.05
2009-08-25,1.29,1.05
2009-08-26,1.35,1.06
2009-08-27,1.39,1.04
2009-08-28,1.39,1.01
2009-08-31,1.39,0.97
2009-09-01,1.41,0.92
2009-09-02,1.4,0.89
2009-09-03,1.44,0.91
2009-09-04,1.41,0.94
2009-09-07,1.4,0.94
2009-09-08,1.43,0.93
2009-09-09,1.48,0.93
2009-09-10,1.43,0.9
2009-09-11,1.4,0.9
2009-09-14,1.41,0.94
2009-09-15,1.29,0.96
2009-09-16,1.34,1.01
2009-09-17,1.36,0.98
2009-09-18,1.37,1.03
2009-09-21,1.38,1.02
2009-09-22,1.38,1.02
2009-09-23,1.38,0.96
2009-09-24,1.29,0.93
2009-09-25,1.26,0.98
2009-09-28,1.29,0.98
2009-09-29,1.39,1.0
2009-09-30,1.38,0.95
2009-10-01,1.28,0.87
2009-10-02,1.27,0.88
2009-10-05,1.26,0.88
2009-10-06,1.25,0.91
2009-10-07,1.24,0.87
2009-10-08,1.21,0.9
2009-10-09,1.3,0.98
2009-10-12,1.24,0.98
2009-10-13,1.27,0.91
2009-10-14,1.32,0.96
2009-10-15,1.36,0.97
2009-10-16,1.4,0.97
2009-10-19,1.4,0.99
2009-10-20,1.34,0.95
2009-10-21,1.51,1.0
2009-10-22,1.51,0.97
2009-10-23,1.46,1.04
2009-10-26,1.46,1.06
2009-10-27,1.38,0.99
2009-10-28,1.39,0.95
2009-10-29,1.45,0.98
2009-10-30,1.43,0.9
2009-11-02,1.48,0.92
2009-11-03,1.49,0.92
2009-11-04,1.5,0.91
2009-11-05,1.51,0.9
2009-11-06,1.46,0.86
2009-11-09,1.39,0.87
2009-11-10,1.39,0.85
2009-11-11,1.33,0.85
2009-11-12,1.32,0.82
2009-11-13,1.38,0.82
2009-11-16,1.38,0.78
2009-11-17,1.32,0.78
2009-11-18,1.31,0.77
2009-11-19,1.29,0.73
2009-11-20,1.29,0.75
2009-11-23,1.31,0.77
2009-11-24,1.3,0.73
2009-11-25,1.29,0.73
2009-11-26,1.25,0.73
2009-11-27,1.28,0.68
2009-11-30,1.26,0.67
2009-12-01,1.22,0.67
2009-12-02,1.22,0.72
2009-12-03,1.22,0.74
2009-12-04,1.28,0.84
2009-12-07,1.25,0.78
2009-12-08,1.23,0.73
2009-12-09,1.2,0.76
2009-12-10,1.26,0.78
2009-12-11,1.32,0.83
2009-12-14,1.3,0.87
2009-12-15,1.35,0.88
2009-12-16,1.34,0.85
2009-12-17,1.29,0.77
2009-12-18,1.22,0.82
2009-12-21,1.31,0.89
2009-12-22,1.36,0.95
2009-12-23,1.43,0.96
2009-12-24,1.45,1.0
2009-12-25,1.45,1.0
2009-12-28,1.45,1.09
2009-12-29,1.5,1.09
2009-12-30,1.49,1.08
2009-12-31,1.44,1.14
2010-01-01,1.44,1.14
2010-01-04,1.45,1.09
2010-01-05,1.49,1.01
2010-01-06,1.47,1.01
2010-01-07,1.45,1.03
2010-01-08,1.45,0.96
2010-01-11,1.39,0.95
2010-01-12,1.37,0.92
2010-01-13,1.4,0.97
2010-01-14,1.42,0.94
2010-01-15,1.4,0.89
2010-01-18,1.41,0.89
2010-01-19,1.5,0.93
2010-01-20,1.51,0.92
2010-01-21,1.41,0.87
2010-01-22,1.42,0.84
2010-01-25,1.41,0.86
2010-01-26,1.37,0.87
2010-01-27,1.38,0.9
2010-01-28,1.45,0.87
2010-01-29,1.43,0.82
2010-02-01,1.4,0.86
2010-02-02,1.38,0.86
2010-02-03,1.37,0.88
2010-02-04,1.35,0.8
2010-02-05,1.33,0.77
2010-02-08,1.39,0.79
2010-02-09,1.39,0.84
2010-02-10,1.31,0.91
2010-02-11,1.37,0.91
2010-02-12,1.35,0.84
2010-02-15,1.38,0.84
2010-02-16,1.35,0.82
2010-02-17,1.35,0.87
2010-02-18,1.34,0.9
2010-02-19,1.36,0.95
2010-02-22,1.35,0.91
2010-02-23,1.31,0.87
2010-02-24,1.26,0.87
2010-02-25,1.21,0.82
2010-02-26,1.19,0.81
2010-03-01,1.24,0.8
2010-03-02,1.23,0.8
2010-03-03,1.31,0.82
2010-03-04,1.3,0.86
2010-03-05,1.36,0.91
2010-03-08,1.37,0.9
2010-03-09,1.29,0.89
2010-03-10,1.29,0.92
2010-03-11,1.31,0.97
2010-03-12,1.29,0.97
2010-03-15,1.28,0.96
2010-03-16,1.28,0.93
2010-03-17,1.29,0.95
2010-03-18,1.33,0.98
2010-03-19,1.33,1.02
2010-03-22,1.3,1.01
2010-03-23,1.27,1.02
2010-03-24,1.29,1.08
2010-03-25,1.28,1.1
2010-03-26,1.28,1.04
2010-03-29,1.26,1.04
2010-03-30,1.28,1.06
2010-03-31,1.25,1.02
2010-04-01,1.26,1.05
2010-04-02,1.26,1.11
2010-04-05,1.26,1.18
2010-04-06,1.33,1.14
2010-04-07,1.32,1.06
2010-04-08,1.25,1.09
2010-04-09,1.28,1.08
2010-04-12,1.29,1.07
2010-04-13,1.26,1.07
2010-04-14,1.26,1.07
2010-04-15,1.27,1.04
2010-04-16,1.23,0.98
2010-04-19,1.25,1.01
2010-04-20,1.27,1.05
2010-04-21,1.31,1.03
2010-04-22,1.34,1.07
2010-04-23,1.4,1.1
2010-04-26,1.41,1.09
2010-04-27,1.35,1.03
2010-04-28,1.33,1.03
2010-04-29,1.34,1.01
2010-04-30,1.26,0.97
2010-05-03,1.26,1.0
2010-05-04,1.23,0.96
2010-05-05,1.21,0.88
2010-05-06,1.22,0.75
2010-05-07,1.23,0.83
2010-05-10,1.28,0.87
2010-05-11,1.27,0.85
2010-05-12,1.2,0.89
2010-05-13,1.14,0.87
2010-05-14,1.09,0.79
2010-05-17,1.06,0.81
2010-05-18,1.08,0.76
2010-05-19,1.04,0.8
2010-05-20,0.99,0.76
2010-05-21,1.01,0.76
2010-05-24,1.03,0.77
2010-05-25,0.98,0.81
2010-05-26,1.02,0.82
2010-05-27,1.05,0.87
2010-05-28,1.05,0.76
2010-05-31,1.05,0.76
2010-06-01,1.06,0.78
2010-06-02,1.04,0.82
2010-06-03,1.07,0.82
2010-06-04,1.02,0.72
2010-06-07,0.98,0.74
2010-06-08,0.96,0.74
2010-06-09,0.99,0.74
2010-06-10,1.05,0.79
2010-06-11,1.0,0.75
2010-06-14,1.09,0.77
2010-06-15,1.06,0.79
2010-06-16,1.05,0.75
2010-06-17,1.04,0.72
2010-06-18,1.08,0.74
2010-06-21,1.06,0.74
2010-06-22,0.98,0.71
2010-06-23,0.97,0.66
2010-06-24,0.93,0.67
2010-06-25,0.93,0.65
2010-06-28,0.95,0.62
2010-06-29,0.99,0.61
2010-06-30,0.94,0.61
2010-07-01,0.95,0.63
2010-07-02,0.98,0.63
2010-07-05,0.94,0.63
2010-07-06,0.94,0.62
2010-07-07,0.96,0.63
2010-07-08,0.96,0.63
2010-07-09,0.93,0.63
2010-07-12,0.94,0.65
2010-07-13,0.97,0.67
2010-07-14,0.99,0.62
2010-07-15,0.97,0.61
2010-07-16,0.95,0.61
2010-07-19,0.98,0.61
2010-07-20,0.99,0.61
2010-07-21,0.99,0.58
2010-07-22,1.0,0.6
2010-07-23,1.08,0.6
2010-07-26,1.11,0.62
2010-07-27,1.15,0.65
2010-07-28,1.12,0.61
2010-07-29,1.05,0.59
2010-07-30,0.99,0.55
2010-08-02,1.02,0.56
2010-08-03,0.99,0.53
2010-08-04,1.01,0.56
2010-08-05,0.99,0.53
2010-08-06,0.98,0.5
2010-08-09,0.99,0.54
2010-08-10,0.98,0.52
2010-08-11,0.91,0.54
2010-08-12,0.89,0.55
2010-08-13,0.91,0.54
2010-08-16,0.86,0.51
2010-08-17,0.87,0.52
2010-08-18,0.86,0.51
2010-08-19,0.83,0.49
2010-08-20,0.8,0.49
2010-08-23,0.8,0.49
2010-08-24,0.74,0.5
2010-08-25,0.76,0.53
2010-08-26,0.77,0.51
2010-08-27,0.79,0.56
2010-08-30,0.79,0.5
2010-08-31,0.77,0.47
2010-09-01,0.83,0.5
2010-09-02,0.85,0.5
2010-09-03,0.86,0.52
2010-09-06,0.84,0.52
2010-09-07,0.79,0.49
2010-09-08,0.81,0.52
2010-09-09,0.84,0.57
2010-09-10,0.91,0.58
2010-09-13,0.9,0.53
2010-09-14,0.84,0.5
2010-09-15,0.85,0.5
2010-09-16,0.88,0.48
2010-09-17,0.88,0.48
2010-09-20,0.9,0.47
2010-09-21,0.87,0.43
2010-09-22,0.8,0.44
2010-09-23,0.78,0.45
2010-09-24,0.84,0.45
2010-09-27,0.8,0.44
2010-09-28,0.79,0.37
2010-09-29,0.77,0.44
2010-09-30,0.79,0.42
2010-10-01,0.79,0.42
2010-10-04,0.77,0.41
2010-10-05,0.8,0.41
2010-10-06,0.76,0.38
2010-10-07,0.78,0.36
2010-10-08,0.75,0.35
2010-10-11,0.76,0.35
2010-10-12,0.75,0.37
2010-10-13,0.77,0.37
2010-10-14,0.77,0.38
2010-10-15,0.8,0.37
2010-10-18,0.79,0.38
2010-10-19,0.77,0.37
2010-10-20,0.72,0.35
2010-10-21,0.7,0.37
2010-10-22,0.74,0.35
2010-10-25,0.75,0.37
2010-10-26,0.84,0.4
2010-10-27,0.86,0.4
2010-10-28,0.86,0.37
2010-10-29,0.82,0.34
2010-11-01,0.82,0.34
2010-11-02,0.82,0.34
2010-11-03,0.81,0.34
2010-11-04,0.78,0.33
2010-11-05,0.79,0.38
2010-11-08,0.82,0.41
2010-11-09,0.85,0.46
2010-11-10,0.92,0.44
2010-11-11,0.94,0.44
2010-11-12,0.98,0.51
2010-11-15,1.0,0.53
2010-11-16,1.01,0.51
2010-11-17,0.98,0.5
2010-11-18,1.03,0.52
2010-11-19,1.0,0.52
2010-11-22,0.96,0.49
2010-11-23,0.89,0.45
2010-11-24,0.93,0.53
2010-11-25,0.95,0.53
2010-11-26,0.94,0.51
2010-11-29,0.93,0.52
2010-11-30,0.85,0.45
2010-12-01,0.92,0.53
2010-12-02,0.95,0.55
2010-12-03,0.96,0.49
2010-12-06,0.94,0.42
2010-12-07,0.98,0.54
2010-12-08,1.05,0.63
2010-12-09,1.02,0.64
2010-12-10,1.04,0.64
2010-12-13,1.1,0.61
2010-12-14,1.15,0.66
2010-12-15,1.15,0.68
2010-12-16,1.16,0.66
2010-12-17,1.13,0.61
2010-12-20,1.09,0.62
2010-12-21,1.13,0.63
2010-12-22,1.15,0.65
2010-12-23,1.14,0.67
2010-12-24,1.16,0.67
2010-12-27,1.16,0.71
2010-12-28,1.16,0.75
2010-12-29,1.18,0.64
2010-12-30,1.1,0.66
2010-12-31,1.03,0.61
2011-01-03,1.03,0.61
2011-01-04,1.09,0.63
2011-01-05,1.13,0.71
2011-01-06,1.13,0.68
2011-01-07,1.14,0.6
2011-01-10,1.18,0.59
2011-01-11,1.24,0.6
2011-01-12,1.3,0.61
2011-01-13,1.25,0.59
2011-01-14,1.27,0.59
2011-01-17,1.28,0.59
2011-01-18,1.31,0.6
2011-01-19,1.24,0.6
2011-01-20,1.28,0.65
2011-01-21,1.28,0.63
2011-01-24,1.25,0.65
2011-01-25,1.13,0.62
2011-01-26,1.21,0.62
2011-01-27,1.22,0.59
2011-01-28,1.21,0.54
2011-01-31,1.24,0.58
2011-02-01,1.33,0.61
2011-02-02,1.42,0.67
2011-02-03,1.37,0.71
2011-02-04,1.45,0.77
2011-02-07,1.48,0.78
2011-02-08,1.46,0.86
2011-02-09,1.49,0.81
2011-02-10,1.49,0.85
2011-02-11,1.48,0.85
2011-02-14,1.46,0.87
2011-02-15,1.49,0.84
2011-02-16,1.46,0.86
2011-02-17,1.41,0.8
2011-02-18,1.48,0.78
2011-02-21,1.44,0.78
2011-02-22,1.45,0.74
2011-02-23,1.48,0.74
2011-02-24,1.42,0.73
2011-02-25,1.37,0.72
2011-02-28,1.37,0.69
2011-03-01,1.38,0.66
2011-03-02,1.37,0.69
2011-03-03,1.43,0.79
2011-03-04,1.39,0.68
2011-03-07,1.37,0.7
2011-03-08,1.38,0.73
2011-03-09,1.39,0.7
2011-03-10,1.33,0.65
2011-03-11,1.28,0.64
2011-03-14,1.23,0.61
2011-03-15,1.21,0.63
2011-03-16,1.17,0.58
2011-03-17,1.26,0.6
2011-03-18,1.21,0.61
2011-03-21,1.25,0.67
2011-03-22,1.33,0.68
2011-03-23,1.31,0.69
2011-03-24,1.3,0.72
2011-03-25,1.31,0.79
2011-03-28,1.32,0.81
2011-03-29,1.34,0.81
2011-03-30,1.37,0.8
2011-03-31,1.39,0.8
2011-04-01,1.44,0.8
2011-04-04,1.43,0.77
2011-04-05,1.49,0.84
2011-04-06,1.45,0.85
2011-04-07,1.43,0.81
2011-04-08,1.46,0.83
2011-04-11,1.45,0.85
2011-04-12,1.3,0.77
2011-04-13,1.32,0.75
2011-04-14,1.3,0.77
2011-04-15,1.26,0.71
2011-04-18,1.2,0.69
2011-04-19,1.21,0.68
2011-04-20,1.22,0.69
2011-04-21,1.2,0.68
2011-04-22,1.2,0.68
2011-04-25,1.2,0.67
2011-04-26,1.16,0.65
2011-04-27,1.26,0.65
2011-04-28,1.18,0.62
2011-04-29,1.18,0.61
2011-05-02,1.18,0.61
2011-05-03,1.09,0.61
2011-05-04,1.09,0.6
2011-05-05,1.1,0.58
2011-05-06,1.09,0.57
2011-05-09,1.07,0.57
2011-05-10,1.1,0.59
2011-05-11,1.16,0.56
2011-05-12,1.1,0.57
2011-05-13,1.09,0.57
2011-05-16,1.09,0.54
2011-05-17,1.09,0.55
2011-05-18,1.11,0.58
2011-05-19,1.11,0.55
2011-05-20,1.09,0.55
2011-05-23,1.04,0.55
2011-05-24,1.05,0.56
2011-05-25,1.03,0.54
2011-05-26,1.03,0.48
2011-05-27,1.03,0.48
2011-05-30,1.03,0.48
2011-05-31,1.05,0.45
2011-06-01,1.01,0.44
2011-06-02,0.99,0.45
2011-06-03,1.01,0.42
2011-06-06,1.01,0.43
2011-06-07,1.03,0.39
2011-06-08,0.99,0.39
2011-06-09,0.98,0.43
2011-06-10,0.94,0.41
2011-06-13,0.97,0.4
2011-06-14,0.98,0.45
2011-06-15,0.93,0.38
2011-06-16,0.88,0.38
2011-06-17,0.91,0.38
2011-06-20,0.92,0.38
2011-06-21,0.93,0.4
2011-06-22,0.89,0.39
2011-06-23,0.84,0.35
2011-06-24,0.83,0.35
2011-06-27,0.87,0.41
2011-06-28,0.93,0.48
2011-06-29,0.96,0.47
2011-06-30,0.98,0.45
2011-07-01,0.99,0.5
2011-07-04,0.98,0.5
2011-07-05,0.97,0.44
2011-07-06,0.92,0.43
2011-07-07,0.94,0.49
2011-07-08,0.88,0.4
2011-07-11,0.83,0.37
2011-07-12,0.82,0.37
2011-07-13,0.85,0.37
2011-07-14,0.85,0.38
2011-07-15,0.83,0.37
2011-07-18,0.83,0.37
2011-07-19,0.84,0.39
2011-07-20,0.86,0.4
2011-07-21,0.9,0.4
2011-07-22,0.86,0.4
2011-07-25,0.83,0.42
2011-07-26,0.85,0.41
2011-07-27,0.81,0.44
2011-07-28,0.79,0.42
2011-07-29,0.75,0.36
2011-08-01,0.73,0.38
2011-08-02,0.72,0.33
2011-08-03,0.72,0.33
2011-08-04,0.69,0.27
2011-08-05,0.66,0.28
2011-08-08,0.65,0.27
2011-08-09,0.68,0.19
2011-08-10,0.58,0.19
2011-08-11,0.62,0.19
2011-08-12,0.67,0.2
2011-08-15,0.69,0.19
2011-08-16,0.69,0.2
2011-08-17,0.64,0.19
2011-08-18,0.59,0.2
2011-08-19,0.63,0.2
2011-08-22,0.63,0.22
2011-08-23,0.64,0.22
2011-08-24,0.67,0.23
2011-08-25,0.65,0.22
2011-08-26,0.69,0.2
2011-08-29,0.69,0.2
2011-08-30,0.65,0.2
2011-08-31,0.71,0.2
2011-09-01,0.65,0.19
2011-09-02,0.63,0.2
2011-09-05,0.59,0.2
2011-09-06,0.63,0.21
2011-09-07,0.64,0.21
2011-09-08,0.63,0.19
2011-09-09,0.58,0.17
2011-09-12,0.57,0.21
2011-09-13,0.58,0.21
2011-09-14,0.6,0.19
2011-09-15,0.6,0.21
2011-09-16,0.58,0.18
2011-09-19,0.57,0.16
2011-09-20,0.58,0.18
2011-09-21,0.58,0.21
2011-09-22,0.6,0.2
2011-09-23,0.61,0.23
2011-09-26,0.63,0.25
2011-09-27,0.65,0.25
2011-09-28,0.65,0.27
2011-09-29,0.66,0.27
2011-09-30,0.63,0.25
2011-10-03,0.62,0.24
2011-10-04,0.63,0.25
2011-10-05,0.64,0.25
2011-10-06,0.68,0.29
2011-10-07,0.68,0.3
2011-10-10,0.7,0.3
2011-10-11,0.71,0.32
2011-10-12,0.72,0.29
2011-10-13,0.67,0.29
2011-10-14,0.68,0.28
2011-10-17,0.67,0.28
2011-10-18,0.65,0.28
2011-10-19,0.66,0.28
2011-10-20,0.65,0.28
2011-10-21,0.66,0.3
2011-10-24,0.67,0.3
2011-10-25,0.64,0.26
2011-10-26,0.63,0.28
2011-10-27,0.65,0.31
2011-10-28,0.64,0.28
2011-10-31,0.57,0.25
2011-11-01,0.56,0.23
2011-11-02,0.58,0.23
2011-11-03,0.58,0.24
2011-11-04,0.58,0.22
2011-11-07,0.56,0.25
2011-11-08,0.55,0.25
2011-11-09,0.55,0.24
2011-11-10,0.55,0.24
2011-11-11,0.57,0.24
2011-11-14,0.52,0.24
2011-11-15,0.51,0.26
2011-11-16,0.53,0.26
2011-11-17,0.56,0.27
2011-11-18,0.54,0.29
2011-11-21,0.52,0.27
2011-11-22,0.51,0.26
2011-11-23,0.51,0.26
2011-11-24,0.51,0.26
2011-11-25,0.5,0.28
2011-11-28,0.43,0.26
2011-11-29,0.44,0.27
2011-11-30,0.49,0.25
2011-12-01,0.38,0.27
2011-12-02,0.4,0.25
2011-12-05,0.4,0.27
2011-12-06,0.35,0.25
2011-12-07,0.37,0.24
2011-12-08,0.35,0.22
2011-12-09,0.39,0.22
2011-12-12,0.36,0.24
2011-12-13,0.37,0.24
2011-12-14,0.35,0.25
2011-12-15,0.38,0.26
2011-12-16,0.32,0.24
2011-12-19,0.34,0.24
2011-12-20,0.37,0.26
2011-12-21,0.36,0.28
2011-12-22,0.35,0.28
2011-12-23,0.35,0.28
2011-12-26,0.35,0.28
2011-12-27,0.35,0.3
2011-12-28,0.34,0.28
2011-12-29,0.31,0.28
2011-12-30,0.33,0.25
2012-01-02,0.33,0.25
2012-01-03,0.35,0.27
2012-01-04,0.39,0.25
2012-01-05,0.4,0.27
2012-01-06,0.4,0.25
2012-01-09,0.38,0.26
2012-01-10,0.42,0.24
2012-01-11,0.39,0.24
2012-01-12,0.39,0.22
2012-01-13,0.38,0.24
2012-01-16,0.38,0.24
2012-01-17,0.4,0.21
2012-01-18,0.42,0.24
2012-01-19,0.38,0.26
2012-01-20,0.4,0.26
2012-01-23,0.42,0.26
2012-01-24,0.44,0.24
2012-01-25,0.42,0.22
2012-01-26,0.38,0.22
2012-01-27,0.37,0.22
2012-01-30,0.36,0.22
2012-01-31,0.34,0.22
2012-02-01,0.38,0.23
2012-02-02,0.38,0.23
2012-02-03,0.4,0.23
2012-02-06,0.41,0.24
2012-02-07,0.43,0.25
2012-02-08,0.4,0.27
2012-02-09,0.41,0.27
2012-02-10,0.36,0.27
2012-02-13,0.36,0.29
2012-02-14,0.36,0.29
2012-02-15,0.36,0.29
2012-02-16,0.38,0.29
2012-02-17,0.4,0.29
2012-02-20,0.41,0.29
2012-02-21,0.41,0.31
2012-02-22,0.38,0.29
2012-02-23,0.37,0.31
2012-02-24,0.36,0.31
2012-02-27,0.37,0.3
2012-02-28,0.38,0.3
2012-02-29,0.38,0.3
2012-03-01,0.42,0.3
2012-03-02,0.37,0.28
2012-03-05,0.42,0.31
2012-03-06,0.4,0.3
2012-03-07,0.41,0.3
2012-03-08,0.41,0.32
2012-03-09,0.41,0.33
2012-03-12,0.41,0.33
2012-03-13,0.44,0.35
2012-03-14,0.48,0.4
2012-03-15,0.43,0.37
2012-03-16,0.45,0.37
2012-03-19,0.46,0.39
2012-03-20,0.45,0.41
2012-03-21,0.45,0.39
2012-03-22,0.44,0.37
2012-03-23,0.43,0.37
2012-03-26,0.47,0.36
2012-03-27,0.44,0.33
2012-03-28,0.43,0.34
2012-03-29,0.42,0.33
2012-03-30,0.4,0.33
2012-04-02,0.41,0.33
2012-04-03,0.39,0.36
2012-04-04,0.41,0.35
2012-04-05,0.39,0.35
2012-04-06,0.39,0.32
2012-04-09,0.39,0.32
2012-04-10,0.36,0.28
2012-04-11,0.38,0.3
2012-04-12,0.37,0.29
2012-04-13,0.37,0.27
2012-04-16,0.37,0.27
2012-04-17,0.4,0.27
2012-04-18,0.43,0.27
2012-04-19,0.44,0.27
2012-04-20,0.47,0.29
2012-04-23,0.45,0.27
2012-04-24,0.42,0.27
2012-04-25,0.42,0.26
2012-04-26,0.39,0.26
2012-04-27,0.41,0.26
2012-04-30,0.44,0.27
2012-05-01,0.43,0.27
2012-05-02,0.41,0.27
2012-05-03,0.41,0.28
2012-05-04,0.4,0.27
2012-05-07,0.4,0.27
2012-05-08,0.4,0.27
2012-05-09,0.4,0.27
2012-05-10,0.42,0.27
2012-05-11,0.4,0.27
2012-05-14,0.38,0.29
2012-05-15,0.38,0.29
2012-05-16,0.36,0.3
2012-05-17,0.33,0.32
2012-05-18,0.3,0.32
2012-05-21,0.29,0.3
2012-05-22,0.29,0.3
2012-05-23,0.25,0.28
2012-05-24,0.23,0.29
2012-05-25,0.22,0.3
2012-05-28,0.23,0.3
2012-05-29,0.27,0.3
2012-05-30,0.24,0.27
2012-05-31,0.22,0.27
2012-06-01,0.24,0.25
2012-06-04,0.24,0.25
2012-06-05,0.24,0.25
2012-06-06,0.26,0.26
2012-06-07,0.26,0.27
2012-06-08,0.23,0.28
2012-06-11,0.25,0.27
2012-06-12,0.27,0.3
2012-06-13,0.28,0.3
2012-06-14,0.28,0.3
2012-06-15,0.22,0.29
2012-06-18,0.23,0.29
2012-06-19,0.22,0.3
2012-06-20,0.28,0.32
2012-06-21,0.26,0.32
2012-06-22,0.29,0.31
2012-06-25,0.26,0.31
2012-06-26,0.27,0.31
2012-06-27,0.27,0.31
2012-06-28,0.25,0.31
2012-06-29,0.27,0.33
2012-07-02,0.26,0.3
2012-07-03,0.3,0.3
2012-07-04,0.27,0.3
2012-07-05,0.2,0.28
2012-07-06,0.18,0.27
2012-07-09,0.18,0.27
2012-07-10,0.19,0.27
2012-07-11,0.19,0.27
2012-07-12,0.18,0.25
2012-07-13,0.19,0.25
2012-07-16,0.17,0.24
2012-07-17,0.17,0.25
2012-07-18,0.12,0.22
2012-07-19,0.11,0.22
2012-07-20,0.09,0.22
2012-07-23,0.07,0.22
2012-07-24,0.06,0.22
2012-07-25,0.04,0.22
2012-07-26,0.07,0.23
2012-07-27,0.1,0.25
2012-07-30,0.1,0.23
2012-07-31,0.07,0.23
2012-08-01,0.07,0.24
2012-08-02,0.03,0.24
2012-08-03,0.09,0.24
2012-08-06,0.05,0.24
2012-08-07,0.1,0.27
2012-08-08,0.11,0.29
2012-08-09,0.13,0.29
2012-08-10,0.1,0.27
2012-08-13,0.11,0.27
2012-08-14,0.13,0.27
2012-08-15,0.17,0.27
2012-08-16,0.18,0.29
2012-08-17,0.15,0.29
2012-08-20,0.15,0.29
2012-08-21,0.2,0.31
2012-08-22,0.17,0.26
2012-08-23,0.15,0.26
2012-08-24,0.12,0.28
2012-08-27,0.12,0.28
2012-08-28,0.1,0.27
2012-08-29,0.12,0.27
2012-08-30,0.09,0.27
2012-08-31,0.07,0.22
2012-09-03,0.07,0.22
2012-09-04,0.07,0.23
2012-09-05,0.09,0.25
2012-09-06,0.13,0.27
2012-09-07,0.11,0.25
2012-09-10,0.14,0.25
2012-09-11,0.17,0.25
2012-09-12,0.21,0.25
2012-09-13,0.21,0.24
2012-09-14,0.28,0.27
2012-09-17,0.26,0.25
2012-09-18,0.24,0.25
2012-09-19,0.24,0.27
2012-09-20,0.23,0.27
2012-09-21,0.24,0.27
2012-09-24,0.23,0.27
2012-09-25,0.22,0.27
2012-09-26,0.2,0.26
2012-09-27,0.2,0.25
2012-09-28,0.19,0.23
2012-10-01,0.19,0.25
2012-10-02,0.18,0.23
2012-10-03,0.17,0.23
2012-10-04,0.17,0.23
2012-10-05,0.2,0.27
2012-10-08,0.18,0.27
2012-10-09,0.18,0.25
2012-10-10,0.21,0.27
2012-10-11,0.22,0.28
2012-10-12,0.19,0.27
2012-10-15,0.21,0.27
2012-10-16,0.25,0.27
2012-10-17,0.27,0.3
2012-10-18,0.28,0.29
2012-10-19,0.26,0.3
2012-10-22,0.27,0.32
2012-10-23,0.24,0.29
2012-10-24,0.24,0.29
2012-10-25,0.27,0.31
2012-10-26,0.25,0.3
2012-10-29,0.22,0.3
2012-10-30,0.25,0.3
2012-10-31,0.26,0.3
2012-11-01,0.27,0.3
2012-11-02,0.25,0.28
2012-11-05,0.23,0.28
2012-11-06,0.23,0.3
2012-11-07,0.21,0.27
2012-11-08,0.21,0.27
2012-11-09,0.22,0.27
2012-11-12,0.22,0.27
2012-11-13,0.24,0.27
2012-11-14,0.24,0.25
2012-11-15,0.23,0.24
2012-11-16,0.24,0.24
2012-11-19,0.26,0.25
2012-11-20,0.3,0.27
2012-11-21,0.31,0.27
2012-11-22,0.31,0.27
2012-11-23,0.31,0.29
2012-11-26,0.32,0.27
2012-11-27,0.33,0.27
2012-11-28,0.28,0.27
2012-11-29,0.28,0.25
2012-11-30,0.31,0.25
2012-12-03,0.34,0.25
2012-12-04,0.32,0.25
2012-12-05,0.3,0.25
2012-12-06,0.26,0.25
2012-12-07,0.25,0.25
2012-12-10,0.27,0.24
2012-12-11,0.29,0.24
2012-12-12,0.29,0.25
2012-12-13,0.32,0.27
2012-12-14,0.33,0.24
2012-12-17,0.35,0.25
2012-12-18,0.38,0.28
2012-12-19,0.38,0.28
2012-12-20,0.37,0.28
2012-12-21,0.33,0.26
2012-12-24,0.34,0.26
2012-12-25,0.34,0.26
2012-12-26,0.34,0.26
2012-12-27,0.29,0.26
2012-12-28,0.31,0.27
2012-12-31,0.32,0.25
2013-01-01,0.32,0.25
2013-01-02,0.4,0.27
2013-01-03,0.44,0.27
2013-01-04,0.46,0.27
2013-01-07,0.43,0.27
2013-01-08,0.39,0.25
2013-01-09,0.38,0.24
2013-01-10,0.4,0.26
2013-01-11,0.4,0.26
2013-01-14,0.38,0.26
2013-01-15,0.37,0.26
2013-01-16,0.35,0.26
2013-01-17,0.38,0.28
2013-01-18,0.37,0.26
2013-01-21,0.41,0.26
2013-01-22,0.39,0.26
2013-01-23,0.36,0.26
2013-01-24,0.36,0.23
2013-01-25,0.37,0.28
2013-01-28,0.39,0.29
2013-01-29,0.38,0.3
2013-01-30,0.38,0.27
2013-01-31,0.38,0.27
2013-02-01,0.35,0.27
2013-02-04,0.31,0.25
2013-02-05,0.33,0.27
2013-02-06,0.32,0.27
2013-02-07,0.31,0.25
2013-02-08,0.3,0.25
2013-02-11,0.31,0.27
2013-02-12,0.3,0.29
2013-02-13,0.34,0.29
2013-02-14,0.29,0.27
2013-02-15,0.29,0.29
2013-02-18,0.29,0.29
2013-02-19,0.28,0.29
2013-02-20,0.24,0.27
2013-02-21,0.21,0.26
2013-02-22,0.23,0.27
2013-02-25,0.2,0.25
2013-02-26,0.17,0.25
2013-02-27,0.21,0.27
2013-02-28,0.22,0.25
2013-03-01,0.17,0.25
2013-03-04,0.19,0.24
2013-03-05,0.19,0.25
2013-03-06,0.16,0.25
2013-03-07,0.19,0.25
2013-03-08,0.21,0.27
2013-03-11,0.18,0.27
2013-03-12,0.16,0.27
2013-03-13,0.18,0.27
2013-03-14,0.18,0.27
2013-03-15,0.18,0.25
2013-03-18,0.16,0.26
2013-03-19,0.15,0.24
2013-03-20,0.15,0.26
2013-03-21,0.16,0.27
2013-03-22,0.18,0.26
2013-03-25,0.15,0.24
2013-03-26,0.16,0.25
2013-03-27,0.14,0.25
2013-03-28,0.17,0.25
2013-03-29,0.17,0.25
2013-04-01,0.17,0.23
2013-04-02,0.17,0.25
2013-04-03,0.16,0.24
2013-04-04,0.16,0.22
2013-04-05,0.15,0.24
2013-04-08,0.19,0.24
2013-04-09,0.2,0.24
2013-04-10,0.21,0.24
2013-04-11,0.19,0.24
2013-04-12,0.17,0.22
2013-04-15,0.17,0.22
2013-04-16,0.19,0.24
2013-04-17,0.17,0.24
2013-04-18,0.16,0.24
2013-04-19,0.19,0.24
2013-04-22,0.19,0.24
2013-04-23,0.23,0.23
2013-04-24,0.21,0.23
2013-04-25,0.23,0.23
2013-04-26,0.21,0.22
2013-04-29,0.19,0.2
2013-04-30,0.2,0.22
2013-05-01,0.19,0.2
2013-05-02,0.17,0.2
2013-05-03,0.23,0.22
2013-05-06,0.23,0.22
2013-05-07,0.25,0.22
2013-05-08,0.24,0.22
2013-05-09,0.25,0.22
2013-05-10,0.29,0.26
2013-05-13,0.28,0.24
2013-05-14,0.29,0.26
2013-05-15,0.31,0.26
2013-05-16,0.28,0.23
2013-05-17,0.3,0.26
2013-05-20,0.31,0.26
2013-05-21,0.32,0.26
2013-05-22,0.3,0.26
2013-05-23,0.31,0.26
2013-05-24,0.31,0.26
2013-05-27,0.31,0.26
2013-05-28,0.34,0.29
2013-05-29,0.35,0.3
2013-05-30,0.34,0.31
2013-05-31,0.36,0.3
2013-06-03,0.34,0.3
2013-06-04,0.37,0.32
2013-06-05,0.35,0.3
2013-06-06,0.36,0.3
2013-06-07,0.39,0.32
2013-06-10,0.42,0.32
2013-06-11,0.48,0.34
2013-06-12,0.45,0.34
2013-06-13,0.43,0.32
2013-06-14,0.4,0.29
2013-06-17,0.41,0.27
2013-06-18,0.44,0.27
2013-06-19,0.44,0.31
2013-06-20,0.52,0.33
2013-06-21,0.53,0.38
2013-06-24,0.61,0.42
2013-06-25,0.54,0.43
2013-06-26,0.45,0.39
2013-06-27,0.45,0.36
2013-06-28,0.42,0.36
2013-07-01,0.41,0.34
2013-07-02,0.4,0.34
2013-07-03,0.44,0.36
2013-07-04,0.41,0.36
2013-07-05,0.43,0.4
2013-07-08,0.41,0.37
2013-07-09,0.36,0.37
2013-07-10,0.38,0.38
2013-07-11,0.37,0.34
2013-07-12,0.36,0.37
2013-07-15,0.37,0.34
2013-07-16,0.33,0.34
2013-07-17,0.31,0.32
2013-07-18,0.29,0.32
2013-07-19,0.33,0.32
2013-07-22,0.34,0.32
2013-07-23,0.36,0.33
2013-07-24,0.38,0.34
2013-07-25,0.36,0.32
2013-07-26,0.32,0.31
2013-07-29,0.34,0.33
2013-07-30,0.34,0.33
2013-07-31,0.33,0.31
2013-08-01,0.34,0.35
2013-08-02,0.37,0.3
2013-08-05,0.41,0.32
2013-08-06,0.41,0.32
2013-08-07,0.41,0.32
2013-08-08,0.4,0.3
2013-08-09,0.37,0.32
2013-08-12,0.39,0.32
2013-08-13,0.46,0.34
2013-08-14,0.48,0.34
2013-08-15,0.49,0.36
2013-08-16,0.49,0.36
2013-08-19,0.5,0.36
2013-08-20,0.44,0.36
2013-08-21,0.47,0.38
2013-08-22,0.47,0.42
2013-08-23,0.51,0.4
2013-08-26,0.51,0.41
2013-08-27,0.46,0.38
2013-08-28,0.5,0.4
2013-08-29,0.47,0.39
2013-08-30,0.47,0.39
2013-09-02,0.51,0.39
2013-09-03,0.53,0.43
2013-09-04,0.54,0.46
2013-09-05,0.62,0.52
2013-09-06,0.57,0.46
2013-09-09,0.59,0.45
2013-09-10,0.6,0.5
2013-09-11,0.59,0.47
2013-09-12,0.56,0.45
2013-09-13,0.55,0.45
2013-09-16,0.55,0.41
2013-09-17,0.58,0.39
2013-09-18,0.63,0.34
2013-09-19,0.57,0.34
2013-09-20,0.57,0.34
2013-09-23,0.56,0.35
2013-09-24,0.5,0.35
2013-09-25,0.5,0.36
2013-09-26,0.51,0.34
2013-09-27,0.5,0.34
2013-09-30,0.51,0.33
2013-10-01,0.51,0.33
2013-10-02,0.49,0.31
2013-10-03,0.49,0.33
2013-10-04,0.52,0.33
2013-10-07,0.5,0.37
2013-10-08,0.5,0.4
2013-10-09,0.49,0.37
2013-10-10,0.5,0.35
2013-10-11,0.5,0.35
2013-10-14,0.52,0.35
2013-10-15,0.57,0.37
2013-10-16,0.57,0.34
2013-10-17,0.55,0.33
2013-10-18,0.54,0.33
2013-10-21,0.56,0.33
2013-10-22,0.49,0.31
2013-10-23,0.48,0.31
2013-10-24,0.51,0.33
2013-10-25,0.5,0.32
2013-10-28,0.51,0.32
2013-10-29,0.49,0.31
2013-10-30,0.46,0.33
2013-10-31,0.49,0.31
2013-11-01,0.5,0.33
2013-11-04,0.48,0.32
2013-11-05,0.54,0.32
2013-11-06,0.53,0.3
2013-11-07,0.48,0.29
2013-11-08,0.55,0.32
2013-11-11,0.57,0.32
2013-11-12,0.54,0.34
2013-11-13,0.54,0.32
2013-11-14,0.52,0.29
2013-11-15,0.5,0.31
2013-11-18,0.5,0.31
2013-11-19,0.53,0.29
2013-11-20,0.52,0.28
2013-11-21,0.54,0.29
2013-11-22,0.52,0.31
2013-11-25,0.51,0.3
2013-11-26,0.51,0.29
2013-11-27,0.53,0.28
2013-11-28,0.52,0.28
2013-11-29,0.54,0.28
2013-12-02,0.59,0.3
2013-12-03,0.57,0.28
2013-12-04,0.6,0.3
2013-12-05,0.59,0.3
2013-12-06,0.6,0.3
2013-12-09,0.6,0.3
2013-12-10,0.58,0.3
2013-12-11,0.57,0.31
2013-12-12,0.59,0.34
2013-12-13,0.58,0.34
2013-12-16,0.57,0.34
2013-12-17,0.55,0.34
2013-12-18,0.59,0.32
2013-12-19,0.65,0.35
2013-12-20,0.65,0.37
2013-12-23,0.69,0.38
2013-12-24,0.71,0.38
2013-12-25,0.71,0.38
2013-12-26,0.71,0.42
2013-12-27,0.77,0.4
2013-12-30,0.71,0.39
2013-12-31,0.72,0.38
2014-01-01,0.72,0.38
2014-01-02,0.68,0.39
2014-01-03,0.68,0.41
2014-01-06,0.65,0.4
2014-01-07,0.66,0.4
2014-01-08,0.72,0.43
2014-01-09,0.72,0.44
2014-01-10,0.67,0.39
2014-01-13,0.63,0.39
2014-01-14,0.65,0.39
2014-01-15,0.67,0.41
2014-01-16,0.64,0.41
2014-01-17,0.67,0.4
2014-01-20,0.68,0.4
2014-01-21,0.69,0.4
2014-01-22,0.74,0.44
2014-01-23,0.7,0.39
2014-01-24,0.68,0.37
2014-01-27,0.69,0.37
2014-01-28,0.71,0.38
2014-01-29,0.65,0.36
2014-01-30,0.66,0.36
2014-01-31,0.64,0.34
2014-02-03,0.62,0.3
2014-02-04,0.62,0.31
2014-02-05,0.61,0.32
2014-02-06,0.64,0.33
2014-02-07,0.61,0.3
2014-02-10,0.61,0.32
2014-02-11,0.63,0.35
2014-02-12,0.71,0.35
2014-02-13,0.68,0.32
2014-02-14,0.69,0.32
2014-02-17,0.67,0.32
2014-02-18,0.65,0.31
2014-02-19,0.63,0.33
2014-02-20,0.68,0.34
2014-02-21,0.66,0.33
2014-02-24,0.65,0.35
2014-02-25,0.67,0.34
2014-02-26,0.67,0.33
2014-02-27,0.65,0.33
2014-02-28,0.66,0.33
2014-03-03,0.64,0.32
2014-03-04,0.65,0.33
2014-03-05,0.65,0.33
2014-03-06,0.66,0.37
2014-03-07,0.66,0.38
2014-03-10,0.67,0.37
2014-03-11,0.67,0.37
2014-03-12,0.67,0.37
2014-03-13,0.64,0.34
2014-03-14,0.64,0.36
2014-03-17,0.66,0.38
2014-03-18,0.66,0.36
2014-03-19,0.67,0.47
2014-03-20,0.7,0.45
2014-03-21,0.7,0.45
2014-03-24,0.69,0.47
2014-03-25,0.71,0.47
2014-03-26,0.71,0.45
2014-03-27,0.71,0.45
2014-03-28,0.76,0.45
2014-03-31,0.76,0.44
2014-04-01,0.75,0.44
2014-04-02,0.76,0.47
2014-04-03,0.74,0.46
2014-04-04,0.71,0.43
2014-04-07,0.7,0.41
2014-04-08,0.72,0.4
2014-04-09,0.72,0.37
2014-04-10,0.68,0.37
2014-04-11,0.69,0.37
2014-04-14,0.71,0.37
2014-04-15,0.69,0.39
2014-04-16,0.73,0.39
2014-04-17,0.77,0.43
2014-04-18,0.77,0.43
2014-04-21,0.77,0.42
2014-04-22,0.81,0.45
2014-04-23,0.76,0.43
2014-04-24,0.79,0.43
2014-04-25,0.76,0.43
2014-04-28,0.77,0.44
2014-04-29,0.78,0.44
2014-04-30,0.77,0.42
2014-05-01,0.76,0.41
2014-05-02,0.78,0.42
2014-05-05,0.78,0.43
2014-05-06,0.83,0.43
2014-05-07,0.83,0.41
2014-05-08,0.8,0.4
2014-05-09,0.83,0.4
2014-05-12,0.87,0.41
2014-05-13,0.83,0.39
2014-05-14,0.76,0.39
2014-05-15,0.74,0.38
2014-05-16,0.78,0.38
2014-05-19,0.78,0.36
2014-05-20,0.8,0.35
2014-05-21,0.82,0.37
2014-05-22,0.82,0.37
2014-05-23,0.8,0.37
2014-05-26,0.8,0.37
2014-05-27,0.8,0.39
2014-05-28,0.75,0.37
2014-05-29,0.76,0.37
2014-05-30,0.78,0.37
2014-06-02,0.8,0.39
2014-06-03,0.82,0.41
2014-06-04,0.84,0.41
2014-06-05,0.81,0.4
2014-06-06,0.81,0.41
2014-06-09,0.84,0.43
2014-06-10,0.87,0.45
2014-06-11,0.86,0.44
2014-06-12,0.87,0.42
2014-06-13,1.0,0.45
2014-06-16,1.03,0.49
2014-06-17,1.05,0.51
2014-06-18,1.01,0.48
2014-06-19,1.02,0.48
2014-06-20,1.04,0.5
2014-06-23,1.02,0.48
2014-06-24,1.02,0.49
2014-06-25,0.97,0.48
2014-06-26,0.98,0.46
2014-06-27,0.99,0.45
2014-06-30,1.02,0.47
2014-07-01,1.05,0.47
2014-07-02,1.08,0.49
2014-07-03,1.06,0.52
2014-07-04,1.07,0.52
2014-07-07,1.06,0.52
2014-07-08,1.02,0.51
2014-07-09,1.05,0.51
2014-07-10,1.04,0.46
2014-07-11,1.01,0.48
2014-07-14,1.01,0.48
2014-07-15,1.06,0.49
2014-07-16,1.06,0.5
2014-07-17,1.01,0.47
2014-07-18,1.03,0.51
2014-07-21,1.01,0.51
2014-07-22,1.03,0.49
2014-07-23,1.01,0.5
2014-07-24,1.05,0.53
2014-07-25,1.03,0.53
2014-07-28,1.04,0.54
2014-07-29,1.03,0.54
2014-07-30,1.06,0.56
2014-07-31,1.04,0.53
2014-08-01,1.01,0.47
2014-08-04,1.0,0.47
2014-08-05,1.03,0.47
2014-08-06,1.02,0.48
2014-08-07,1.0,0.44
2014-08-08,0.99,0.45
2014-08-11,1.02,0.47
2014-08-12,1.01,0.45
2014-08-13,0.92,0.43
2014-08-14,0.91,0.42
2014-08-15,0.88,0.42
2014-08-18,0.93,0.44
2014-08-19,0.9,0.46
2014-08-20,0.93,0.49
2014-08-21,0.91,0.49
2014-08-22,0.93,0.53
2014-08-25,0.93,0.53
2014-08-26,0.9,0.52
2014-08-27,0.87,0.51
2014-08-28,0.88,0.5
2014-08-29,0.88,0.48
2014-09-01,0.89,0.48
2014-09-02,0.9,0.53
2014-09-03,0.91,0.52
2014-09-04,0.92,0.54
2014-09-05,0.87,0.52
2014-09-08,0.83,0.54
2014-09-09,0.85,0.56
2014-09-10,0.86,0.58
2014-09-11,0.87,0.58
2014-09-12,0.9,0.58
2014-09-15,0.9,0.58
2014-09-16,0.9,0.55
2014-09-17,0.92,0.59
2014-09-18,0.95,0.59
2014-09-19,0.96,0.59
2014-09-22,0.95,0.58
2014-09-23,0.94,0.57
2014-09-24,0.95,0.59
2014-09-25,0.93,0.56
2014-09-26,0.93,0.59
2014-09-29,0.92,0.58
2014-09-30,0.92,0.58
2014-10-01,0.88,0.53
2014-10-02,0.85,0.53
2014-10-03,0.89,0.57
2014-10-06,0.87,0.54
2014-10-07,0.83,0.52
2014-10-08,0.81,0.46
2014-10-09,0.8,0.46
2014-10-10,0.78,0.45
2014-10-13,0.73,0.45
2014-10-14,0.69,0.39
2014-10-15,0.59,0.34
2014-10-16,0.69,0.35
2014-10-17,0.76,0.39
2014-10-20,0.73,0.37
2014-10-21,0.74,0.38
2014-10-22,0.74,0.41
2014-10-23,0.75,0.41
2014-10-24,0.76,0.41
2014-10-27,0.73,0.41
2014-10-28,0.73,0.42
2014-10-29,0.72,0.48
2014-10-30,0.72,0.48
2014-10-31,0.74,0.5
2014-11-03,0.78,0.52
2014-11-04,0.75,0.52
2014-11-05,0.77,0.52
2014-11-06,0.76,0.54
2014-11-07,0.73,0.51
2014-11-10,0.73,0.55
2014-11-11,0.76,0.55
2014-11-12,0.72,0.55
2014-11-13,0.7,0.53
2014-11-14,0.67,0.54
2014-11-17,0.65,0.54
2014-11-18,0.67,0.53
2014-11-19,0.68,0.54
2014-11-20,0.66,0.53
2014-11-21,0.63,0.53
2014-11-24,0.64,0.53
2014-11-25,0.62,0.51
2014-11-26,0.59,0.53
2014-11-27,0.57,0.53
2014-11-28,0.6,0.47
2014-12-01,0.57,0.49
2014-12-02,0.63,0.55
2014-12-03,0.66,0.57
2014-12-04,0.64,0.55
2014-12-05,0.67,0.65
2014-12-08,0.65,0.64
2014-12-09,0.61,0.64
2014-12-10,0.62,0.59
2014-12-11,0.62,0.62
2014-12-12,0.56,0.56
2014-12-15,0.56,0.6
2014-12-16,0.55,0.58
2014-12-17,0.55,0.62
2014-12-18,0.61,0.67
2014-12-19,0.59,0.67
2014-12-22,0.57,0.71
2014-12-23,0.58,0.73
2014-12-24,0.6,0.73
2014-12-25,0.6,0.73
2014-12-26,0.6,0.73
2014-12-29,0.54,0.72
2014-12-30,0.54,0.69
2014-12-31,0.52,0.67
2015-01-01,0.52,0.67
2015-01-02,0.5,0.66
2015-01-05,0.48,0.68
2015-01-06,0.46,0.65
2015-01-07,0.48,0.62
2015-01-08,0.5,0.62
2015-01-09,0.46,0.59
2015-01-12,0.46,0.56
2015-01-13,0.49,0.54
2015-01-14,0.47,0.51
2015-01-15,0.48,0.44
2015-01-16,0.49,0.49
2015-01-19,0.48,0.49
2015-01-20,0.49,0.53
2015-01-21,0.44,0.53
2015-01-22,0.44,0.53
2015-01-23,0.41,0.52
2015-01-26,0.46,0.54
2015-01-27,0.45,0.54
2015-01-28,0.45,0.5
2015-01-29,0.44,0.51
2015-01-30,0.42,0.47
2015-02-02,0.45,0.49
2015-02-03,0.49,0.52
2015-02-04,0.51,0.52
2015-02-05,0.51,0.52
2015-02-06,0.57,0.65
2015-02-09,0.54,0.65
2015-02-10,0.55,0.67
2015-02-11,0.54,0.67
2015-02-12,0.5,0.61
2015-02-13,0.5,0.66
2015-02-16,0.51,0.66
2015-02-17,0.54,0.7
2015-02-18,0.58,0.62
2015-02-19,0.56,0.67
2015-02-20,0.54,0.67
2015-02-23,0.56,0.64
2015-02-24,0.55,0.6
2015-02-25,0.53,0.61
2015-02-26,0.54,0.66
2015-02-27,0.59,0.63
2015-03-02,0.59,0.66
2015-03-03,0.62,0.68
2015-03-04,0.63,0.66
2015-03-05,0.61,0.65
2015-03-06,0.65,0.73
2015-03-09,0.65,0.7
2015-03-10,0.58,0.7
2015-03-11,0.59,0.7
2015-03-12,0.56,0.67
2015-03-13,0.52,0.68
2015-03-16,0.51,0.66
2015-03-17,0.51,0.7
2015-03-18,0.46,0.57
2015-03-19,0.43,0.63
2015-03-20,0.43,0.6
2015-03-23,0.41,0.6
2015-03-24,0.41,0.58
2015-03-25,0.4,0.59
2015-03-26,0.44,0.61
2015-03-27,0.41,0.58
2015-03-30,0.42,0.58
2015-03-31,0.43,0.56
2015-04-01,0.42,0.55
2015-04-02,0.45,0.55
2015-04-03,0.45,0.49
2015-04-06,0.45,0.51
2015-04-07,0.45,0.52
2015-04-08,0.46,0.54
2015-04-09,0.46,0.56
2015-04-10,0.46,0.57
2015-04-13,0.47,0.54
2015-04-14,0.43,0.53
2015-04-15,0.46,0.51
2015-04-16,0.49,0.5
2015-04-17,0.49,0.51
2015-04-20,0.48,0.55
2015-04-21,0.48,0.55
2015-04-22,0.56,0.57
2015-04-23,0.54,0.55
2015-04-24,0.52,0.54
2015-04-27,0.54,0.54
2015-04-28,0.53,0.56
2015-04-29,0.59,0.56
2015-04-30,0.57,0.58
2015-05-01,0.59,0.6
2015-05-04,0.59,0.6
2015-05-05,0.64,0.62
2015-05-06,0.62,0.65
2015-05-07,0.61,0.63
2015-05-08,0.57,0.59
2015-05-11,0.62,0.62
2015-05-12,0.64,0.61
2015-05-13,0.63,0.59
2015-05-14,0.62,0.56
2015-05-15,0.57,0.55
2015-05-18,0.6,0.58
2015-05-19,0.6,0.63
2015-05-20,0.6,0.6
2015-05-21,0.6,0.6
2015-05-22,0.59,0.64
2015-05-25,0.59,0.64
2015-05-26,0.59,0.64
2015-05-27,0.6,0.64
2015-05-28,0.58,0.62
2015-05-29,0.55,0.61
2015-06-01,0.57,0.64
2015-06-02,0.61,0.64
2015-06-03,0.64,0.69
2015-06-04,0.6,0.66
2015-06-05,0.63,0.73
2015-06-08,0.6,0.7
2015-06-09,0.63,0.72
2015-06-10,0.65,0.75
2015-06-11,0.61,0.73
2015-06-12,0.58,0.74
2015-06-15,0.6,0.72
2015-06-16,0.6,0.71
2015-06-17,0.66,0.67
2015-06-18,0.64,0.66
2015-06-19,0.63,0.65
2015-06-22,0.67,0.68
2015-06-23,0.69,0.7
2015-06-24,0.72,0.68
2015-06-25,0.75,0.68
2015-06-26,0.76,0.72
2015-06-29,0.68,0.64
2015-06-30,0.66,0.64
2015-07-01,0.7,0.69
2015-07-02,0.7,0.64
2015-07-03,0.66,0.64
2015-07-06,0.66,0.6
2015-07-07,0.57,0.58
2015-07-08,0.6,0.55
2015-07-09,0.63,0.6
2015-07-10,0.67,0.65
2015-07-13,0.69,0.69
2015-07-14,0.7,0.66
2015-07-15,0.73,0.64
2015-07-16,0.71,0.67
2015-07-17,0.73,0.68
2015-07-20,0.73,0.71
2015-07-21,0.73,0.71
2015-07-22,0.74,0.75
2015-07-23,0.75,0.71
2015-07-24,0.72,0.7
2015-07-27,0.7,0.68
2015-07-28,0.7,0.69
2015-07-29,0.71,0.7
2015-07-30,0.73,0.72
2015-07-31,0.68,0.67
2015-08-03,0.68,0.68
2015-08-04,0.67,0.74
2015-08-05,0.74,0.73
2015-08-06,0.71,0.71
2015-08-07,0.69,0.73
2015-08-10,0.73,0.73
2015-08-11,0.67,0.68
2015-08-12,0.64,0.67
2015-08-13,0.65,0.72
2015-08-14,0.67,0.73
2015-08-17,0.65,0.72
2015-08-18,0.68,0.74
2015-08-19,0.66,0.67
2015-08-20,0.62,0.69
2015-08-21,0.59,0.64
2015-08-24,0.58,0.59
2015-08-25,0.64,0.67
2015-08-26,0.63,0.67
2015-08-27,0.63,0.68
2015-08-28,0.64,0.72
2015-08-31,0.64,0.74
2015-09-01,0.65,0.7
2015-09-02,0.65,0.72
2015-09-03,0.62,0.71
2015-09-04,0.58,0.71
2015-09-07,0.57,0.71
2015-09-08,0.59,0.74
2015-09-09,0.61,0.75
2015-09-10,0.6,0.75
2015-09-11,0.57,0.71
2015-09-14,0.58,0.73
2015-09-15,0.62,0.82
2015-09-16,0.65,0.82
2015-09-17,0.67,0.7
2015-09-18,0.59,0.69
2015-09-21,0.61,0.72
2015-09-22,0.54,0.69
2015-09-23,0.57,0.7
2015-09-24,0.52,0.67
2015-09-25,0.59,0.7
2015-09-28,0.55,0.67
2015-09-29,0.54,0.64
2015-09-30,0.54,0.64
2015-10-01,0.54,0.64
2015-10-02,0.51,0.58
2015-10-05,0.56,0.61
2015-10-06,0.56,0.61
2015-10-07,0.57,0.65
2015-10-08,0.56,0.65
2015-10-09,0.58,0.65
2015-10-12,0.55,0.65
2015-10-13,0.55,0.64
2015-10-14,0.5,0.57
2015-10-15,0.5,0.61
2015-10-16,0.51,0.61
2015-10-19,0.53,0.61
2015-10-20,0.55,0.66
2015-10-21,0.51,0.64
2015-10-22,0.5,0.61
2015-10-23,0.54,0.66
2015-10-26,0.52,0.66
2015-10-27,0.49,0.65
2015-10-28,0.51,0.73
2015-10-29,0.61,0.75
2015-10-30,0.6,0.75
2015-11-02,0.63,0.77
2015-11-03,0.66,0.8
2015-11-04,0.69,0.84
2015-11-05,0.66,0.85
2015-11-06,0.72,0.9
2015-11-09,0.72,0.89
2015-11-10,0.69,0.87
2015-11-11,0.7,0.87
2015-11-12,0.68,0.89
2015-11-13,0.66,0.86
2015-11-16,0.62,0.88
2015-11-17,0.65,0.86
2015-11-18,0.63,0.9
2015-11-19,0.61,0.91
2015-11-20,0.59,0.93
2015-11-23,0.59,0.94
2015-11-24,0.58,0.93
2015-11-25,0.61,0.93
2015-11-26,0.58,0.93
2015-11-27,0.57,0.92
2015-11-30,0.59,0.94
2015-12-01,0.55,0.91
2015-12-02,0.55,0.94
2015-12-03,0.64,0.96
2015-12-04,0.65,0.96
2015-12-07,0.57,0.94
2015-12-08,0.57,0.94
2015-12-09,0.61,0.93
2015-12-10,0.59,0.95
2015-12-11,0.57,0.88
2015-12-14,0.58,0.97
2015-12-15,0.64,0.98
2015-12-16,0.63,1.02
2015-12-17,0.6,1.0
2015-12-18,0.6,0.97
2015-12-21,0.59,0.96
2015-12-22,0.63,0.99
2015-12-23,0.64,1.01
2015-12-24,0.63,1.03
2015-12-25,0.63,1.03
2015-12-28,0.63,1.05
2015-12-29,0.65,1.09
2015-12-30,0.7,1.08
2015-12-31,0.68,1.06
2016-01-01,0.68,1.06
2016-01-04,0.61,1.02
2016-01-05,0.59,1.04
2016-01-06,0.53,0.99
2016-01-07,0.54,0.96
2016-01-08,0.52,0.94
2016-01-11,0.51,0.94
2016-01-12,0.5,0.93
2016-01-13,0.49,0.91
2016-01-14,0.48,0.9
2016-01-15,0.42,0.85
2016-01-18,0.45,0.85
2016-01-19,0.47,0.88
2016-01-20,0.42,0.85
2016-01-21,0.44,0.84
2016-01-22,0.46,0.88
2016-01-25,0.43,0.88
2016-01-26,0.44,0.85
2016-01-27,0.43,0.84
2016-01-28,0.42,0.83
2016-01-29,0.34,0.76
2016-02-01,0.4,0.81
2016-02-02,0.37,0.75
2016-02-03,0.34,0.72
2016-02-04,0.36,0.7
2016-02-05,0.37,0.74
2016-02-08,0.27,0.66
2016-02-09,0.3,0.69
2016-02-10,0.32,0.71
2016-02-11,0.23,0.64
2016-02-12,0.34,0.71
2016-02-15,0.34,0.71
2016-02-16,0.32,0.74
2016-02-17,0.34,0.74
2016-02-18,0.32,0.71
2016-02-19,0.31,0.76
2016-02-22,0.3,0.78
2016-02-23,0.3,0.76
2016-02-24,0.26,0.75
2016-02-25,0.26,0.72
2016-02-26,0.29,0.8
2016-02-29,0.25,0.78
2016-03-01,0.29,0.85
2016-03-02,0.34,0.85
2016-03-03,0.34,0.85
2016-03-04,0.36,0.88
2016-03-07,0.35,0.91
2016-03-08,0.32,0.88
2016-03-09,0.36,0.9
2016-03-10,0.42,0.93
2016-03-11,0.46,0.97
2016-03-14,0.45,0.97
2016-03-15,0.43,0.98
2016-03-16,0.41,0.87
2016-03-17,0.38,0.87
2016-03-18,0.38,0.84
2016-03-21,0.39,0.87
2016-03-22,0.37,0.91
2016-03-23,0.36,0.87
2016-03-24,0.39,0.89
2016-03-25,0.39,0.89
2016-03-28,0.39,0.89
2016-03-29,0.37,0.78
2016-03-30,0.38,0.76
2016-03-31,0.34,0.73
2016-04-01,0.34,0.76
2016-04-04,0.33,0.75
2016-04-05,0.31,0.72
2016-04-06,0.3,0.73
2016-04-07,0.27,0.7
2016-04-08,0.3,0.7
2016-04-11,0.32,0.7
2016-04-12,0.35,0.74
2016-04-13,0.35,0.75
2016-04-14,0.36,0.77
2016-04-15,0.35,0.74
2016-04-18,0.38,0.75
2016-04-19,0.39,0.77
2016-04-20,0.36,0.8
2016-04-21,0.41,0.82
2016-04-22,0.42,0.84
2016-04-25,0.44,0.85
2016-04-26,0.47,0.86
2016-04-27,0.46,0.83
2016-04-28,0.45,0.78
2016-04-29,0.45,0.77
2016-05-02,0.45,0.8
2016-05-03,0.41,0.75
2016-05-04,0.39,0.75
2016-05-05,0.36,0.72
2016-05-06,0.34,0.74
2016-05-09,0.33,0.72
2016-05-10,0.31,0.72
2016-05-11,0.31,0.74
2016-05-12,0.32,0.76
2016-05-13,0.31,0.76
2016-05-16,0.33,0.79
2016-05-17,0.32,0.82
2016-05-18,0.37,0.9
2016-05-19,0.37,0.89
2016-05-20,0.4,0.89
2016-05-23,0.4,0.91
2016-05-24,0.43,0.92
2016-05-25,0.42,0.92
2016-05-26,0.39,0.87
2016-05-27,0.41,0.9
2016-05-30,0.41,0.9
2016-05-31,0.39,0.87
2016-06-01,0.36,0.91
2016-06-02,0.33,0.89
2016-06-03,0.29,0.78
2016-06-06,0.3,0.8
2016-06-07,0.31,0.78
2016-06-08,0.33,0.78
2016-06-09,0.33,0.77
2016-06-10,0.34,0.73
2016-06-13,0.33,0.73
2016-06-14,0.28,0.74
2016-06-15,0.27,0.69
2016-06-16,0.27,0.7
2016-06-17,0.31,0.7
2016-06-20,0.4,0.74
2016-06-21,0.43,0.76
2016-06-22,0.43,0.75
2016-06-23,0.45,0.78
2016-06-24,0.21,0.64
2016-06-27,0.09,0.61
2016-06-28,0.11,0.61
2016-06-29,0.13,0.62
2016-06-30,0.08,0.58
2016-07-01,0.12,0.59
2016-07-04,0.1,0.59
2016-07-05,0.08,0.56
2016-07-06,0.1,0.58
2016-07-07,0.1,0.58
2016-07-08,0.09,0.61
2016-07-11,0.11,0.66
2016-07-12,0.13,0.69
2016-07-13,0.07,0.68
2016-07-14,0.11,0.68
2016-07-15,0.13,0.71
2016-07-18,0.12,0.68
2016-07-19,0.13,0.7
2016-07-20,0.12,0.73
2016-07-21,0.11,0.7
2016-07-22,0.07,0.71
2016-07-25,0.07,0.72
2016-07-26,0.1,0.75
2016-07-27,0.05,0.73
2016-07-28,0.06,0.72
2016-07-29,0.04,0.67
2016-08-01,0.1,0.67
2016-08-02,0.13,0.67
2016-08-03,0.12,0.67
2016-08-04,0.04,0.64
2016-08-05,0.06,0.72
2016-08-08,0.03,0.74
2016-08-09,0.02,0.71
2016-08-10,0.04,0.69
2016-08-11,0.08,0.76
2016-08-12,0.07,0.71
2016-08-15,0.08,0.72
2016-08-16,0.12,0.76
2016-08-17,0.09,0.74
2016-08-18,0.09,0.71
2016-08-19,0.09,0.76
2016-08-22,0.07,0.76
2016-08-23,0.07,0.74
2016-08-24,0.08,0.76
2016-08-25,0.09,0.78
2016-08-26,0.08,0.84
2016-08-29,0.08,0.81
2016-08-30,0.1,0.8
2016-08-31,0.09,0.8
2016-09-01,0.07,0.78
2016-09-02,0.09,0.8
2016-09-05,0.07,0.8
2016-09-06,0.05,0.74
2016-09-07,0.03,0.74
2016-09-08,0.09,0.78
2016-09-09,0.13,0.79
2016-09-12,0.11,0.79
2016-09-13,0.13,0.8
2016-09-14,0.12,0.77
2016-09-15,0.1,0.74
2016-09-16,0.08,0.77
2016-09-19,0.09,0.79
2016-09-20,0.06,0.79
2016-09-21,0.06,0.79
2016-09-22,0.04,0.79
2016-09-23,0.05,0.77
2016-09-26,0.04,0.76
2016-09-27,0.03,0.75
2016-09-28,0.02,0.75
2016-09-29,0.03,0.73
2016-09-30,0.07,0.77
2016-10-03,0.05,0.8
2016-10-04,0.06,0.82
2016-10-05,0.07,0.85
2016-10-06,0.08,0.86
2016-10-07,0.12,0.83
2016-10-10,0.16,0.83
2016-10-11,0.14,0.87
2016-10-12,0.16,0.87
2016-10-13,0.16,0.85
2016-10-14,0.18,0.84
2016-10-17,0.17,0.81
2016-10-18,0.17,0.82
2016-10-19,0.18,0.81
2016-10-20,0.18,0.84
2016-10-21,0.2,0.84
2016-10-24,0.21,0.84
2016-10-25,0.2,0.86
2016-10-26,0.25,0.86
2016-10-27,0.26,0.87
2016-10-28,0.26,0.86
2016-10-31,0.23,0.86
2016-11-01,0.24,0.83
2016-11-02,0.17,0.81
2016-11-03,0.18,0.81
2016-11-04,0.15,0.8
2016-11-07,0.17,0.82
2016-11-08,0.2,0.87
2016-11-09,0.19,0.9
2016-11-10,0.23,0.92
2016-11-11,0.23,0.92
2016-11-14,0.24,1.0
2016-11-15,0.21,1.02
2016-11-16,0.23,1.0
2016-11-17,0.2,1.04
2016-11-18,0.22,1.07
2016-11-21,0.2,1.08
2016-11-22,0.18,1.07
2016-11-23,0.17,1.12
2016-11-24,0.15,1.12
2016-11-25,0.12,1.12
2016-11-28,0.1,1.11
2016-11-29,0.1,1.09
2016-11-30,0.12,1.11
2016-12-01,0.14,1.14
2016-12-02,0.12,1.11
2016-12-05,0.11,1.13
2016-12-06,0.13,1.12
2016-12-07,0.12,1.1
2016-12-08,0.12,1.12
2016-12-09,0.14,1.15
2016-12-12,0.15,1.15
2016-12-13,0.13,1.17
2016-12-14,0.11,1.27
2016-12-15,0.17,1.29
2016-12-16,0.15,1.28
2016-12-19,0.11,1.24
2016-12-20,0.11,1.25
2016-12-21,0.08,1.21
2016-12-22,0.08,1.22
2016-12-23,0.06,1.22
2016-12-26,0.06,1.22
2016-12-27,0.06,1.28
2016-12-28,0.06,1.26
2016-12-29,0.05,1.22
2016-12-30,0.04,1.2
2017-01-02,0.04,1.2
2017-01-03,0.13,1.22
2017-01-04,0.13,1.24
2017-01-05,0.14,1.17
2017-01-06,0.19,1.22
2017-01-09,0.18,1.21
2017-01-10,0.19,1.19
2017-01-11,0.18,1.2
2017-01-12,0.15,1.18
2017-01-13,0.18,1.21
2017-01-16,0.15,1.21
2017-01-17,0.16,1.17
2017-01-18,0.18,1.23
2017-01-19,0.21,1.25
2017-01-20,0.22,1.2
2017-01-23,0.18,1.16
2017-01-24,0.18,1.21
2017-01-25,0.2,1.23
2017-01-26,0.22,1.21
2017-01-27,0.2,1.22
2017-01-30,0.19,1.22
2017-01-31,0.17,1.19
2017-02-01,0.2,1.22
2017-02-02,0.15,1.21
2017-02-03,0.13,1.21
2017-02-06,0.12,1.16
2017-02-07,0.11,1.16
2017-02-08,0.11,1.15
2017-02-09,0.12,1.2
2017-02-10,0.13,1.2
2017-02-13,0.14,1.2
2017-02-14,0.14,1.25
2017-02-15,0.13,1.27
2017-02-16,0.09,1.22
2017-02-17,0.08,1.21
2017-02-20,0.09,1.21
2017-02-21,0.11,1.22
2017-02-22,0.08,1.22
2017-02-23,0.07,1.18
2017-02-24,0.06,1.12
2017-02-27,0.05,1.2
2017-02-28,0.05,1.22
2017-03-01,0.07,1.29
2017-03-02,0.07,1.32
2017-03-03,0.05,1.32
2017-03-06,0.06,1.31
2017-03-07,0.05,1.32
2017-03-08,0.06,1.36
2017-03-09,0.06,1.37
2017-03-10,0.07,1.36
2017-03-13,0.06,1.4
2017-03-14,0.04,1.4
2017-03-15,0.01,1.33
2017-03-16,0.04,1.35
2017-03-17,0.04,1.33
2017-03-20,0.05,1.3
2017-03-21,0.11,1.27
2017-03-22,0.08,1.27
2017-03-23,0.12,1.26
2017-03-24,0.14,1.26
2017-03-27,0.15,1.27
2017-03-28,0.15,1.3
2017-03-29,0.12,1.26
2017-03-30,0.08,1.28
2017-03-31,0.09,1.27
2017-04-03,0.08,1.24
2017-04-04,0.09,1.25
2017-04-05,0.1,1.24
2017-04-06,0.1,1.24
2017-04-07,0.09,1.29
2017-04-10,0.07,1.29
2017-04-11,0.06,1.24
2017-04-12,0.06,1.24
2017-04-13,0.07,1.21
2017-04-14,0.07,1.21
2017-04-17,0.07,1.21
2017-04-18,0.07,1.18
2017-04-19,0.09,1.19
2017-04-20,0.08,1.21
2017-04-21,0.05,1.2
2017-04-24,0.05,1.25
2017-04-25,0.06,1.29
2017-04-26,0.05,1.28
2017-04-27,0.03,1.25
2017-04-28,0.04,1.28
2017-05-01,0.04,1.28
2017-05-02,0.05,1.27
2017-05-03,0.04,1.3
2017-05-04,0.07,1.32
2017-05-05,0.1,1.32
2017-05-08,0.11,1.33
2017-05-09,0.12,1.37
2017-05-10,0.1,1.35
2017-05-11,0.09,1.35
2017-05-12,0.07,1.29
2017-05-15,0.09,1.31
2017-05-16,0.08,1.29
2017-05-17,0.08,1.26
2017-05-18,0.07,1.27
2017-05-19,0.07,1.28
2017-05-22,0.06,1.29
2017-05-23,0.06,1.31
2017-05-24,0.06,1.29
2017-05-25,0.06,1.3
2017-05-26,0.06,1.3
2017-05-29,0.06,1.3
2017-05-30,0.05,1.28
2017-05-31,0.08,1.28
2017-06-01,0.09,1.28
2017-06-02,0.09,1.28
2017-06-05,0.08,1.32
2017-06-06,0.06,1.3
2017-06-07,0.07,1.32
2017-06-08,0.08,1.33
2017-06-09,0.06,1.35
2017-06-12,0.05,1.35
2017-06-13,0.1,1.38
2017-06-14,0.06,1.35
2017-06-15,0.14,1.35
2017-06-16,0.12,1.32
2017-06-19,0.14,1.36
2017-06-20,0.1,1.36
2017-06-21,0.16,1.36
2017-06-22,0.16,1.34
2017-06-23,0.19,1.34
2017-06-26,0.19,1.36
2017-06-27,0.21,1.38
2017-06-28,0.25,1.34
2017-06-29,0.32,1.38
2017-06-30,0.31,1.38
2017-07-03,0.31,1.41
2017-07-04,0.29,1.41
2017-07-05,0.27,1.41
2017-07-06,0.32,1.4
2017-07-07,0.29,1.4
2017-07-10,0.26,1.4
2017-07-11,0.27,1.37
2017-07-12,0.27,1.35
2017-07-13,0.29,1.37
2017-07-14,0.29,1.35
2017-07-17,0.27,1.36
2017-07-18,0.24,1.36
2017-07-19,0.23,1.37
2017-07-20,0.25,1.37
2017-07-21,0.23,1.36
2017-07-24,0.23,1.37
2017-07-25,0.27,1.4
2017-07-26,0.23,1.36
2017-07-27,0.2,1.36
2017-07-28,0.21,1.34
2017-07-31,0.23,1.34
2017-08-01,0.22,1.34
2017-08-02,0.24,1.36
2017-08-03,0.19,1.34
2017-08-04,0.2,1.36
2017-08-07,0.18,1.36
2017-08-08,0.19,1.36
2017-08-09,0.17,1.33
2017-08-10,0.17,1.33
2017-08-11,0.17,1.3
2017-08-14,0.18,1.33
2017-08-15,0.18,1.35
2017-08-16,0.19,1.33
2017-08-17,0.19,1.32
2017-08-18,0.18,1.33
2017-08-21,0.18,1.32
2017-08-22,0.17,1.33
2017-08-23,0.15,1.32
2017-08-24,0.15,1.33
2017-08-25,0.14,1.35
2017-08-28,0.14,1.33
2017-08-29,0.12,1.33
2017-08-30,0.13,1.33
2017-08-31,0.13,1.33
2017-09-01,0.14,1.35
2017-09-04,0.14,1.35
2017-09-05,0.13,1.3
2017-09-06,0.12,1.3
2017-09-07,0.1,1.27
2017-09-08,0.13,1.27
2017-09-11,0.18,1.32
2017-09-12,0.25,1.33
2017-09-13,0.25,1.35
2017-09-14,0.34,1.37
2017-09-15,0.42,1.39
2017-09-18,0.39,1.4
2017-09-19,0.39,1.4
2017-09-20,0.41,1.45
2017-09-21,0.43,1.45
2017-09-22,0.43,1.46
2017-09-25,0.41,1.44
2017-09-26,0.43,1.45
2017-09-27,0.44,1.47
2017-09-28,0.44,1.45
2017-09-29,0.43,1.47
2017-10-02,0.41,1.49
2017-10-03,0.43,1.47
2017-10-04,0.43,1.47
2017-10-05,0.44,1.49
2017-10-06,0.41,1.54
2017-10-09,0.41,1.54
2017-10-10,0.43,1.51
2017-10-11,0.44,1.51
2017-10-12,0.46,1.51
2017-10-13,0.46,1.51
2017-10-16,0.44,1.54
2017-10-17,0.4,1.54
2017-10-18,0.43,1.59
2017-10-19,0.4,1.58
2017-10-20,0.43,1.6
2017-10-23,0.42,1.58
2017-10-24,0.45,1.6
2017-10-25,0.5,1.61
2017-10-26,0.48,1.63
2017-10-27,0.46,1.59
2017-10-30,0.44,1.58
2017-10-31,0.45,1.6
2017-11-01,0.48,1.61
2017-11-02,0.39,1.61
2017-11-03,0.43,1.63
2017-11-06,0.43,1.61
2017-11-07,0.42,1.63
2017-11-08,0.42,1.65
2017-11-09,0.44,1.63
2017-11-10,0.47,1.67
2017-11-13,0.47,1.7
2017-11-14,0.45,1.68
2017-11-15,0.45,1.68
2017-11-16,0.47,1.72
2017-11-17,0.46,1.73
2017-11-20,0.46,1.77
2017-11-21,0.46,1.77
2017-11-22,0.45,1.74
2017-11-23,0.43,1.74
2017-11-24,0.44,1.75
2017-11-27,0.45,1.74
2017-11-28,0.45,1.75
2017-11-29,0.51,1.78
2017-11-30,0.5,1.78
2017-12-01,0.42,1.78
2017-12-04,0.48,1.8
2017-12-05,0.48,1.83
2017-12-06,0.47,1.78
2017-12-07,0.48,1.8
2017-12-08,0.48,1.8
2017-12-11,0.44,1.82
2017-12-12,0.45,1.83
2017-12-13,0.46,1.79
2017-12-14,0.43,1.82
2017-12-15,0.43,1.84
2017-12-18,0.43,1.84
2017-12-19,0.45,1.87
2017-12-20,0.47,1.87
2017-12-21,0.46,1.89
2017-12-22,0.44,1.91
2017-12-25,0.44,1.91
2017-12-26,0.44,1.92
2017-12-27,0.41,1.89
2017-12-28,0.43,1.91
2017-12-29,0.42,1.89
2018-01-01,0.42,1.89
2018-01-02,0.49,1.92
2018-01-03,0.46,1.94
2018-01-04,0.49,1.96
2018-01-05,0.49,1.96
2018-01-08,0.49,1.96
2018-01-09,0.52,1.98
2018-01-10,0.53,1.98
2018-01-11,0.56,1.98
2018-01-12,0.6,1.99
2018-01-15,0.6,1.99
2018-01-16,0.59,2.03
2018-01-17,0.58,2.05
2018-01-18,0.61,2.05
2018-01-19,0.59,2.06
2018-01-22,0.59,2.08
2018-01-23,0.6,2.06
2018-01-24,0.63,2.08
2018-01-25,0.63,2.08
2018-01-26,0.66,2.13
2018-01-29,0.67,2.11
2018-01-30,0.66,2.13
2018-01-31,0.69,2.14
2018-02-01,0.71,2.16
2018-02-02,0.71,2.15
2018-02-05,0.7,2.08
2018-02-06,0.65,2.1
2018-02-07,0.67,2.15
2018-02-08,0.75,2.13
2018-02-09,0.73,2.05
2018-02-12,0.74,2.09
2018-02-13,0.75,2.1
2018-02-14,0.76,2.17
2018-02-15,0.76,2.19
2018-02-16,0.71,2.21
2018-02-19,0.72,2.21
2018-02-20,0.71,2.25
2018-02-21,0.72,2.26
2018-02-22,0.73,2.25
2018-02-23,0.73,2.25
2018-02-26,0.74,2.22
2018-02-27,0.76,2.27
2018-02-28,0.73,2.25
2018-03-01,0.71,2.22
2018-03-02,0.72,2.25
2018-03-05,0.74,2.24
2018-03-06,0.75,2.25
2018-03-07,0.74,2.25
2018-03-08,0.74,2.25
2018-03-09,0.77,2.27
2018-03-12,0.78,2.27
2018-03-13,0.78,2.26
2018-03-14,0.74,2.26
2018-03-15,0.75,2.29
2018-03-16,0.76,2.31
2018-03-19,0.77,2.31
2018-03-20,0.82,2.34
2018-03-21,0.87,2.31
2018-03-22,0.82,2.29
2018-03-23,0.84,2.28
2018-03-26,0.84,2.33
2018-03-27,0.82,2.26
2018-03-28,0.77,2.28
2018-03-29,0.77,2.27
2018-03-30,0.77,2.27
2018-04-02,0.77,2.25
2018-04-03,0.78,2.28
2018-04-04,0.79,2.28
2018-04-05,0.82,2.3
2018-04-06,0.81,2.27
2018-04-09,0.82,2.29
2018-04-10,0.84,2.32
2018-04-11,0.83,2.32
2018-04-12,0.85,2.34
2018-04-13,0.85,2.37
2018-04-16,0.86,2.39
2018-04-17,0.84,2.41
2018-04-18,0.8,2.42
2018-04-19,0.84,2.44
2018-04-20,0.79,2.46
2018-04-23,0.79,2.49
2018-04-24,0.82,2.48
2018-04-25,0.83,2.49
2018-04-26,0.83,2.49
2018-04-27,0.75,2.49
2018-04-30,0.72,2.49
2018-05-01,0.72,2.5
2018-05-02,0.77,2.49
2018-05-03,0.71,2.49
2018-05-04,0.73,2.51
2018-05-07,0.73,2.49
2018-05-08,0.75,2.51
2018-05-09,0.77,2.54
2018-05-10,0.72,2.54
2018-05-11,0.74,2.54
2018-05-14,0.76,2.55
2018-05-15,0.78,2.58
2018-05-16,0.77,2.58
2018-05-17,0.8,2.57
2018-05-18,0.76,2.55
2018-05-21,0.75,2.58
2018-05-22,0.77,2.59
2018-05-23,0.71,2.53
2018-05-24,0.69,2.5
2018-05-25,0.65,2.48
2018-05-28,0.65,2.48
2018-05-29,0.58,2.32
2018-05-30,0.56,2.42
2018-05-31,0.56,2.4
2018-06-01,0.59,2.47
2018-06-04,0.62,2.52
2018-06-05,0.62,2.49
2018-06-06,0.69,2.52
2018-06-07,0.7,2.5
2018-06-08,0.7,2.5
2018-06-11,0.7,2.52
2018-06-12,0.7,2.54
2018-06-13,0.69,2.59
2018-06-14,0.68,2.59
2018-06-15,0.67,2.55
2018-06-18,0.67,2.56
2018-06-19,0.66,2.54
2018-06-20,0.67,2.56
2018-06-21,0.68,2.56
2018-06-22,0.72,2.56
2018-06-25,0.7,2.54
2018-06-26,0.69,2.53
2018-06-27,0.67,2.52
2018-06-28,0.66,2.52
2018-06-29,0.69,2.52
2018-07-02,0.67,2.57
2018-07-03,0.66,2.53
2018-07-04,0.69,2.53
2018-07-05,0.69,2.55
2018-07-06,0.71,2.53
2018-07-09,0.7,2.57
2018-07-10,0.73,2.59
2018-07-11,0.73,2.58
2018-07-12,0.71,2.6
2018-07-13,0.71,2.59
2018-07-16,0.73,2.59
2018-07-17,0.72,2.62
2018-07-18,0.7,2.6
2018-07-19,0.69,2.6
2018-07-20,0.7,2.6
2018-07-23,0.72,2.64
2018-07-24,0.72,2.63
2018-07-25,0.72,2.66
2018-07-26,0.73,2.69
2018-07-27,0.73,2.67
2018-07-30,0.76,2.66
2018-07-31,0.74,2.67
2018-08-01,0.77,2.67
2018-08-02,0.77,2.66
2018-08-03,0.72,2.63
2018-08-06,0.7,2.64
2018-08-07,0.71,2.68
2018-08-08,0.72,2.68
2018-08-09,0.72,2.64
2018-08-10,0.68,2.61
2018-08-13,0.69,2.61
2018-08-14,0.7,2.63
2018-08-15,0.67,2.61
2018-08-16,0.68,2.63
2018-08-17,0.69,2.61
2018-08-20,0.69,2.6
2018-08-21,0.71,2.61
2018-08-22,0.72,2.6
2018-08-23,0.72,2.61
2018-08-24,0.72,2.63
2018-08-27,0.72,2.67
2018-08-28,0.73,2.67
2018-08-29,0.77,2.67
2018-08-30,0.75,2.64
2018-08-31,0.73,2.62
2018-09-03,0.73,2.62
2018-09-04,0.74,2.66
2018-09-05,0.76,2.66
2018-09-06,0.73,2.64
2018-09-07,0.75,2.71
2018-09-10,0.76,2.73
2018-09-11,0.79,2.76
2018-09-12,0.8,2.74
2018-09-13,0.81,2.76
2018-09-14,0.82,2.78
2018-09-17,0.82,2.78
2018-09-18,0.82,2.81
2018-09-19,0.85,2.81
2018-09-20,0.84,2.81
2018-09-21,0.82,2.81
2018-09-24,0.84,2.83
2018-09-25,0.85,2.83
2018-09-26,0.83,2.83
2018-09-27,0.84,2.83
2018-09-28,0.84,2.81
2018-10-01,0.83,2.82
2018-10-02,0.81,2.82
2018-10-03,0.83,2.85
2018-10-04,0.89,2.87
2018-10-05,0.92,2.88
2018-10-08,0.9,2.88
2018-10-09,0.9,2.88
2018-10-10,0.92,2.88
2018-10-11,0.89,2.85
2018-10-12,0.85,2.85
2018-10-15,0.82,2.85
2018-10-16,0.83,2.87
2018-10-17,0.8,2.89
2018-10-18,0.79,2.87
2018-10-19,0.8,2.92
2018-10-22,0.76,2.92
2018-10-23,0.76,2.89
2018-10-24,0.74,2.84
2018-10-25,0.74,2.86
2018-10-26,0.7,2.81
2018-10-29,0.71,2.81
2018-10-30,0.72,2.84
2018-10-31,0.75,2.87
2018-11-01,0.77,2.84
2018-11-02,0.8,2.91
2018-11-05,0.8,2.91
2018-11-06,0.81,2.93
2018-11-07,0.82,2.96
2018-11-08,0.85,2.98
2018-11-09,0.8,2.94
2018-11-12,0.75,2.94
2018-11-13,0.8,2.89
2018-11-14,0.79,2.86
2018-11-15,0.7,2.86
2018-11-16,0.72,2.81
2018-11-19,0.69,2.79
2018-11-20,0.71,2.79
2018-11-21,0.73,2.81
2018-11-22,0.76,2.81
2018-11-23,0.73,2.81
2018-11-26,0.77,2.84
2018-11-27,0.76,2.83
2018-11-28,0.75,2.81
2018-11-29,0.73,2.81
2018-11-30,0.75,2.8
2018-12-03,0.72,2.83
2018-12-04,0.72,2.8
2018-12-05,0.74,2.8
2018-12-06,0.71,2.75
2018-12-07,0.72,2.72
2018-12-10,0.65,2.72
2018-12-11,0.68,2.78
2018-12-12,0.72,2.77
2018-12-13,0.73,2.75
2018-12-14,0.7,2.73
2018-12-17,0.73,2.7
2018-12-18,0.75,2.65
2018-12-19,0.72,2.63
2018-12-20,0.71,2.67
2018-12-21,0.75,2.63
2018-12-24,0.71,2.55
2018-12-25,0.71,2.55
2018-12-26,0.71,2.61
2018-12-27,0.75,2.56
2018-12-28,0.73,2.52
2018-12-31,0.73,2.48
2019-01-01,0.73,2.48
2019-01-02,0.7,2.5
2019-01-03,0.68,2.39
2019-01-04,0.74,2.5
2019-01-07,0.73,2.53
2019-01-08,0.74,2.58
2019-01-09,0.72,2.56
2019-01-10,0.75,2.56
2019-01-11,0.78,2.55
2019-01-14,0.79,2.53
2019-01-15,0.78,2.53
2019-01-16,0.81,2.55
2019-01-17,0.81,2.56
2019-01-18,0.8,2.62
2019-01-21,0.78,2.62
2019-01-22,0.78,2.58
2019-01-23,0.79,2.58
2019-01-24,0.76,2.56
2019-01-25,0.79,2.6
2019-01-28,0.76,2.6
2019-01-29,0.76,2.56
2019-01-30,0.77,2.52
2019-01-31,0.74,2.45
2019-02-01,0.75,2.52
2019-02-04,0.77,2.53
2019-02-05,0.73,2.53
2019-02-06,0.72,2.52
2019-02-07,0.7,2.48
2019-02-08,0.69,2.45
2019-02-11,0.7,2.48
2019-02-12,0.72,2.5
2019-02-13,0.72,2.53
2019-02-14,0.7,2.5
2019-02-15,0.71,2.52
2019-02-18,0.71,2.52
2019-02-19,0.72,2.5
2019-02-20,0.72,2.5
2019-02-21,0.74,2.53
2019-02-22,0.72,2.48
2019-02-25,0.74,2.51
2019-02-26,0.77,2.48
2019-02-27,0.83,2.5
2019-02-28,0.81,2.52
2019-03-01,0.78,2.55
2019-03-04,0.77,2.55
2019-03-05,0.79,2.55
2019-03-06,0.74,2.52
2019-03-07,0.7,2.47
2019-03-08,0.73,2.45
2019-03-11,0.72,2.47
2019-03-12,0.71,2.45
2019-03-13,0.74,2.45
2019-03-14,0.76,2.46
2019-03-15,0.75,2.43
2019-03-18,0.73,2.45
2019-03-19,0.74,2.46
2019-03-20,0.71,2.4
2019-03-21,0.67,2.41
2019-03-22,0.63,2.31
2019-03-25,0.62,2.26
2019-03-26,0.64,2.24
2019-03-27,0.64,2.22
2019-03-28,0.64,2.23
2019-03-29,0.62,2.27
2019-04-01,0.65,2.33
2019-04-02,0.61,2.3
2019-04-03,0.67,2.33
2019-04-04,0.68,2.33
2019-04-05,0.71,2.35
2019-04-08,0.69,2.36
2019-04-09,0.69,2.35
2019-04-10,0.68,2.31
2019-04-11,0.72,2.35
2019-04-12,0.77,2.4
2019-04-15,0.77,2.4
2019-04-16,0.77,2.41
2019-04-17,0.77,2.4
2019-04-18,0.74,2.38
2019-04-19,0.74,2.38
2019-04-22,0.74,2.38
2019-04-23,0.76,2.36
2019-04-24,0.72,2.32
2019-04-25,0.71,2.33
2019-04-26,0.7,2.28
2019-04-29,0.71,2.3
2019-04-30,0.73,2.27
2019-05-01,0.71,2.31
2019-05-02,0.74,2.35
2019-05-03,0.77,2.33
2019-05-06,0.77,2.31
2019-05-07,0.73,2.28
2019-05-08,0.72,2.3
2019-05-09,0.71,2.26
2019-05-10,0.71,2.26
2019-05-13,0.69,2.18
2019-05-14,0.69,2.2
2019-05-15,0.69,2.16
2019-05-16,0.69,2.2
2019-05-17,0.68,2.2
2019-05-20,0.7,2.21
2019-05-21,0.73,2.26
2019-05-22,0.68,2.23
2019-05-23,0.63,2.12
2019-05-24,0.61,2.16
2019-05-27,0.61,2.16
2019-05-28,0.59,2.12
2019-05-29,0.58,2.09
2019-05-30,0.59,2.06
2019-05-31,0.58,1.95
2019-06-03,0.55,1.82
2019-06-04,0.57,1.88
2019-06-05,0.55,1.83
2019-06-06,0.52,1.88
2019-06-07,0.5,1.85
2019-06-10,0.52,1.9
2019-06-11,0.55,1.93
2019-06-12,0.58,1.88
2019-06-13,0.56,1.83
2019-06-14,0.57,1.84
2019-06-17,0.58,1.86
2019-06-18,0.54,1.86
2019-06-19,0.59,1.74
2019-06-20,0.54,1.72
2019-06-21,0.58,1.77
2019-06-24,0.55,1.72
2019-06-25,0.54,1.71
2019-06-26,0.56,1.77
2019-06-27,0.57,1.74
2019-06-28,0.59,1.75
2019-07-01,0.56,1.78
2019-07-02,0.49,1.77
2019-07-03,0.46,1.77
2019-07-04,0.47,1.77
2019-07-05,0.53,1.87
2019-07-08,0.5,1.88
2019-07-09,0.51,1.92
2019-07-10,0.53,1.82
2019-07-11,0.58,1.85
2019-07-12,0.56,1.84
2019-07-15,0.53,1.83
2019-07-16,0.55,1.87
2019-07-17,0.5,1.83
2019-07-18,0.49,1.77
2019-07-19,0.47,1.8
2019-07-22,0.46,1.8
2019-07-23,0.44,1.83
2019-07-24,0.43,1.83
2019-07-25,0.46,1.86
2019-07-26,0.44,1.86
2019-07-29,0.42,1.85
2019-07-30,0.4,1.85
2019-07-31,0.39,1.89
2019-08-01,0.37,1.73
2019-08-02,0.38,1.72
2019-08-05,0.36,1.59
2019-08-06,0.37,1.6
2019-08-07,0.39,1.59
2019-08-08,0.42,1.62
2019-08-09,0.39,1.63
2019-08-12,0.38,1.58
2019-08-13,0.39,1.66
2019-08-14,0.39,1.58
2019-08-15,0.39,1.48
2019-08-16,0.45,1.48
2019-08-19,0.44,1.53
2019-08-20,0.43,1.5
2019-08-21,0.42,1.56
2019-08-22,0.45,1.61
2019-08-23,0.41,1.51
2019-08-26,0.41,1.54
2019-08-27,0.37,1.53
2019-08-28,0.34,1.5
2019-08-29,0.35,1.53
2019-08-30,0.38,1.5
2019-09-02,0.33,1.5
2019-09-03,0.31,1.47
2019-09-04,0.36,1.43
2019-09-05,0.44,1.55
2019-09-06,0.37,1.53
2019-09-09,0.44,1.58
2019-09-10,0.46,1.67
2019-09-11,0.48,1.68
2019-09-12,0.5,1.72
2019-09-13,0.56,1.79
2019-09-16,0.5,1.74
2019-09-17,0.51,1.72
2019-09-18,0.5,1.77
2019-09-19,0.49,1.74
2019-09-20,0.51,1.69
2019-09-23,0.44,1.68
2019-09-24,0.43,1.6
2019-09-25,0.43,1.68
2019-09-26,0.42,1.66
2019-09-27,0.37,1.63
2019-09-30,0.35,1.63
2019-10-01,0.32,1.56
2019-10-02,0.35,1.48
2019-10-03,0.35,1.39
2019-10-04,0.32,1.4
2019-10-07,0.32,1.46
2019-10-08,0.29,1.42
2019-10-09,0.34,1.47
2019-10-10,0.41,1.53
2019-10-11,0.54,1.63
2019-10-14,0.5,1.63
2019-10-15,0.54,1.61
2019-10-16,0.52,1.58
2019-10-17,0.51,1.6
2019-10-18,0.53,1.58
2019-10-21,0.54,1.62
2019-10-22,0.5,1.6
2019-10-23,0.5,1.58
2019-10-24,0.46,1.58
2019-10-25,0.49,1.63
2019-10-28,0.53,1.64
2019-10-29,0.53,1.64
2019-10-30,0.5,1.61
2019-10-31,0.48,1.52
2019-11-01,0.51,1.56
2019-11-04,0.53,1.6
2019-11-05,0.56,1.63
2019-11-06,0.54,1.61
2019-11-07,0.51,1.68
2019-11-08,0.54,1.68
2019-11-11,0.56,1.68
2019-11-12,0.56,1.66
2019-11-13,0.54,1.63
2019-11-14,0.52,1.58
2019-11-15,0.53,1.61
2019-11-18,0.55,1.6
2019-11-19,0.55,1.6
2019-11-20,0.55,1.56
2019-11-21,0.57,1.6
2019-11-22,0.51,1.61
2019-11-25,0.51,1.61
2019-11-26,0.47,1.58
2019-11-27,0.51,1.63
2019-11-28,0.51,1.63
2019-11-29,0.54,1.61
2019-12-02,0.55,1.61
2019-12-03,0.5,1.53
2019-12-04,0.56,1.58
2019-12-05,0.58,1.58
2019-12-06,0.57,1.61
2019-12-09,0.56,1.63
2019-12-10,0.58,1.65
2019-12-11,0.57,1.61
2019-12-12,0.59,1.66
2019-12-13,0.55,1.61
2019-12-16,0.6,1.65
2019-12-17,0.54,1.63
2019-12-18,0.52,1.63
2019-12-19,0.55,1.62
2019-12-20,0.53,1.63
2019-12-23,0.54,1.64
2019-12-24,0.53,1.62
2019-12-25,0.53,1.62
2019-12-26,0.53,1.64
2019-12-27,0.52,1.59
2019-12-30,0.58,1.58
2019-12-31,0.53,1.58
2020-01-01,0.53,1.58
2020-01-02,0.54,1.58
2020-01-03,0.53,1.53
2020-01-06,0.56,1.54
2020-01-07,0.58,1.54
2020-01-08,0.58,1.58
2020-01-09,0.57,1.58
2020-01-10,0.52,1.56
2020-01-13,0.47,1.58
2020-01-14,0.47,1.58
2020-01-15,0.42,1.56
2020-01-16,0.42,1.58
2020-01-17,0.4,1.58
2020-01-20,0.41,1.58
2020-01-21,0.41,1.53
2020-01-22,0.42,1.53
2020-01-23,0.4,1.51
2020-01-24,0.4,1.49
2020-01-27,0.37,1.44
2020-01-28,0.41,1.45
2020-01-29,0.41,1.42
2020-01-30,0.47,1.41
2020-01-31,0.46,1.33
2020-02-03,0.45,1.36
2020-02-04,0.45,1.41
2020-02-05,0.46,1.44
2020-02-06,0.46,1.44
2020-02-07,0.46,1.41
2020-02-10,0.45,1.37
2020-02-11,0.47,1.41
2020-02-12,0.51,1.44
2020-02-13,0.52,1.44
2020-02-14,0.51,1.42
2020-02-17,0.52,1.42
2020-02-18,0.5,1.41
2020-02-19,0.49,1.42
2020-02-20,0.48,1.39
2020-02-21,0.47,1.34
2020-02-24,0.44,1.26
2020-02-25,0.41,1.2
2020-02-26,0.4,1.16
2020-02-27,0.36,1.11
2020-02-28,0.34,0.86
2020-03-02,0.29,0.84
2020-03-03,0.25,0.71
2020-03-04,0.21,0.67
2020-03-05,0.17,0.59
2020-03-06,0.09,0.49
2020-03-09,0.11,0.38
2020-03-10,0.16,0.5
2020-03-11,0.15,0.5
2020-03-12,0.22,0.5
2020-03-13,0.28,0.49
2020-03-16,0.31,0.36
2020-03-17,0.31,0.47
2020-03-18,0.33,0.54
2020-03-19,0.23,0.44
2020-03-20,0.1,0.37
2020-03-23,0.05,0.28
2020-03-24,0.11,0.38
2020-03-25,0.1,0.34
2020-03-26,0.11,0.3
2020-03-27,0.12,0.25
2020-03-30,0.11,0.23
2020-03-31,0.14,0.23
2020-04-01,0.11,0.23
2020-04-02,0.11,0.23
2020-04-03,0.1,0.23
2020-04-06,0.11,0.27
2020-04-07,0.15,0.28
2020-04-08,0.12,0.27
2020-04-09,0.05,0.23
2020-04-10,0.05,0.23
2020-04-13,0.05,0.25
2020-04-14,0.08,0.23
2020-04-15,0.05,0.2
2020-04-16,0.08,0.2
2020-04-17,0.1,0.2
2020-04-20,0.1,0.2
2020-04-21,0.08,0.2
2020-04-22,0.09,0.22
2020-04-23,0.08,0.22
2020-04-24,0.08,0.22
2020-04-27,0.09,0.24
2020-04-28,0.07,0.2
2020-04-29,0.07,0.2
2020-04-30,0.03,0.2
2020-05-01,0.07,0.2
2020-05-04,0.05,0.19
2020-05-05,0.03,0.19
2020-05-06,0.04,0.17
2020-05-07,0.02,0.13
2020-05-08,0.02,0.16
2020-05-11,0.03,0.17
2020-05-12,0.01,0.17
2020-05-13,0.01,0.16
2020-05-14,0.01,0.16
2020-05-15,0.03,0.16
2020-05-18,0.03,0.18
2020-05-19,0.01,0.17
2020-05-20,0.01,0.16
2020-05-21,-0.03,0.17
2020-05-22,-0.04,0.17
2020-05-25,-0.04,0.17
2020-05-26,0.0,0.18
2020-05-27,-0.01,0.19
2020-05-28,-0.01,0.17
2020-05-29,-0.03,0.16
2020-06-01,0.01,0.14
2020-06-02,-0.01,0.17
2020-06-03,0.03,0.19
2020-06-04,0.03,0.19
2020-06-05,0.03,0.22
2020-06-08,0.03,0.22
2020-06-09,0.02,0.2
2020-06-10,-0.02,0.17
2020-06-11,-0.03,0.19
2020-06-12,-0.02,0.19
2020-06-15,-0.01,0.19
2020-06-16,-0.03,0.21
2020-06-17,-0.04,0.19
2020-06-18,-0.02,0.19
2020-06-19,-0.02,0.19
2020-06-22,-0.05,0.19
2020-06-23,-0.04,0.18
2020-06-24,-0.06,0.19
2020-06-25,-0.05,0.17
2020-06-26,-0.05,0.17
2020-06-29,-0.07,0.16
2020-06-30,-0.07,0.16
2020-07-01,-0.05,0.17
2020-07-02,-0.08,0.16
2020-07-03,-0.07,0.16
2020-07-06,-0.06,0.16
2020-07-07,-0.06,0.16
2020-07-08,-0.06,0.16
2020-07-09,-0.08,0.16
2020-07-10,-0.1,0.16
2020-07-13,-0.08,0.16
2020-07-14,-0.09,0.14
2020-07-15,-0.07,0.16
2020-07-16,-0.1,0.16
2020-07-17,-0.08,0.14
2020-07-20,-0.09,0.16
2020-07-21,-0.1,0.14
2020-07-22,-0.11,0.14
2020-07-23,-0.1,0.16
2020-07-24,-0.09,0.14
2020-07-27,-0.11,0.15
2020-07-28,-0.11,0.14
2020-07-29,-0.09,0.12
2020-07-30,-0.1,0.11
2020-07-31,-0.09,0.11
2020-08-03,-0.09,0.11
2020-08-04,-0.09,0.11
2020-08-05,-0.07,0.11
2020-08-06,-0.06,0.11
2020-08-07,-0.04,0.13
2020-08-10,-0.05,0.14
2020-08-11,-0.01,0.16
2020-08-12,-0.01,0.16
2020-08-13,-0.02,0.16
2020-08-14,-0.03,0.14
2020-08-17,-0.06,0.14
2020-08-18,-0.06,0.14
2020-08-19,-0.05,0.14
2020-08-20,-0.06,0.13
2020-08-21,-0.07,0.16
2020-08-24,-0.07,0.14
2020-08-25,-0.04,0.15
2020-08-26,-0.03,0.16
2020-08-27,-0.03,0.16
2020-08-28,-0.07,0.14
2020-08-31,-0.07,0.14
2020-09-01,-0.09,0.13
2020-09-02,-0.11,0.14
2020-09-03,-0.1,0.13
2020-09-04,-0.09,0.14
2020-09-07,-0.09,0.14
2020-09-08,-0.14,0.14
2020-09-09,-0.09,0.14
2020-09-10,-0.1,0.14
2020-09-11,-0.14,0.13
2020-09-14,-0.11,0.14
2020-09-15,-0.09,0.14
2020-09-16,-0.07,0.14
2020-09-17,-0.13,0.13
2020-09-18,-0.14,0.14
2020-09-21,-0.14,0.14
2020-09-22,-0.08,0.13
2020-09-23,-0.07,0.14
2020-09-24,-0.08,0.14
2020-09-25,-0.1,0.12
2020-09-28,-0.08,0.14
2020-09-29,-0.08,0.11
2020-09-30,-0.05,0.13
2020-10-01,-0.07,0.14
2020-10-02,-0.05,0.13
2020-10-05,-0.05,0.14
2020-10-06,-0.05,0.14
2020-10-07,-0.04,0.16
2020-10-08,-0.04,0.13
2020-10-09,-0.05,0.16
2020-10-12,-0.05,0.16
2020-10-13,-0.07,0.16
2020-10-14,-0.06,0.14
2020-10-15,-0.08,0.14
2020-10-16,-0.08,0.14
2020-10-19,-0.09,0.16
2020-10-20,-0.08,0.14
2020-10-21,-0.07,0.14
2020-10-22,-0.05,0.16
2020-10-23,-0.05,0.18
2020-10-26,-0.05,0.16
2020-10-27,-0.07,0.16
2020-10-28,-0.08,0.16
2020-10-29,-0.08,0.16
2020-10-30,-0.05,0.14
2020-11-02,-0.08,0.16
2020-11-03,-0.06,0.17
2020-11-04,-0.09,0.14
2020-11-05,-0.06,0.14
2020-11-06,-0.05,0.16
2020-11-09,-0.02,0.17
2020-11-10,-0.01,0.19
2020-11-11,-0.01,0.19
2020-11-12,-0.04,0.17
2020-11-13,-0.04,0.17
2020-11-16,-0.03,0.19
2020-11-17,-0.04,0.18
2020-11-18,-0.03,0.16
2020-11-19,-0.03,0.18
2020-11-20,-0.05,0.16
2020-11-23,-0.03,0.16
2020-11-24,-0.03,0.16
2020-11-25,-0.03,0.17
2020-11-26,-0.04,0.17
2020-11-27,-0.04,0.16
2020-11-30,-0.02,0.16
2020-12-01,0.0,0.17
2020-12-02,-0.02,0.16
2020-12-03,-0.03,0.16
2020-12-04,-0.03,0.16
2020-12-07,-0.07,0.14
2020-12-08,-0.08,0.14
2020-12-09,-0.08,0.16
2020-12-10,-0.11,0.14
2020-12-11,-0.12,0.11
2020-12-14,-0.09,0.13
2020-12-15,-0.06,0.11
2020-12-16,-0.06,0.13
2020-12-17,-0.05,0.13
2020-12-18,-0.08,0.13
2020-12-21,-0.1,0.13
2020-12-22,-0.13,0.13
2020-12-23,-0.07,0.13
2020-12-24,-0.1,0.13
2020-12-25,-0.1,0.13
2020-12-28,-0.1,0.13
2020-12-29,-0.13,0.12
2020-12-30,-0.12,0.12
2020-12-31,-0.14,0.13
2021-01-01,-0.14,0.13
2021-01-04,-0.13,0.11
2021-01-05,-0.13,0.13
2021-01-06,-0.12,0.14
2021-01-07,-0.11,0.14
2021-01-08,-0.11,0.14
2021-01-11,-0.1,0.14
2021-01-12,-0.06,0.14
2021-01-13,-0.09,0.14
2021-01-14,-0.1,0.16
2021-01-15,-0.12,0.13
2021-01-18,-0.12,0.13
2021-01-19,-0.11,0.14
2021-01-20,-0.1,0.13
2021-01-21,-0.09,0.13
2021-01-22,-0.1,0.13
2021-01-25,-0.12,0.13
2021-01-26,-0.12,0.11
2021-01-27,-0.12,0.12
2021-01-28,-0.11,0.12
2021-01-29,-0.1,0.11
2021-02-01,-0.1,0.11
2021-02-02,-0.08,0.11
2021-02-03,-0.07,0.11
2021-02-04,-0.02,0.11
2021-02-05,0.0,0.09
2021-02-08,-0.01,0.11
2021-02-09,-0.02,0.11
2021-02-10,-0.02,0.11
2021-02-11,-0.03,0.11
2021-02-12,-0.02,0.11
2021-02-15,-0.02,0.11
2021-02-16,-0.01,0.13
2021-02-17,-0.03,0.11
2021-02-18,-0.01,0.11
2021-02-19,0.02,0.11
2021-02-22,0.01,0.11
2021-02-23,0.0,0.11
2021-02-24,0.0,0.12
2021-02-25,0.06,0.17
2021-02-26,0.09,0.14
2021-03-01,0.07,0.13
2021-03-02,0.03,0.13
2021-03-03,0.05,0.14
2021-03-04,0.04,0.14
2021-03-05,0.07,0.14
2021-03-08,0.06,0.17
2021-03-09,0.05,0.17
2021-03-10,0.03,0.16
2021-03-11,0.05,0.14
2021-03-12,0.06,0.14
2021-03-15,0.05,0.14
2021-03-16,0.06,0.15
2021-03-17,0.07,0.13
2021-03-18,0.06,0.16
2021-03-19,0.05,0.16
2021-03-22,0.04,0.15
2021-03-23,0.02,0.15
2021-03-24,0.03,0.14
2021-03-25,0.02,0.14
2021-03-26,0.03,0.14
2021-03-29,0.04,0.14
2021-03-30,0.06,0.16
2021-03-31,0.07,0.16
2021-04-01,0.05,0.17
2021-04-02,0.05,0.19
2021-04-05,0.05,0.17
2021-04-06,0.06,0.16
2021-04-07,0.06,0.16
2021-04-08,0.04,0.14
2021-04-09,0.04,0.16
2021-04-12,0.04,0.18
2021-04-13,0.04,0.16
2021-04-14,0.05,0.16
2021-04-15,0.02,0.16
2021-04-16,0.04,0.16
2021-04-19,0.03,0.16
2021-04-20,0.03,0.15
2021-04-21,0.04,0.15
2021-04-22,0.03,0.16
2021-04-23,0.04,0.16
2021-04-26,0.05,0.18
2021-04-27,0.06,0.17
2021-04-28,0.06,0.17
2021-04-29,0.07,0.16
2021-04-30,0.08,0.16
2021-05-03,0.08,0.16
2021-05-04,0.04,0.16
2021-05-05,0.05,0.16
2021-05-06,0.03,0.16
2021-05-07,0.02,0.14
2021-05-10,0.03,0.16
2021-05-11,0.05,0.16
2021-05-12,0.09,0.16
2021-05-13,0.09,0.16
2021-05-14,0.08,0.16
2021-05-17,0.08,0.16
2021-05-18,0.08,0.16
2021-05-19,0.06,0.16
2021-05-20,0.05,0.15
2021-05-21,0.05,0.17
2021-05-24,0.04,0.15
2021-05-25,0.03,0.15
2021-05-26,0.03,0.14
2021-05-27,0.06,0.14
2021-05-28,0.06,0.14
2021-05-31,0.06,0.14
2021-06-01,0.07,0.16
2021-06-02,0.06,0.13
2021-06-03,0.07,0.16
2021-06-04,0.06,0.14
2021-06-07,0.08,0.16
2021-06-08,0.06,0.14
2021-06-09,0.05,0.16
2021-06-10,0.07,0.14
2021-06-11,0.05,0.16
2021-06-14,0.06,0.16
2021-06-15,0.08,0.16
2021-06-16,0.08,0.21
2021-06-17,0.13,0.23
2021-06-18,0.13,0.26
2021-06-21,0.13,0.27
2021-06-22,0.13,0.25
2021-06-23,0.12,0.26
2021-06-24,0.09,0.26
2021-06-25,0.1,0.28
2021-06-28,0.09,0.25
2021-06-29,0.08,0.27
2021-06-30,0.08,0.25
2021-07-01,0.08,0.25
2021-07-02,0.07,0.24
2021-07-05,0.07,0.24
2021-07-06,0.06,0.22
2021-07-07,0.06,0.22
2021-07-08,0.07,0.19
2021-07-09,0.09,0.23
2021-07-12,0.09,0.23
2021-07-13,0.08,0.26
2021-07-14,0.09,0.23
2021-07-15,0.16,0.23
2021-07-16,0.13,0.25
2021-07-19,0.08,0.21
2021-07-20,0.09,0.2
2021-07-21,0.12,0.22
2021-07-22,0.08,0.2
2021-07-23,0.1,0.22
2021-07-26,0.1,0.22
2021-07-27,0.1,0.2
2021-07-28,0.1,0.2
2021-07-29,0.08,0.2
2021-07-30,0.07,0.19
2021-08-02,0.06,0.17
2021-08-03,0.06,0.17
2021-08-04,0.08,0.17
2021-08-05,0.09,0.21
2021-08-06,0.15,0.21
2021-08-09,0.14,0.23
2021-08-10,0.16,0.24
2021-08-11,0.13,0.23
2021-08-12,0.16,0.23
2021-08-13,0.15,0.23
2021-08-16,0.14,0.21
2021-08-17,0.16,0.23
2021-08-18,0.15,0.23
2021-08-19,0.12,0.22
2021-08-20,0.1,0.23
2021-08-23,0.12,0.23
2021-08-24,0.13,0.24
2021-08-25,0.15,0.23
2021-08-26,0.14,0.25
2021-08-27,0.13,0.22
2021-08-30,0.13,0.2
2021-08-31,0.16,0.2
2021-09-01,0.14,0.2
2021-09-02,0.13,0.2
2021-09-03,0.13,0.21
2021-09-06,0.11,0.21
2021-09-07,0.13,0.22
2021-09-08,0.13,0.22
2021-09-09,0.15,0.23
2021-09-10,0.15,0.23
2021-09-13,0.16,0.21
2021-09-14,0.16,0.21
2021-09-15,0.18,0.21
2021-09-16,0.2,0.23
2021-09-17,0.21,0.23
2021-09-20,0.18,0.23
2021-09-21,0.19,0.22
2021-09-22,0.2,0.25
2021-09-23,0.3,0.27
2021-09-24,0.3,0.29
2021-09-27,0.3,0.31
2021-09-28,0.31,0.31
2021-09-29,0.31,0.3
2021-09-30,0.33,0.28
2021-10-01,0.33,0.27
2021-10-04,0.32,0.27
2021-10-05,0.38,0.28
2021-10-06,0.39,0.3
2021-10-07,0.4,0.32
2021-10-08,0.47,0.32
2021-10-11,0.51,0.32
2021-10-12,0.49,0.35
2021-10-13,0.49,0.37
2021-10-14,0.45,0.36
2021-10-15,0.5,0.41
2021-10-18,0.66,0.44
2021-10-19,0.66,0.41
2021-10-20,0.63,0.4
2021-10-21,0.65,0.45
2021-10-22,0.63,0.48
2021-10-25,0.59,0.47
2021-10-26,0.57,0.47
2021-10-27,0.51,0.5
2021-10-28,0.57,0.5
2021-10-29,0.65,0.48
2021-11-01,0.61,0.5
2021-11-02,0.57,0.46
2021-11-03,0.61,0.47
2021-11-04,0.4,0.41
2021-11-05,0.33,0.39
2021-11-08,0.35,0.45
2021-11-09,0.4,0.41
2021-11-10,0.52,0.51
2021-11-11,0.51,0.51
2021-11-12,0.47,0.53
2021-11-15,0.49,0.53
2021-11-16,0.53,0.54
2021-11-17,0.51,0.52
2021-11-18,0.47,0.52
2021-11-19,0.43,0.52
2021-11-22,0.47,0.63
2021-11-23,0.51,0.6
2021-11-24,0.53,0.64
2021-11-25,0.51,0.64
2021-11-26,0.39,0.5
2021-11-29,0.43,0.51
2021-11-30,0.43,0.52
2021-12-01,0.47,0.56
2021-12-02,0.45,0.63
2021-12-03,0.42,0.6
2021-12-06,0.39,0.65
2021-12-07,0.38,0.7
2021-12-08,0.37,0.68
2021-12-09,0.34,0.7
2021-12-10,0.33,0.67
2021-12-13,0.32,0.66
2021-12-14,0.36,0.67
2021-12-15,0.4,0.69
2021-12-16,0.43,0.64
2021-12-17,0.45,0.66
2021-12-20,0.47,0.65
2021-12-21,0.55,0.7
2021-12-22,0.58,0.68
2021-12-23,0.61,0.71
2021-12-24,0.6,0.71
2021-12-27,0.6,0.76
2021-12-28,0.6,0.74
2021-12-29,0.65,0.75
2021-12-30,0.62,0.73
2021-12-31,0.62,0.73
2022-01-03,0.62,0.78
2022-01-04,0.71,0.77
2022-01-05,0.71,0.83
2022-01-06,0.75,0.88
2022-01-07,0.77,0.87
2022-01-10,0.79,0.92
2022-01-11,0.79,0.9
2022-01-12,0.77,0.92
2022-01-13,0.73,0.91
2022-01-14,0.76,0.99
2022-01-17,0.8,0.99
2022-01-18,0.83,1.06
2022-01-19,0.88,1.04
2022-01-20,0.86,1.08
2022-01-21,0.84,1.01
2022-01-24,0.83,0.99
2022-01-25,0.85,1.02
2022-01-26,0.88,1.13
2022-01-27,0.93,1.18
2022-01-28,0.93,1.15
2022-01-31,1.01,1.18
2022-02-01,1.02,1.18
2022-02-02,0.98,1.16
2022-02-03,1.11,1.19
2022-02-04,1.22,1.31
2022-02-07,1.24,1.3
2022-02-08,1.29,1.35
2022-02-09,1.24,1.36
2022-02-10,1.32,1.61
2022-02-11,1.38,1.5
2022-02-14,1.45,1.58
2022-02-15,1.49,1.58
2022-02-16,1.36,1.52
2022-02-17,1.3,1.49
2022-02-18,1.24,1.47
2022-02-21,1.24,1.47
2022-02-22,1.3,1.56
2022-02-23,1.26,1.58
2022-02-24,1.22,1.54
2022-02-25,1.17,1.55
2022-02-28,1.05,1.44
2022-03-01,0.82,1.31
2022-03-02,1.07,1.5
2022-03-03,1.12,1.53
2022-03-04,1.06,1.5
2022-03-07,1.17,1.55
2022-03-08,1.31,1.63
2022-03-09,1.4,1.68
2022-03-10,1.34,1.72
2022-03-11,1.34,1.75
2022-03-14,1.4,1.87
2022-03-15,1.36,1.85
2022-03-16,1.41,1.95
2022-03-17,1.3,1.94
2022-03-18,1.2,1.97
2022-03-21,1.3,2.14
2022-03-22,1.4,2.18
2022-03-23,1.38,2.13
2022-03-24,1.34,2.13
2022-03-25,1.41,2.3
2022-03-28,1.37,2.35
2022-03-29,1.37,2.35
2022-03-30,1.38,2.31
2022-03-31,1.37,2.28
2022-04-01,1.41,2.44
2022-04-04,1.39,2.43
2022-04-05,1.48,2.51
2022-04-06,1.49,2.5
2022-04-07,1.48,2.47
2022-04-08,1.49,2.53
2022-04-11,1.55,2.5
2022-04-12,1.51,2.39
2022-04-13,1.5,2.37
2022-04-14,1.55,2.47
2022-04-15,1.55,2.47
2022-04-18,1.55,2.46
2022-04-19,1.61,2.61
2022-04-20,1.58,2.6
2022-04-21,1.72,2.68
2022-04-22,1.71,2.72
2022-04-25,1.56,2.63
2022-04-26,1.5,2.54
2022-04-27,1.5,2.58
2022-04-28,1.55,2.63
2022-04-29,1.61,2.7
2022-05-02,1.61,2.73
2022-05-03,1.65,2.78
2022-05-04,1.66,2.66
2022-05-05,1.54,2.71
2022-05-06,1.52,2.72
2022-05-09,1.4,2.61
2022-05-10,1.33,2.62
2022-05-11,1.34,2.66
2022-05-12,1.22,2.56
2022-05-13,1.26,2.61
2022-05-16,1.26,2.58
2022-05-17,1.46,2.71
2022-05-18,1.47,2.68
2022-05-19,1.5,2.63
2022-05-20,1.52,2.6
2022-05-23,1.59,2.65
2022-05-24,1.44,2.5
2022-05-25,1.45,2.48
2022-05-26,1.48,2.46
2022-05-27,1.46,2.47
2022-05-30,1.5,2.47
2022-05-31,1.62,2.53
2022-06-01,1.68,2.66
2022-06-02,1.68,2.65
2022-06-03,1.68,2.66
2022-06-06,1.81,2.73
2022-06-07,1.77,2.75
2022-06-08,1.8,2.78
2022-06-09,1.89,2.83
2022-06-10,2.07,3.06
2022-06-13,2.14,3.4
2022-06-14,2.14,3.45
2022-06-15,1.99,3.2
2022-06-16,2.15,3.14
2022-06-17,2.23,3.17
2022-06-20,2.32,3.17
2022-06-21,2.33,3.21
2022-06-22,2.15,3.06
2022-06-23,1.95,3.01
2022-06-24,1.97,3.04
2022-06-27,2.04,3.08
2022-06-28,2.15,3.1
2022-06-29,2.07,3.06
2022-06-30,1.91,2.92
2022-07-01,1.69,2.84
2022-07-04,1.85,2.84
2022-07-05,1.74,2.82
2022-07-06,1.77,2.97
2022-07-07,1.84,3.03
2022-07-08,1.95,3.12
2022-07-11,1.9,3.07
2022-07-12,1.82,3.03
2022-07-13,1.84,3.13
2022-07-14,1.96,3.15
2022-07-15,1.94,3.13
2022-07-18,2.01,3.15
2022-07-19,2.08,3.23
2022-07-20,2.09,3.25
2022-07-21,2.0,3.1
2022-07-22,1.87,2.98
2022-07-25,1.86,3.0
2022-07-26,1.83,3.02
2022-07-27,1.86,2.96
2022-07-28,1.7,2.85
2022-07-29,1.73,2.89
2022-08-01,1.67,2.9
2022-08-02,1.74,3.06
2022-08-03,1.88,3.1
2022-08-04,1.86,3.03
2022-08-05,1.98,3.24
2022-08-08,1.88,3.21
2022-08-09,1.94,3.28
2022-08-10,1.92,3.23
2022-08-11,2.0,3.23
2022-08-12,2.04,3.25
2022-08-15,1.99,3.2
2022-08-16,2.12,3.25
2022-08-17,2.34,3.28
2022-08-18,2.36,3.22
2022-08-19,2.45,3.25
2022-08-22,2.54,3.32
2022-08-23,2.62,3.29
2022-08-24,2.86,3.36
2022-08-25,2.74,3.35
2022-08-26,2.76,3.37
2022-08-29,2.76,3.42
2022-08-30,2.88,3.46
2022-08-31,2.97,3.45
2022-09-01,3.04,3.51
2022-09-02,3.03,3.4
2022-09-05,3.12,3.4
2022-09-06,3.09,3.5
2022-09-07,2.96,3.45
2022-09-08,3.04,3.48
2022-09-09,3.04,3.56
2022-09-12,2.98,3.58
2022-09-13,3.08,3.75
2022-09-14,3.06,3.78
2022-09-15,3.08,3.87
2022-09-16,3.13,3.85
2022-09-19,3.13,3.95
2022-09-20,3.3,3.96
2022-09-21,3.38,4.02
2022-09-22,3.52,4.11
2022-09-23,3.97,4.2
2022-09-26,4.41,4.27
2022-09-27,4.53,4.3
2022-09-28,4.28,4.07
2022-09-29,4.36,4.16
2022-09-30,4.32,4.22
2022-10-03,4.11,4.12
2022-10-04,4.0,4.1
2022-10-05,4.09,4.15
2022-10-06,4.21,4.23
2022-10-07,4.24,4.3
2022-10-10,4.45,4.3
2022-10-11,4.31,4.3
2022-10-12,4.15,4.28
2022-10-13,3.93,4.47
2022-10-14,3.95,4.48
2022-10-17,3.62,4.45
2022-10-18,3.55,4.43
2022-10-19,3.52,4.55
2022-10-20,3.55,4.62
2022-10-21,3.76,4.49
2022-10-24,3.46,4.5
2022-10-25,3.39,4.42
2022-10-26,3.33,4.39
2022-10-27,3.21,4.3
2022-10-28,3.24,4.41
2022-10-31,3.34,4.51
2022-11-01,3.2,4.54
2022-11-02,3.08,4.61
2022-11-03,3.09,4.71
2022-11-04,3.1,4.66
2022-11-07,3.24,4.72
2022-11-08,3.27,4.67
2022-11-09,3.24,4.61
2022-11-10,3.1,4.34
2022-11-11,3.17,4.34
2022-11-14,3.16,4.4
2022-11-15,3.14,4.37
2022-11-16,3.03,4.35
2022-11-17,3.12,4.43
2022-11-18,3.19,4.51
2022-11-21,3.19,4.48
2022-11-22,3.15,4.47
2022-11-23,3.12,4.46
2022-11-24,3.16,4.46
2022-11-25,3.26,4.42
2022-11-28,3.24,4.46
2022-11-29,3.21,4.48
2022-11-30,3.28,4.38
2022-12-01,3.26,4.25
2022-12-02,3.33,4.28
2022-12-05,3.29,4.41
2022-12-06,3.26,4.34
2022-12-07,3.24,4.26
2022-12-08,3.27,4.31
2022-12-09,3.35,4.33
2022-12-12,3.42,4.39
2022-12-13,3.44,4.22
2022-12-14,3.4,4.23
2022-12-15,3.32,4.23
2022-12-16,3.44,4.17
2022-12-19,3.56,4.25
2022-12-20,3.64,4.25
2022-12-21,3.6,4.21
2022-12-22,3.6,4.24
2022-12-23,3.62,4.31
2022-12-26,3.62,4.31
2022-12-27,3.62,4.32
2022-12-28,3.62,4.31
2022-12-29,3.62,4.34
2022-12-30,3.58,4.41
2023-01-02,3.58,4.41
2023-01-03,3.58,4.4
2023-01-04,3.46,4.36
2023-01-05,3.51,4.45
2023-01-06,3.41,4.24
2023-01-09,3.43,4.19
2023-01-10,3.43,4.24
2023-01-11,3.4,4.2
2023-01-12,3.33,4.12
2023-01-13,3.36,4.22
2023-01-16,3.39,4.22
2023-01-17,3.36,4.18
2023-01-18,3.36,4.06
2023-01-19,3.37,4.09
2023-01-20,3.35,4.14
2023-01-23,3.34,4.21
2023-01-24,3.26,4.12
2023-01-25,3.26,4.11
2023-01-26,3.28,4.17
2023-01-27,3.31,4.19
2023-01-30,3.29,4.25
2023-01-31,3.29,4.21
2023-02-01,3.29,4.09
2023-02-02,2.99,4.09
2023-02-03,3.04,4.3
2023-02-06,3.23,4.44
2023-02-07,3.28,4.47
2023-02-08,3.26,4.45
2023-02-09,3.31,4.48
2023-02-10,3.42,4.5
2023-02-13,3.45,4.52
2023-02-14,3.6,4.6
2023-02-15,3.52,4.62
2023-02-16,3.53,4.62
2023-02-17,3.56,4.6
2023-02-20,3.5,4.6
2023-02-21,3.67,4.67
2023-02-22,3.66,4.66
2023-02-23,3.68,4.66
2023-02-24,3.77,4.78
2023-02-27,3.82,4.78
2023-02-28,3.86,4.81
2023-03-01,3.86,4.89
2023-03-02,3.87,4.89
2023-03-03,3.89,4.86
2023-03-06,3.93,4.89
2023-03-07,3.96,5.0
2023-03-08,3.94,5.05
2023-03-09,3.98,4.9
2023-03-10,3.78,4.6
2023-03-13,3.56,4.03
2023-03-14,3.68,4.2
2023-03-15,3.49,3.93
2023-03-16,3.52,4.14
2023-03-17,3.4,3.81
2023-03-20,3.4,3.92
2023-03-21,3.47,4.17
2023-03-22,3.72,3.96
2023-03-23,3.51,3.76
2023-03-24,3.44,3.76
2023-03-27,3.55,3.94
2023-03-28,3.59,4.02
2023-03-29,3.63,4.08
2023-03-30,3.69,4.1
2023-03-31,3.71,4.06
2023-04-03,3.6,3.97
2023-04-04,3.58,3.84
2023-04-05,3.58,3.79
2023-04-06,3.6,3.82
2023-04-07,3.6,3.97
2023-04-10,3.6,4.0
2023-04-11,3.72,4.03
2023-04-12,3.75,3.95
2023-04-13,3.74,3.96
2023-04-14,3.84,4.08
2023-04-17,3.86,4.18
2023-04-18,3.93,4.19
2023-04-19,4.06,4.24
2023-04-20,3.98,4.14
2023-04-21,3.99,4.17
2023-04-24,4.0,4.12
2023-04-25,3.92,3.86
2023-04-26,3.91,3.9
2023-04-27,3.97,4.07
2023-04-28,3.95,4.04
2023-05-01,3.95,4.14
2023-05-02,3.91,3.97
2023-05-03,3.94,3.89
2023-05-04,3.88,3.75
2023-05-05,3.94,3.92
2023-05-08,3.94,4.0
2023-05-09,4.01,4.01
2023-05-10,3.99,3.9
2023-05-11,3.91,3.89
2023-05-12,3.96,3.98
2023-05-15,3.99,3.99
2023-05-16,3.97,4.06
2023-05-17,4.01,4.12
2023-05-18,4.11,4.24
2023-05-19,4.13,4.28
2023-05-22,4.19,4.29
2023-05-23,4.29,4.26
2023-05-24,4.49,4.31
2023-05-25,4.67,4.5
2023-05-26,4.65,4.54
2023-05-29,4.65,4.54
2023-05-30,4.58,4.46
2023-05-31,4.47,4.4
2023-06-01,4.44,4.33
2023-06-02,4.49,4.5
2023-06-05,4.58,4.46
2023-06-06,4.61,4.51
2023-06-07,4.67,4.56
2023-06-08,4.64,4.52
2023-06-09,4.65,4.59
2023-06-12,4.74,4.55
2023-06-13,4.97,4.67
2023-06-14,4.92,4.74
2023-06-15,4.96,4.62
2023-06-16,4.98,4.7
2023-06-19,5.11,4.7
2023-06-20,4.97,4.68
2023-06-21,5.07,4.68
2023-06-22,5.1,4.77
2023-06-23,5.18,4.71
2023-06-26,5.16,4.65
2023-06-27,5.28,4.74
2023-06-28,5.17,4.71
2023-06-29,5.21,4.87
2023-06-30,5.26,4.87
2023-07-03,5.31,4.94
2023-07-04,5.28,4.94
2023-07-05,5.34,4.94
2023-07-06,5.45,4.99
2023-07-07,5.35,4.94
2023-07-10,5.33,4.85
2023-07-11,5.36,4.88
2023-07-12,5.2,4.72
2023-07-13,5.12,4.59
2023-07-14,5.14,4.74
2023-07-17,5.12,4.74
2023-07-18,5.03,4.74
2023-07-19,4.82,4.74
2023-07-20,4.91,4.8
2023-07-21,4.87,4.82
2023-07-24,4.86,4.81
2023-07-25,4.9,4.85
2023-07-26,4.97,4.82
2023-07-27,4.96,4.91
2023-07-28,4.91,4.87
2023-07-31,4.91,4.88
2023-08-01,4.97,4.92
2023-08-02,4.92,4.88
2023-08-03,4.89,4.9
2023-08-04,4.82,4.78
2023-08-07,4.87,4.76
2023-08-08,4.87,4.74
2023-08-09,4.87,4.79
2023-08-10,4.84,4.82
2023-08-11,4.96,4.89
2023-08-14,5.0,4.96
2023-08-15,5.06,4.92
2023-08-16,5.09,4.97
2023-08-17,5.17,4.94
2023-08-18,5.13,4.92
2023-08-21,5.16,4.97
2023-08-22,5.1,5.02
2023-08-23,4.91,4.95
2023-08-24,4.9,4.98
2023-08-25,4.96,5.03
2023-08-28,4.96,4.98
2023-08-29,4.92,4.87
2023-08-30,4.89,4.9
2023-08-31,4.8,4.85
2023-09-01,4.81,4.87
2023-09-04,4.86,4.87
2023-09-05,4.91,4.94
2023-09-06,4.91,5.01
2023-09-07,4.82,4.94
2023-09-08,4.74,4.98
2023-09-11,4.79,4.97
2023-09-12,4.73,4.98
2023-09-13,4.68,4.96
2023-09-14,4.63,5.0
2023-09-15,4.68,5.02
2023-09-18,4.72,5.05
2023-09-19,4.69,5.08
2023-09-20,4.54,5.12
2023-09-21,4.53,5.12
2023-09-22,4.5,5.1
2023-09-25,4.5,5.09
2023-09-26,4.5,5.04
2023-09-27,4.56,5.1
2023-09-28,4.69,5.04
2023-09-29,4.59,5.03
2023-10-02,4.67,5.12
2023-10-03,4.68,5.15
2023-10-04,4.67,5.05
2023-10-05,4.59,5.03
2023-10-06,4.61,5.08
2023-10-09,4.55,5.08
2023-10-10,4.51,4.96
2023-10-11,4.5,4.99
2023-10-12,4.57,5.06
2023-10-13,4.57,5.04
2023-10-16,4.63,5.09
2023-10-17,4.62,5.19
2023-10-18,4.74,5.19
2023-10-19,4.73,5.14
2023-10-20,4.64,5.07
2023-10-23,4.61,5.05
2023-10-24,4.57,5.02
2023-10-25,4.61,5.08
2023-10-26,4.58,5.02
2023-10-27,4.51,4.99
2023-10-30,4.54,5.03
2023-10-31,4.53,5.07
2023-11-01,4.53,4.95
2023-11-02,4.49,4.98
2023-11-03,4.43,4.83
2023-11-06,4.47,4.93
2023-11-07,4.4,4.91
2023-11-08,4.39,4.93
2023-11-09,4.4,5.03
2023-11-10,4.44,5.04
2023-11-13,4.46,5.02
2023-11-14,4.34,4.8
2023-11-15,4.36,4.9
2023-11-16,4.28,4.83
2023-11-17,4.32,4.88
2023-11-20,4.31,4.89
2023-11-21,4.33,4.86
2023-11-22,4.4,4.89
2023-11-23,4.49,4.89
2023-11-24,4.51,4.92
2023-11-27,4.43,4.84
2023-11-28,4.4,4.73
2023-11-29,4.32,4.64
2023-11-30,4.37,4.73
2023-12-01,4.32,4.56
2023-12-04,4.37,4.64
2023-12-05,4.27,4.57
2023-12-06,4.26,4.6
2023-12-07,4.28,4.58
2023-12-08,4.33,4.71
2023-12-11,4.39,4.71
2023-12-12,4.3,4.73
2023-12-13,4.16,4.46
2023-12-14,4.09,4.37
2023-12-15,4.05,4.44
2023-12-18,4.07,4.43
2023-12-19,4.02,4.41
2023-12-20,3.86,4.34
2023-12-21,3.81,4.33
2023-12-22,3.77,4.31
2023-12-25,3.77,4.31
2023-12-26,3.77,4.26
2023-12-27,3.73,4.2
2023-12-28,3.73,4.26
2023-12-29,3.73,4.23
2024-01-01,3.73,4.23
2024-01-02,3.8,4.33
2024-01-03,3.87,4.33
2024-01-04,3.92,4.38
2024-01-05,3.96,4.4
2024-01-08,3.97,4.36
2024-01-09,3.98,4.36
2024-01-10,3.97,4.37
2024-01-11,3.99,4.26
2024-01-12,3.91,4.14
2024-01-15,3.92,4.14
2024-01-16,3.92,4.22
2024-01-17,4.12,4.34
2024-01-18,4.07,4.34
2024-01-19,4.06,4.39
2024-01-22,4.06,4.37
2024-01-23,4.15,4.31
2024-01-24,4.18,4.34
2024-01-25,4.15,4.28
2024-01-26,4.12,4.34
2024-01-29,4.07,4.29
2024-01-30,4.12,4.36
2024-01-31,3.99,4.27
2024-02-01,3.96,4.2
2024-02-02,4.17,4.36
2024-02-05,4.28,4.46
2024-02-06,4.2,4.39
2024-02-07,4.19,4.41
2024-02-08,4.28,4.46
2024-02-09,4.34,4.48
2024-02-12,4.3,4.46
2024-02-13,4.41,4.64
2024-02-14,4.32,4.56
2024-02-15,4.3,4.56
2024-02-16,4.36,4.64
2024-02-19,4.36,4.64
2024-02-20,4.29,4.59
2024-02-21,4.34,4.64
2024-02-22,4.33,4.69
2024-02-23,4.28,4.67
2024-02-26,4.32,4.69
2024-02-27,4.36,4.7
2024-02-28,4.38,4.64
2024-02-29,4.32,4.64
2024-03-01,4.3,4.54
2024-03-04,4.36,4.61
2024-03-05,4.31,4.54
2024-03-06,4.3,4.55
2024-03-07,4.33,4.5
2024-03-08,4.29,4.48
2024-03-11,4.25,4.51
2024-03-12,4.23,4.58
2024-03-13,4.27,4.61
2024-03-14,4.31,4.68
2024-03-15,4.33,4.72
2024-03-18,4.3,4.73
2024-03-19,4.26,4.68
2024-03-20,4.24,4.59
2024-03-21,4.18,4.62
2024-03-22,4.14,4.59
2024-03-25,4.19,4.54
2024-03-26,4.19,4.56
2024-03-27,4.17,4.54
2024-03-28,4.17,4.59
2024-03-29,4.17,4.59
2024-04-01,4.17,4.72
2024-04-02,4.25,4.7
2024-04-03,4.24,4.68
2024-04-04,4.2,4.65
2024-04-05,4.25,4.73
2024-04-08,4.26,4.78
2024-04-09,4.22,4.74
2024-04-10,4.35,4.97
2024-04-11,4.43,4.93
2024-04-12,4.36,4.88
2024-04-15,4.43,4.93
2024-04-16,4.49,4.97
2024-04-17,4.5,4.93
2024-04-18,4.48,4.98
2024-04-19,4.42,4.97
2024-04-22,4.34,4.97
2024-04-23,4.39,4.86
2024-04-24,4.47,4.89
2024-04-25,4.51,4.96
2024-04-26,4.5,4.96
2024-04-29,4.47,4.97
2024-04-30,4.53,5.04
2024-05-01,4.54,4.96
2024-05-02,4.47,4.87
2024-05-03,4.4,4.81
2024-05-06,4.4,4.82
2024-05-07,4.34,4.82
2024-05-08,4.33,4.84
2024-05-09,4.3,4.8
2024-05-10,4.33,4.87
2024-05-13,4.34,4.85
2024-05-14,4.34,4.81
2024-05-15,4.26,4.73
2024-05-16,4.27,4.78
2024-05-17,4.32,4.83
2024-05-20,4.35,4.82
2024-05-21,4.33,4.82
2024-05-22,4.46,4.86
2024-05-23,4.52,4.91
2024-05-24,4.51,4.93
2024-05-27,4.51,4.93
2024-05-28,4.51,4.94
2024-05-29,4.58,4.96
2024-05-30,4.52,4.92
2024-05-31,4.47,4.89
2024-06-03,4.43,4.82
2024-06-04,4.42,4.77
2024-06-05,4.43,4.72
2024-06-06,4.39,4.72
2024-06-07,4.45,4.87
2024-06-10,4.48,4.87
2024-06-11,4.43,4.81
2024-06-12,4.33,4.75
2024-06-13,4.35,4.68
2024-06-14,4.28,4.67
2024-06-17,4.32,4.75
2024-06-18,4.27,4.69
2024-06-19,4.29,4.69
2024-06-20,4.24,4.7
2024-06-21,4.25,4.7
2024-06-24,4.27,4.71
2024-06-25,4.27,4.65
2024-06-26,4.33,4.71
2024-06-27,4.32,4.7
2024-06-28,4.33,4.71
2024-07-01,4.36,4.77
2024-07-02,4.36,4.74
2024-07-03,4.31,4.71
2024-07-04,4.34,4.71
2024-07-05,4.28,4.6
2024-07-08,4.27,4.62
2024-07-09,4.29,4.62
2024-07-10,4.28,4.62
2024-07-11,4.22,4.5
2024-07-12,4.23,4.45
2024-07-15,4.21,4.44
2024-07-16,4.18,4.43
2024-07-17,4.21,4.42
2024-07-18,4.16,4.46
2024-07-19,4.19,4.49
2024-07-22,4.23,4.5
2024-07-23,4.22,4.4
2024-07-24,4.17,4.37
2024-07-25,4.14,4.41
2024-07-26,4.12,4.36
2024-07-29,4.08,4.36
2024-07-30,4.07,4.35
2024-07-31,4.02,4.29
2024-08-01,3.92,4.16
2024-08-02,3.85,3.88
2024-08-05,3.84,3.89
2024-08-06,3.89,3.99
2024-08-07,3.91,4.0
2024-08-08,3.9,4.04
2024-08-09,3.9,4.05
2024-08-12,3.9,4.01
2024-08-13,3.85,3.93
2024-08-14,3.81,3.94
2024-08-15,3.91,4.08
2024-08-16,3.94,4.06
2024-08-19,3.97,4.06
2024-08-20,3.95,3.99
2024-08-21,3.93,3.92
2024-08-22,3.98,3.99
2024-08-23,3.93,3.9
2024-08-26,3.93,3.91
2024-08-27,3.97,3.83
2024-08-28,3.97,3.83
2024-08-29,3.98,3.87
2024-08-30,3.96,3.91
2024-09-02,3.97,3.91
2024-09-03,3.94,3.88
2024-09-04,3.89,3.76
2024-09-05,3.87,3.75
2024-09-06,3.82,3.66
2024-09-09,3.76,3.68
2024-09-10,3.75,3.59
2024-09-11,3.66,3.62
2024-09-12,3.7,3.64
2024-09-13,3.68,3.57
2024-09-16,3.66,3.56
2024-09-17,3.7,3.59
2024-09-18,3.77,3.61
2024-09-19,3.79,3.59
2024-09-20,3.8,3.55
2024-09-23,3.8,3.57
2024-09-24,3.78,3.49
2024-09-25,3.82,3.53
2024-09-26,3.79,3.6
2024-09-27,3.8,3.55
2024-09-30,3.85,3.66
2024-10-01,3.82,3.61
2024-10-02,3.87,3.63
2024-10-03,3.81,3.7
2024-10-04,3.96,3.93
2024-10-07,4.03,3.99
2024-10-08,4.0,3.98
2024-10-09,4.0,3.99
2024-10-10,4.0,3.98
2024-10-11,3.98,3.95
2024-10-14,3.97,3.95
2024-10-15,3.92,3.95
2024-10-16,3.8,3.93
2024-10-17,3.83,3.96
2024-10-18,3.8,3.95
2024-10-21,3.84,4.02
2024-10-22,3.86,4.03
2024-10-23,3.88,4.07
2024-10-24,3.91,4.07
2024-10-25,3.94,4.11
2024-10-28,4.0,4.12
2024-10-29,4.05,4.11
2024-10-30,4.12,4.15
2024-10-31,4.24,4.16
2024-11-01,4.25,4.21
2024-11-04,4.24,4.17
2024-11-05,4.31,4.19
2024-11-06,4.31,4.27
2024-11-07,4.25,4.21
2024-11-08,4.23,4.26
2024-11-11,4.22,4.26
2024-11-12,4.27,4.34
2024-11-13,4.28,4.27
2024-11-14,4.22,4.34
2024-11-15,4.2,4.31
2024-11-18,4.22,4.29
2024-11-19,4.21,4.27
2024-11-20,4.22,4.31
2024-11-21,4.2,4.34
2024-11-22,4.16,4.37
2024-11-25,4.14,4.21
2024-11-26,4.15,4.21
2024-11-27,4.15,4.19
2024-11-28,4.11,4.19
2024-11-29,4.07,4.13
2024-12-02,4.04,4.17
2024-12-03,4.06,4.17
2024-12-04,4.04,4.13
2024-12-05,4.08,4.15
2024-12-06,4.09,4.1
2024-12-09,4.06,4.13
2024-12-10,4.09,4.15
2024-12-11,4.06,4.15
2024-12-12,4.06,4.18
2024-12-13,4.1,4.25
2024-12-16,4.14,4.25
2024-12-17,4.25,4.25
2024-12-18,4.26,4.35
2024-12-19,4.23,4.32
2024-12-20,4.17,4.3
2024-12-23,4.21,4.3
2024-12-24,4.24,4.29
2024-12-25,4.24,4.29
2024-12-26,4.24,4.3
2024-12-27,4.26,4.31
2024-12-30,4.23,4.24
2024-12-31,4.2,4.25
2025-01-01,4.2,4.25
2025-01-02,4.2,4.25
2025-01-03,4.22,4.28
2025-01-06,4.24,4.28
2025-01-07,4.26,4.3
2025-01-08,4.31,4.28
2025-01-09,4.3,4.27
2025-01-10,4.33,4.4
2025-01-13,4.38,4.4
2025-01-14,4.39,4.37
2025-01-15,4.25,4.27
2025-01-16,4.18,4.23
2025-01-17,4.17,4.27
2025-01-20,4.19,4.27
2025-01-21,4.15,4.29
2025-01-22,4.15,4.29
2025-01-23,4.13,4.29
2025-01-24,4.14,4.27
2025-01-27,4.1,4.17
2025-01-28,4.13,4.19
2025-01-29,4.13,4.21
2025-01-30,4.06,4.18
2025-01-31,4.01,4.22
2025-02-03,3.95,4.26
2025-02-04,3.99,4.21
2025-02-05,3.95,4.17
2025-02-06,3.94,4.21
2025-02-07,3.96,4.29
2025-02-10,3.93,4.28
2025-02-11,3.98,4.29
2025-02-12,4.0,4.36
2025-02-13,3.97,4.31
2025-02-14,3.99,4.26
2025-02-17,3.99,4.26
2025-02-18,4.03,4.29
2025-02-19,4.06,4.28
2025-02-20,4.06,4.28
2025-02-21,4.03,4.19
2025-02-24,4.01,4.13
2025-02-25,3.96,4.07
2025-02-26,3.97,4.05
2025-02-27,3.98,4.07
2025-02-28,3.95,3.99
2025-03-03,4.01,3.96
2025-03-04,3.94,3.96
2025-03-05,4.05,3.99
2025-03-06,4.04,3.96
2025-03-07,4.01,3.99
2025-03-10,3.97,3.89
2025-03-11,3.96,3.94
2025-03-12,4.01,4.01
2025-03-13,3.99,3.94
2025-03-14,3.97,4.02
2025-03-17,3.97,4.06
2025-03-18,3.99,4.04
2025-03-19,3.99,3.99
2025-03-20,4.04,3.95
2025-03-21,4.04,3.94
2025-03-24,4.05,4.04
2025-03-25,4.08,3.96
2025-03-26,4.06,3.98
2025-03-27,4.06,3.97
2025-03-28,4.0,3.89
2025-03-31,3.99,3.89
2025-04-01,3.97,3.87
2025-04-02,3.96,3.91
2025-04-03,3.8,3.71
2025-04-04,3.74,3.68
2025-04-07,3.79,3.73
2025-04-08,3.76,3.71
2025-04-09,3.74,3.91
2025-04-10,3.7,3.84
2025-04-11,3.83,3.96
2025-04-14,3.8,3.84
2025-04-15,3.74,3.84
2025-04-16,3.75,3.77
2025-04-17,3.7,3.81
2025-04-18,3.7,3.81
2025-04-21,3.7,3.75
2025-04-22,3.63,3.76
2025-04-23,3.71,3.81
2025-04-24,3.66,3.77
2025-04-25,3.66,3.74
2025-04-28,3.65,3.67
2025-04-29,3.63,3.65
2025-04-30,3.6,3.6
2025-05-01,3.59,3.7
2025-05-02,3.62,3.83
2025-05-05,3.62,3.83
2025-05-06,3.62,3.78
2025-05-07,3.59,3.78
2025-05-08,3.69,3.9
2025-05-09,3.7,3.88
2025-05-12,3.79,3.98
2025-05-13,3.77,4.02
2025-05-14,3.83,4.05
2025-05-15,3.79,3.96
2025-05-16,3.8,3.98
2025-05-19,3.8,3.97
2025-05-20,3.84,3.97
2025-05-21,3.88,4.0
2025-05-22,3.85,4.0
2025-05-23,3.81,4.0
2025-05-26,3.81,4.0
2025-05-27,3.84,3.92
2025-05-28,3.87,3.96
2025-05-29,3.82,3.92
2025-05-30,3.85,3.89
2025-06-02,3.82,3.94
2025-06-03,3.82,3.96
2025-06-04,3.84,3.87
2025-06-05,3.84,3.92
2025-06-06,3.83,4.04
2025-06-09,3.83,4.01
2025-06-10,3.75,4.01
2025-06-11,3.74,3.94
2025-06-12,3.7,3.9
2025-06-13,3.77,3.96
2025-06-16,3.73,3.97
2025-06-17,3.75,3.94
2025-06-18,3.73,3.94
2025-06-19,3.74,3.94
2025-06-20,3.75,3.9
2025-06-23,3.73,3.84
2025-06-24,3.69,3.75
2025-06-25,3.7,3.74
2025-06-26,3.67,3.7
2025-06-27,3.69,3.73
2025-06-30,3.67,3.72
2025-07-01,3.66,3.78
2025-07-02,3.71,3.78
2025-07-03,3.68,3.88
2025-07-04,3.7,3.88
2025-07-07,3.71,3.9
2025-07-08,3.72,3.9
2025-07-09,3.72,3.86
2025-07-10,3.71,3.86
2025-07-11,3.72,3.9
2025-07-14,3.67,3.9
2025-07-15,3.7,3.95
2025-07-16,3.73,3.88
2025-07-17,3.75,3.91
2025-07-18,3.77,3.88
2025-07-21,3.72,3.85
2025-07-22,3.69,3.83
2025-07-23,3.7,3.88
2025-07-24,3.71,3.91
2025-07-25,3.74,3.91
2025-07-28,3.75,3.91
2025-07-29,3.73,3.86
2025-07-30,3.72,3.94
2025-07-31,3.7,3.94
2025-08-01,3.66,3.69
2025-08-04,3.65,3.69
2025-08-05,3.65,3.72
2025-08-06,3.66,3.69
2025-08-07,3.72,3.72
2025-08-08,3.74,3.76
2025-08-11,3.7,3.76
2025-08-12,3.74,3.72
2025-08-13,3.7,3.67
2025-08-14,3.75,3.74
2025-08-15,3.76,3.75
2025-08-18,3.81,3.77
2025-08-19,3.82,3.75
2025-08-20,3.77,3.74
2025-08-21,3.82,3.79
2025-08-22,3.78,3.68
2025-08-25,3.78,3.73
2025-08-26,3.82,3.61
2025-08-27,3.8,3.59
2025-08-28,3.78,3.62
2025-08-29,3.79,3.59
